feature,family,stage
lag00__relative_x,history_lags,research
lag01__relative_x,history_lags,research
lag02__relative_x,history_lags,research
lag03__relative_x,history_lags,research
lag04__relative_x,history_lags,research
lag05__relative_x,history_lags,research
lag06__relative_x,history_lags,research
lag07__relative_x,history_lags,research
lag08__relative_x,history_lags,research
lag09__relative_x,history_lags,research
lag10__relative_x,history_lags,research
lag11__relative_x,history_lags,research
lag12__relative_x,history_lags,research
lag13__relative_x,history_lags,research
lag14__relative_x,history_lags,research
lag15__relative_x,history_lags,research
lag16__relative_x,history_lags,research
lag17__relative_x,history_lags,research
lag18__relative_x,history_lags,research
lag19__relative_x,history_lags,research
w03__relative_x__mean,history_summaries,research
w03__relative_x__std,history_summaries,research
w03__relative_x__min,history_summaries,research
w03__relative_x__max,history_summaries,research
w03__relative_x__rms,history_summaries,research
w03__relative_x__slope,history_summaries,research
w03__relative_x__change,history_summaries,research
w03__relative_x__ewmean,history_summaries,research
w05__relative_x__mean,history_summaries,research
w05__relative_x__std,history_summaries,research
w05__relative_x__min,history_summaries,research
w05__relative_x__max,history_summaries,research
w05__relative_x__rms,history_summaries,research
w05__relative_x__slope,history_summaries,research
w05__relative_x__change,history_summaries,research
w05__relative_x__ewmean,history_summaries,research
w08__relative_x__mean,history_summaries,research
w08__relative_x__std,history_summaries,research
w08__relative_x__min,history_summaries,research
w08__relative_x__max,history_summaries,research
w08__relative_x__rms,history_summaries,research
w08__relative_x__slope,history_summaries,research
w08__relative_x__change,history_summaries,research
w08__relative_x__ewmean,history_summaries,research
w12__relative_x__mean,history_summaries,research
w12__relative_x__std,history_summaries,research
w12__relative_x__min,history_summaries,research
w12__relative_x__max,history_summaries,research
w12__relative_x__rms,history_summaries,research
w12__relative_x__slope,history_summaries,research
w12__relative_x__change,history_summaries,research
w12__relative_x__ewmean,history_summaries,research
w20__relative_x__mean,history_summaries,research
w20__relative_x__std,history_summaries,research
w20__relative_x__min,history_summaries,research
w20__relative_x__max,history_summaries,research
w20__relative_x__rms,history_summaries,research
w20__relative_x__slope,history_summaries,research
w20__relative_x__change,history_summaries,research
w20__relative_x__ewmean,history_summaries,research
w30__relative_x__mean,history_summaries,research
w30__relative_x__std,history_summaries,research
w30__relative_x__min,history_summaries,research
w30__relative_x__max,history_summaries,research
w30__relative_x__rms,history_summaries,research
w30__relative_x__slope,history_summaries,research
w30__relative_x__change,history_summaries,research
w30__relative_x__ewmean,history_summaries,research
w40__relative_x__mean,history_summaries,research
w40__relative_x__std,history_summaries,research
w40__relative_x__min,history_summaries,research
w40__relative_x__max,history_summaries,research
w40__relative_x__rms,history_summaries,research
w40__relative_x__slope,history_summaries,research
w40__relative_x__change,history_summaries,research
w40__relative_x__ewmean,history_summaries,research
lag00__relative_y,history_lags,research
lag01__relative_y,history_lags,research
lag02__relative_y,history_lags,research
lag03__relative_y,history_lags,research
lag04__relative_y,history_lags,research
lag05__relative_y,history_lags,research
lag06__relative_y,history_lags,research
lag07__relative_y,history_lags,research
lag08__relative_y,history_lags,research
lag09__relative_y,history_lags,research
lag10__relative_y,history_lags,research
lag11__relative_y,history_lags,research
lag12__relative_y,history_lags,research
lag13__relative_y,history_lags,research
lag14__relative_y,history_lags,research
lag15__relative_y,history_lags,research
lag16__relative_y,history_lags,research
lag17__relative_y,history_lags,research
lag18__relative_y,history_lags,research
lag19__relative_y,history_lags,research
w03__relative_y__mean,history_summaries,research
w03__relative_y__std,history_summaries,research
w03__relative_y__min,history_summaries,research
w03__relative_y__max,history_summaries,research
w03__relative_y__rms,history_summaries,research
w03__relative_y__slope,history_summaries,research
w03__relative_y__change,history_summaries,research
w03__relative_y__ewmean,history_summaries,research
w05__relative_y__mean,history_summaries,research
w05__relative_y__std,history_summaries,research
w05__relative_y__min,history_summaries,research
w05__relative_y__max,history_summaries,research
w05__relative_y__rms,history_summaries,research
w05__relative_y__slope,history_summaries,research
w05__relative_y__change,history_summaries,research
w05__relative_y__ewmean,history_summaries,research
w08__relative_y__mean,history_summaries,research
w08__relative_y__std,history_summaries,research
w08__relative_y__min,history_summaries,research
w08__relative_y__max,history_summaries,research
w08__relative_y__rms,history_summaries,research
w08__relative_y__slope,history_summaries,research
w08__relative_y__change,history_summaries,research
w08__relative_y__ewmean,history_summaries,research
w12__relative_y__mean,history_summaries,research
w12__relative_y__std,history_summaries,research
w12__relative_y__min,history_summaries,research
w12__relative_y__max,history_summaries,research
w12__relative_y__rms,history_summaries,research
w12__relative_y__slope,history_summaries,research
w12__relative_y__change,history_summaries,research
w12__relative_y__ewmean,history_summaries,research
w20__relative_y__mean,history_summaries,research
w20__relative_y__std,history_summaries,research
w20__relative_y__min,history_summaries,research
w20__relative_y__max,history_summaries,research
w20__relative_y__rms,history_summaries,research
w20__relative_y__slope,history_summaries,research
w20__relative_y__change,history_summaries,research
w20__relative_y__ewmean,history_summaries,research
w30__relative_y__mean,history_summaries,research
w30__relative_y__std,history_summaries,research
w30__relative_y__min,history_summaries,research
w30__relative_y__max,history_summaries,research
w30__relative_y__rms,history_summaries,research
w30__relative_y__slope,history_summaries,research
w30__relative_y__change,history_summaries,research
w30__relative_y__ewmean,history_summaries,research
w40__relative_y__mean,history_summaries,research
w40__relative_y__std,history_summaries,research
w40__relative_y__min,history_summaries,research
w40__relative_y__max,history_summaries,research
w40__relative_y__rms,history_summaries,research
w40__relative_y__slope,history_summaries,research
w40__relative_y__change,history_summaries,research
w40__relative_y__ewmean,history_summaries,research
lag00__vx,history_lags,research
lag01__vx,history_lags,research
lag02__vx,history_lags,research
lag03__vx,history_lags,research
lag04__vx,history_lags,research
lag05__vx,history_lags,research
lag06__vx,history_lags,research
lag07__vx,history_lags,research
lag08__vx,history_lags,research
lag09__vx,history_lags,research
lag10__vx,history_lags,research
lag11__vx,history_lags,research
lag12__vx,history_lags,research
lag13__vx,history_lags,research
lag14__vx,history_lags,research
lag15__vx,history_lags,research
lag16__vx,history_lags,research
lag17__vx,history_lags,research
lag18__vx,history_lags,research
lag19__vx,history_lags,research
w03__vx__mean,history_summaries,research
w03__vx__std,history_summaries,research
w03__vx__min,history_summaries,research
w03__vx__max,history_summaries,research
w03__vx__rms,history_summaries,research
w03__vx__slope,history_summaries,research
w03__vx__change,history_summaries,research
w03__vx__ewmean,history_summaries,research
w05__vx__mean,history_summaries,research
w05__vx__std,history_summaries,research
w05__vx__min,history_summaries,research
w05__vx__max,history_summaries,research
w05__vx__rms,history_summaries,research
w05__vx__slope,history_summaries,research
w05__vx__change,history_summaries,research
w05__vx__ewmean,history_summaries,research
w08__vx__mean,history_summaries,research
w08__vx__std,history_summaries,research
w08__vx__min,history_summaries,research
w08__vx__max,history_summaries,research
w08__vx__rms,history_summaries,research
w08__vx__slope,history_summaries,research
w08__vx__change,history_summaries,research
w08__vx__ewmean,history_summaries,research
w12__vx__mean,history_summaries,research
w12__vx__std,history_summaries,research
w12__vx__min,history_summaries,research
w12__vx__max,history_summaries,research
w12__vx__rms,history_summaries,research
w12__vx__slope,history_summaries,research
w12__vx__change,history_summaries,research
w12__vx__ewmean,history_summaries,research
w20__vx__mean,history_summaries,research
w20__vx__std,history_summaries,research
w20__vx__min,history_summaries,research
w20__vx__max,history_summaries,research
w20__vx__rms,history_summaries,research
w20__vx__slope,history_summaries,research
w20__vx__change,history_summaries,research
w20__vx__ewmean,history_summaries,research
w30__vx__mean,history_summaries,research
w30__vx__std,history_summaries,research
w30__vx__min,history_summaries,research
w30__vx__max,history_summaries,research
w30__vx__rms,history_summaries,research
w30__vx__slope,history_summaries,research
w30__vx__change,history_summaries,research
w30__vx__ewmean,history_summaries,research
w40__vx__mean,history_summaries,research
w40__vx__std,history_summaries,research
w40__vx__min,history_summaries,research
w40__vx__max,history_summaries,research
w40__vx__rms,history_summaries,research
w40__vx__slope,history_summaries,research
w40__vx__change,history_summaries,research
w40__vx__ewmean,history_summaries,research
lag00__vy,history_lags,research
lag01__vy,history_lags,research
lag02__vy,history_lags,research
lag03__vy,history_lags,research
lag04__vy,history_lags,research
lag05__vy,history_lags,research
lag06__vy,history_lags,research
lag07__vy,history_lags,research
lag08__vy,history_lags,research
lag09__vy,history_lags,research
lag10__vy,history_lags,research
lag11__vy,history_lags,research
lag12__vy,history_lags,research
lag13__vy,history_lags,research
lag14__vy,history_lags,research
lag15__vy,history_lags,research
lag16__vy,history_lags,research
lag17__vy,history_lags,research
lag18__vy,history_lags,research
lag19__vy,history_lags,research
w03__vy__mean,history_summaries,research
w03__vy__std,history_summaries,research
w03__vy__min,history_summaries,research
w03__vy__max,history_summaries,research
w03__vy__rms,history_summaries,research
w03__vy__slope,history_summaries,research
w03__vy__change,history_summaries,research
w03__vy__ewmean,history_summaries,research
w05__vy__mean,history_summaries,research
w05__vy__std,history_summaries,research
w05__vy__min,history_summaries,research
w05__vy__max,history_summaries,research
w05__vy__rms,history_summaries,research
w05__vy__slope,history_summaries,research
w05__vy__change,history_summaries,research
w05__vy__ewmean,history_summaries,research
w08__vy__mean,history_summaries,research
w08__vy__std,history_summaries,research
w08__vy__min,history_summaries,research
w08__vy__max,history_summaries,research
w08__vy__rms,history_summaries,research
w08__vy__slope,history_summaries,research
w08__vy__change,history_summaries,research
w08__vy__ewmean,history_summaries,research
w12__vy__mean,history_summaries,research
w12__vy__std,history_summaries,research
w12__vy__min,history_summaries,research
w12__vy__max,history_summaries,research
w12__vy__rms,history_summaries,research
w12__vy__slope,history_summaries,research
w12__vy__change,history_summaries,research
w12__vy__ewmean,history_summaries,research
w20__vy__mean,history_summaries,research
w20__vy__std,history_summaries,research
w20__vy__min,history_summaries,research
w20__vy__max,history_summaries,research
w20__vy__rms,history_summaries,research
w20__vy__slope,history_summaries,research
w20__vy__change,history_summaries,research
w20__vy__ewmean,history_summaries,research
w30__vy__mean,history_summaries,research
w30__vy__std,history_summaries,research
w30__vy__min,history_summaries,research
w30__vy__max,history_summaries,research
w30__vy__rms,history_summaries,research
w30__vy__slope,history_summaries,research
w30__vy__change,history_summaries,research
w30__vy__ewmean,history_summaries,research
w40__vy__mean,history_summaries,research
w40__vy__std,history_summaries,research
w40__vy__min,history_summaries,research
w40__vy__max,history_summaries,research
w40__vy__rms,history_summaries,research
w40__vy__slope,history_summaries,research
w40__vy__change,history_summaries,research
w40__vy__ewmean,history_summaries,research
lag00__ax,history_lags,research
lag01__ax,history_lags,research
lag02__ax,history_lags,research
lag03__ax,history_lags,research
lag04__ax,history_lags,research
lag05__ax,history_lags,research
lag06__ax,history_lags,research
lag07__ax,history_lags,research
lag08__ax,history_lags,research
lag09__ax,history_lags,research
lag10__ax,history_lags,research
lag11__ax,history_lags,research
lag12__ax,history_lags,research
lag13__ax,history_lags,research
lag14__ax,history_lags,research
lag15__ax,history_lags,research
lag16__ax,history_lags,research
lag17__ax,history_lags,research
lag18__ax,history_lags,research
lag19__ax,history_lags,research
w03__ax__mean,history_summaries,research
w03__ax__std,history_summaries,research
w03__ax__min,history_summaries,research
w03__ax__max,history_summaries,research
w03__ax__rms,history_summaries,research
w03__ax__slope,history_summaries,research
w03__ax__change,history_summaries,research
w03__ax__ewmean,history_summaries,research
w05__ax__mean,history_summaries,research
w05__ax__std,history_summaries,research
w05__ax__min,history_summaries,research
w05__ax__max,history_summaries,research
w05__ax__rms,history_summaries,research
w05__ax__slope,history_summaries,research
w05__ax__change,history_summaries,research
w05__ax__ewmean,history_summaries,research
w08__ax__mean,history_summaries,research
w08__ax__std,history_summaries,research
w08__ax__min,history_summaries,research
w08__ax__max,history_summaries,research
w08__ax__rms,history_summaries,research
w08__ax__slope,history_summaries,research
w08__ax__change,history_summaries,research
w08__ax__ewmean,history_summaries,research
w12__ax__mean,history_summaries,research
w12__ax__std,history_summaries,research
w12__ax__min,history_summaries,research
w12__ax__max,history_summaries,research
w12__ax__rms,history_summaries,research
w12__ax__slope,history_summaries,research
w12__ax__change,history_summaries,research
w12__ax__ewmean,history_summaries,research
w20__ax__mean,history_summaries,research
w20__ax__std,history_summaries,research
w20__ax__min,history_summaries,research
w20__ax__max,history_summaries,research
w20__ax__rms,history_summaries,research
w20__ax__slope,history_summaries,research
w20__ax__change,history_summaries,research
w20__ax__ewmean,history_summaries,research
w30__ax__mean,history_summaries,research
w30__ax__std,history_summaries,research
w30__ax__min,history_summaries,research
w30__ax__max,history_summaries,research
w30__ax__rms,history_summaries,research
w30__ax__slope,history_summaries,research
w30__ax__change,history_summaries,research
w30__ax__ewmean,history_summaries,research
w40__ax__mean,history_summaries,research
w40__ax__std,history_summaries,research
w40__ax__min,history_summaries,research
w40__ax__max,history_summaries,research
w40__ax__rms,history_summaries,research
w40__ax__slope,history_summaries,research
w40__ax__change,history_summaries,research
w40__ax__ewmean,history_summaries,research
lag00__ay,history_lags,research
lag01__ay,history_lags,research
lag02__ay,history_lags,research
lag03__ay,history_lags,research
lag04__ay,history_lags,research
lag05__ay,history_lags,research
lag06__ay,history_lags,research
lag07__ay,history_lags,research
lag08__ay,history_lags,research
lag09__ay,history_lags,research
lag10__ay,history_lags,research
lag11__ay,history_lags,research
lag12__ay,history_lags,research
lag13__ay,history_lags,research
lag14__ay,history_lags,research
lag15__ay,history_lags,research
lag16__ay,history_lags,research
lag17__ay,history_lags,research
lag18__ay,history_lags,research
lag19__ay,history_lags,research
w03__ay__mean,history_summaries,research
w03__ay__std,history_summaries,research
w03__ay__min,history_summaries,research
w03__ay__max,history_summaries,research
w03__ay__rms,history_summaries,research
w03__ay__slope,history_summaries,research
w03__ay__change,history_summaries,research
w03__ay__ewmean,history_summaries,research
w05__ay__mean,history_summaries,research
w05__ay__std,history_summaries,research
w05__ay__min,history_summaries,research
w05__ay__max,history_summaries,research
w05__ay__rms,history_summaries,research
w05__ay__slope,history_summaries,research
w05__ay__change,history_summaries,research
w05__ay__ewmean,history_summaries,research
w08__ay__mean,history_summaries,research
w08__ay__std,history_summaries,research
w08__ay__min,history_summaries,research
w08__ay__max,history_summaries,research
w08__ay__rms,history_summaries,research
w08__ay__slope,history_summaries,research
w08__ay__change,history_summaries,research
w08__ay__ewmean,history_summaries,research
w12__ay__mean,history_summaries,research
w12__ay__std,history_summaries,research
w12__ay__min,history_summaries,research
w12__ay__max,history_summaries,research
w12__ay__rms,history_summaries,research
w12__ay__slope,history_summaries,research
w12__ay__change,history_summaries,research
w12__ay__ewmean,history_summaries,research
w20__ay__mean,history_summaries,research
w20__ay__std,history_summaries,research
w20__ay__min,history_summaries,research
w20__ay__max,history_summaries,research
w20__ay__rms,history_summaries,research
w20__ay__slope,history_summaries,research
w20__ay__change,history_summaries,research
w20__ay__ewmean,history_summaries,research
w30__ay__mean,history_summaries,research
w30__ay__std,history_summaries,research
w30__ay__min,history_summaries,research
w30__ay__max,history_summaries,research
w30__ay__rms,history_summaries,research
w30__ay__slope,history_summaries,research
w30__ay__change,history_summaries,research
w30__ay__ewmean,history_summaries,research
w40__ay__mean,history_summaries,research
w40__ay__std,history_summaries,research
w40__ay__min,history_summaries,research
w40__ay__max,history_summaries,research
w40__ay__rms,history_summaries,research
w40__ay__slope,history_summaries,research
w40__ay__change,history_summaries,research
w40__ay__ewmean,history_summaries,research
lag00__speed,history_lags,research
lag01__speed,history_lags,research
lag02__speed,history_lags,research
lag03__speed,history_lags,research
lag04__speed,history_lags,research
lag05__speed,history_lags,research
lag06__speed,history_lags,research
lag07__speed,history_lags,research
lag08__speed,history_lags,research
lag09__speed,history_lags,research
lag10__speed,history_lags,research
lag11__speed,history_lags,research
lag12__speed,history_lags,research
lag13__speed,history_lags,research
lag14__speed,history_lags,research
lag15__speed,history_lags,research
lag16__speed,history_lags,research
lag17__speed,history_lags,research
lag18__speed,history_lags,research
lag19__speed,history_lags,research
w03__speed__mean,history_summaries,research
w03__speed__std,history_summaries,research
w03__speed__min,history_summaries,research
w03__speed__max,history_summaries,research
w03__speed__rms,history_summaries,research
w03__speed__slope,history_summaries,research
w03__speed__change,history_summaries,research
w03__speed__ewmean,history_summaries,research
w05__speed__mean,history_summaries,research
w05__speed__std,history_summaries,research
w05__speed__min,history_summaries,research
w05__speed__max,history_summaries,research
w05__speed__rms,history_summaries,research
w05__speed__slope,history_summaries,research
w05__speed__change,history_summaries,research
w05__speed__ewmean,history_summaries,research
w08__speed__mean,history_summaries,research
w08__speed__std,history_summaries,research
w08__speed__min,history_summaries,research
w08__speed__max,history_summaries,research
w08__speed__rms,history_summaries,research
w08__speed__slope,history_summaries,research
w08__speed__change,history_summaries,research
w08__speed__ewmean,history_summaries,research
w12__speed__mean,history_summaries,research
w12__speed__std,history_summaries,research
w12__speed__min,history_summaries,research
w12__speed__max,history_summaries,research
w12__speed__rms,history_summaries,research
w12__speed__slope,history_summaries,research
w12__speed__change,history_summaries,research
w12__speed__ewmean,history_summaries,research
w20__speed__mean,history_summaries,research
w20__speed__std,history_summaries,research
w20__speed__min,history_summaries,research
w20__speed__max,history_summaries,research
w20__speed__rms,history_summaries,research
w20__speed__slope,history_summaries,research
w20__speed__change,history_summaries,research
w20__speed__ewmean,history_summaries,research
w30__speed__mean,history_summaries,research
w30__speed__std,history_summaries,research
w30__speed__min,history_summaries,research
w30__speed__max,history_summaries,research
w30__speed__rms,history_summaries,research
w30__speed__slope,history_summaries,research
w30__speed__change,history_summaries,research
w30__speed__ewmean,history_summaries,research
w40__speed__mean,history_summaries,research
w40__speed__std,history_summaries,research
w40__speed__min,history_summaries,research
w40__speed__max,history_summaries,research
w40__speed__rms,history_summaries,research
w40__speed__slope,history_summaries,research
w40__speed__change,history_summaries,research
w40__speed__ewmean,history_summaries,research
lag00__acceleration,history_lags,research
lag01__acceleration,history_lags,research
lag02__acceleration,history_lags,research
lag03__acceleration,history_lags,research
lag04__acceleration,history_lags,research
lag05__acceleration,history_lags,research
lag06__acceleration,history_lags,research
lag07__acceleration,history_lags,research
lag08__acceleration,history_lags,research
lag09__acceleration,history_lags,research
lag10__acceleration,history_lags,research
lag11__acceleration,history_lags,research
lag12__acceleration,history_lags,research
lag13__acceleration,history_lags,research
lag14__acceleration,history_lags,research
lag15__acceleration,history_lags,research
lag16__acceleration,history_lags,research
lag17__acceleration,history_lags,research
lag18__acceleration,history_lags,research
lag19__acceleration,history_lags,research
w03__acceleration__mean,history_summaries,research
w03__acceleration__std,history_summaries,research
w03__acceleration__min,history_summaries,research
w03__acceleration__max,history_summaries,research
w03__acceleration__rms,history_summaries,research
w03__acceleration__slope,history_summaries,research
w03__acceleration__change,history_summaries,research
w03__acceleration__ewmean,history_summaries,research
w05__acceleration__mean,history_summaries,research
w05__acceleration__std,history_summaries,research
w05__acceleration__min,history_summaries,research
w05__acceleration__max,history_summaries,research
w05__acceleration__rms,history_summaries,research
w05__acceleration__slope,history_summaries,research
w05__acceleration__change,history_summaries,research
w05__acceleration__ewmean,history_summaries,research
w08__acceleration__mean,history_summaries,research
w08__acceleration__std,history_summaries,research
w08__acceleration__min,history_summaries,research
w08__acceleration__max,history_summaries,research
w08__acceleration__rms,history_summaries,research
w08__acceleration__slope,history_summaries,research
w08__acceleration__change,history_summaries,research
w08__acceleration__ewmean,history_summaries,research
w12__acceleration__mean,history_summaries,research
w12__acceleration__std,history_summaries,research
w12__acceleration__min,history_summaries,research
w12__acceleration__max,history_summaries,research
w12__acceleration__rms,history_summaries,research
w12__acceleration__slope,history_summaries,research
w12__acceleration__change,history_summaries,research
w12__acceleration__ewmean,history_summaries,research
w20__acceleration__mean,history_summaries,research
w20__acceleration__std,history_summaries,research
w20__acceleration__min,history_summaries,research
w20__acceleration__max,history_summaries,research
w20__acceleration__rms,history_summaries,research
w20__acceleration__slope,history_summaries,research
w20__acceleration__change,history_summaries,research
w20__acceleration__ewmean,history_summaries,research
w30__acceleration__mean,history_summaries,research
w30__acceleration__std,history_summaries,research
w30__acceleration__min,history_summaries,research
w30__acceleration__max,history_summaries,research
w30__acceleration__rms,history_summaries,research
w30__acceleration__slope,history_summaries,research
w30__acceleration__change,history_summaries,research
w30__acceleration__ewmean,history_summaries,research
w40__acceleration__mean,history_summaries,research
w40__acceleration__std,history_summaries,research
w40__acceleration__min,history_summaries,research
w40__acceleration__max,history_summaries,research
w40__acceleration__rms,history_summaries,research
w40__acceleration__slope,history_summaries,research
w40__acceleration__change,history_summaries,research
w40__acceleration__ewmean,history_summaries,research
lag00__s,history_lags,research
lag01__s,history_lags,research
lag02__s,history_lags,research
lag03__s,history_lags,research
lag04__s,history_lags,research
lag05__s,history_lags,research
lag06__s,history_lags,research
lag07__s,history_lags,research
lag08__s,history_lags,research
lag09__s,history_lags,research
lag10__s,history_lags,research
lag11__s,history_lags,research
lag12__s,history_lags,research
lag13__s,history_lags,research
lag14__s,history_lags,research
lag15__s,history_lags,research
lag16__s,history_lags,research
lag17__s,history_lags,research
lag18__s,history_lags,research
lag19__s,history_lags,research
w03__s__mean,history_summaries,research
w03__s__std,history_summaries,research
w03__s__min,history_summaries,research
w03__s__max,history_summaries,research
w03__s__rms,history_summaries,research
w03__s__slope,history_summaries,research
w03__s__change,history_summaries,research
w03__s__ewmean,history_summaries,research
w05__s__mean,history_summaries,research
w05__s__std,history_summaries,research
w05__s__min,history_summaries,research
w05__s__max,history_summaries,research
w05__s__rms,history_summaries,research
w05__s__slope,history_summaries,research
w05__s__change,history_summaries,research
w05__s__ewmean,history_summaries,research
w08__s__mean,history_summaries,research
w08__s__std,history_summaries,research
w08__s__min,history_summaries,research
w08__s__max,history_summaries,research
w08__s__rms,history_summaries,research
w08__s__slope,history_summaries,research
w08__s__change,history_summaries,research
w08__s__ewmean,history_summaries,research
w12__s__mean,history_summaries,research
w12__s__std,history_summaries,research
w12__s__min,history_summaries,research
w12__s__max,history_summaries,research
w12__s__rms,history_summaries,research
w12__s__slope,history_summaries,research
w12__s__change,history_summaries,research
w12__s__ewmean,history_summaries,research
w20__s__mean,history_summaries,research
w20__s__std,history_summaries,research
w20__s__min,history_summaries,research
w20__s__max,history_summaries,research
w20__s__rms,history_summaries,research
w20__s__slope,history_summaries,research
w20__s__change,history_summaries,research
w20__s__ewmean,history_summaries,research
w30__s__mean,history_summaries,research
w30__s__std,history_summaries,research
w30__s__min,history_summaries,research
w30__s__max,history_summaries,research
w30__s__rms,history_summaries,research
w30__s__slope,history_summaries,research
w30__s__change,history_summaries,research
w30__s__ewmean,history_summaries,research
w40__s__mean,history_summaries,research
w40__s__std,history_summaries,research
w40__s__min,history_summaries,research
w40__s__max,history_summaries,research
w40__s__rms,history_summaries,research
w40__s__slope,history_summaries,research
w40__s__change,history_summaries,research
w40__s__ewmean,history_summaries,research
lag00__a,history_lags,research
lag01__a,history_lags,research
lag02__a,history_lags,research
lag03__a,history_lags,research
lag04__a,history_lags,research
lag05__a,history_lags,research
lag06__a,history_lags,research
lag07__a,history_lags,research
lag08__a,history_lags,research
lag09__a,history_lags,research
lag10__a,history_lags,research
lag11__a,history_lags,research
lag12__a,history_lags,research
lag13__a,history_lags,research
lag14__a,history_lags,research
lag15__a,history_lags,research
lag16__a,history_lags,research
lag17__a,history_lags,research
lag18__a,history_lags,research
lag19__a,history_lags,research
w03__a__mean,history_summaries,research
w03__a__std,history_summaries,research
w03__a__min,history_summaries,research
w03__a__max,history_summaries,research
w03__a__rms,history_summaries,research
w03__a__slope,history_summaries,research
w03__a__change,history_summaries,research
w03__a__ewmean,history_summaries,research
w05__a__mean,history_summaries,research
w05__a__std,history_summaries,research
w05__a__min,history_summaries,research
w05__a__max,history_summaries,research
w05__a__rms,history_summaries,research
w05__a__slope,history_summaries,research
w05__a__change,history_summaries,research
w05__a__ewmean,history_summaries,research
w08__a__mean,history_summaries,research
w08__a__std,history_summaries,research
w08__a__min,history_summaries,research
w08__a__max,history_summaries,research
w08__a__rms,history_summaries,research
w08__a__slope,history_summaries,research
w08__a__change,history_summaries,research
w08__a__ewmean,history_summaries,research
w12__a__mean,history_summaries,research
w12__a__std,history_summaries,research
w12__a__min,history_summaries,research
w12__a__max,history_summaries,research
w12__a__rms,history_summaries,research
w12__a__slope,history_summaries,research
w12__a__change,history_summaries,research
w12__a__ewmean,history_summaries,research
w20__a__mean,history_summaries,research
w20__a__std,history_summaries,research
w20__a__min,history_summaries,research
w20__a__max,history_summaries,research
w20__a__rms,history_summaries,research
w20__a__slope,history_summaries,research
w20__a__change,history_summaries,research
w20__a__ewmean,history_summaries,research
w30__a__mean,history_summaries,research
w30__a__std,history_summaries,research
w30__a__min,history_summaries,research
w30__a__max,history_summaries,research
w30__a__rms,history_summaries,research
w30__a__slope,history_summaries,research
w30__a__change,history_summaries,research
w30__a__ewmean,history_summaries,research
w40__a__mean,history_summaries,research
w40__a__std,history_summaries,research
w40__a__min,history_summaries,research
w40__a__max,history_summaries,research
w40__a__rms,history_summaries,research
w40__a__slope,history_summaries,research
w40__a__change,history_summaries,research
w40__a__ewmean,history_summaries,research
lag00__dir_sin,history_lags,research
lag01__dir_sin,history_lags,research
lag02__dir_sin,history_lags,research
lag03__dir_sin,history_lags,research
lag04__dir_sin,history_lags,research
lag05__dir_sin,history_lags,research
lag06__dir_sin,history_lags,research
lag07__dir_sin,history_lags,research
lag08__dir_sin,history_lags,research
lag09__dir_sin,history_lags,research
lag10__dir_sin,history_lags,research
lag11__dir_sin,history_lags,research
lag12__dir_sin,history_lags,research
lag13__dir_sin,history_lags,research
lag14__dir_sin,history_lags,research
lag15__dir_sin,history_lags,research
lag16__dir_sin,history_lags,research
lag17__dir_sin,history_lags,research
lag18__dir_sin,history_lags,research
lag19__dir_sin,history_lags,research
w03__dir_sin__mean,history_summaries,research
w03__dir_sin__std,history_summaries,research
w03__dir_sin__min,history_summaries,research
w03__dir_sin__max,history_summaries,research
w03__dir_sin__rms,history_summaries,research
w03__dir_sin__slope,history_summaries,research
w03__dir_sin__change,history_summaries,research
w03__dir_sin__ewmean,history_summaries,research
w05__dir_sin__mean,history_summaries,research
w05__dir_sin__std,history_summaries,research
w05__dir_sin__min,history_summaries,research
w05__dir_sin__max,history_summaries,research
w05__dir_sin__rms,history_summaries,research
w05__dir_sin__slope,history_summaries,research
w05__dir_sin__change,history_summaries,research
w05__dir_sin__ewmean,history_summaries,research
w08__dir_sin__mean,history_summaries,research
w08__dir_sin__std,history_summaries,research
w08__dir_sin__min,history_summaries,research
w08__dir_sin__max,history_summaries,research
w08__dir_sin__rms,history_summaries,research
w08__dir_sin__slope,history_summaries,research
w08__dir_sin__change,history_summaries,research
w08__dir_sin__ewmean,history_summaries,research
w12__dir_sin__mean,history_summaries,research
w12__dir_sin__std,history_summaries,research
w12__dir_sin__min,history_summaries,research
w12__dir_sin__max,history_summaries,research
w12__dir_sin__rms,history_summaries,research
w12__dir_sin__slope,history_summaries,research
w12__dir_sin__change,history_summaries,research
w12__dir_sin__ewmean,history_summaries,research
w20__dir_sin__mean,history_summaries,research
w20__dir_sin__std,history_summaries,research
w20__dir_sin__min,history_summaries,research
w20__dir_sin__max,history_summaries,research
w20__dir_sin__rms,history_summaries,research
w20__dir_sin__slope,history_summaries,research
w20__dir_sin__change,history_summaries,research
w20__dir_sin__ewmean,history_summaries,research
w30__dir_sin__mean,history_summaries,research
w30__dir_sin__std,history_summaries,research
w30__dir_sin__min,history_summaries,research
w30__dir_sin__max,history_summaries,research
w30__dir_sin__rms,history_summaries,research
w30__dir_sin__slope,history_summaries,research
w30__dir_sin__change,history_summaries,research
w30__dir_sin__ewmean,history_summaries,research
w40__dir_sin__mean,history_summaries,research
w40__dir_sin__std,history_summaries,research
w40__dir_sin__min,history_summaries,research
w40__dir_sin__max,history_summaries,research
w40__dir_sin__rms,history_summaries,research
w40__dir_sin__slope,history_summaries,research
w40__dir_sin__change,history_summaries,research
w40__dir_sin__ewmean,history_summaries,research
lag00__dir_cos,history_lags,research
lag01__dir_cos,history_lags,research
lag02__dir_cos,history_lags,research
lag03__dir_cos,history_lags,research
lag04__dir_cos,history_lags,research
lag05__dir_cos,history_lags,research
lag06__dir_cos,history_lags,research
lag07__dir_cos,history_lags,research
lag08__dir_cos,history_lags,research
lag09__dir_cos,history_lags,research
lag10__dir_cos,history_lags,research
lag11__dir_cos,history_lags,research
lag12__dir_cos,history_lags,research
lag13__dir_cos,history_lags,research
lag14__dir_cos,history_lags,research
lag15__dir_cos,history_lags,research
lag16__dir_cos,history_lags,research
lag17__dir_cos,history_lags,research
lag18__dir_cos,history_lags,research
lag19__dir_cos,history_lags,research
w03__dir_cos__mean,history_summaries,research
w03__dir_cos__std,history_summaries,research
w03__dir_cos__min,history_summaries,research
w03__dir_cos__max,history_summaries,research
w03__dir_cos__rms,history_summaries,research
w03__dir_cos__slope,history_summaries,research
w03__dir_cos__change,history_summaries,research
w03__dir_cos__ewmean,history_summaries,research
w05__dir_cos__mean,history_summaries,research
w05__dir_cos__std,history_summaries,research
w05__dir_cos__min,history_summaries,research
w05__dir_cos__max,history_summaries,research
w05__dir_cos__rms,history_summaries,research
w05__dir_cos__slope,history_summaries,research
w05__dir_cos__change,history_summaries,research
w05__dir_cos__ewmean,history_summaries,research
w08__dir_cos__mean,history_summaries,research
w08__dir_cos__std,history_summaries,research
w08__dir_cos__min,history_summaries,research
w08__dir_cos__max,history_summaries,research
w08__dir_cos__rms,history_summaries,research
w08__dir_cos__slope,history_summaries,research
w08__dir_cos__change,history_summaries,research
w08__dir_cos__ewmean,history_summaries,research
w12__dir_cos__mean,history_summaries,research
w12__dir_cos__std,history_summaries,research
w12__dir_cos__min,history_summaries,research
w12__dir_cos__max,history_summaries,research
w12__dir_cos__rms,history_summaries,research
w12__dir_cos__slope,history_summaries,research
w12__dir_cos__change,history_summaries,research
w12__dir_cos__ewmean,history_summaries,research
w20__dir_cos__mean,history_summaries,research
w20__dir_cos__std,history_summaries,research
w20__dir_cos__min,history_summaries,research
w20__dir_cos__max,history_summaries,research
w20__dir_cos__rms,history_summaries,research
w20__dir_cos__slope,history_summaries,research
w20__dir_cos__change,history_summaries,research
w20__dir_cos__ewmean,history_summaries,research
w30__dir_cos__mean,history_summaries,research
w30__dir_cos__std,history_summaries,research
w30__dir_cos__min,history_summaries,research
w30__dir_cos__max,history_summaries,research
w30__dir_cos__rms,history_summaries,research
w30__dir_cos__slope,history_summaries,research
w30__dir_cos__change,history_summaries,research
w30__dir_cos__ewmean,history_summaries,research
w40__dir_cos__mean,history_summaries,research
w40__dir_cos__std,history_summaries,research
w40__dir_cos__min,history_summaries,research
w40__dir_cos__max,history_summaries,research
w40__dir_cos__rms,history_summaries,research
w40__dir_cos__slope,history_summaries,research
w40__dir_cos__change,history_summaries,research
w40__dir_cos__ewmean,history_summaries,research
lag00__o_sin,history_lags,research
lag01__o_sin,history_lags,research
lag02__o_sin,history_lags,research
lag03__o_sin,history_lags,research
lag04__o_sin,history_lags,research
lag05__o_sin,history_lags,research
lag06__o_sin,history_lags,research
lag07__o_sin,history_lags,research
lag08__o_sin,history_lags,research
lag09__o_sin,history_lags,research
lag10__o_sin,history_lags,research
lag11__o_sin,history_lags,research
lag12__o_sin,history_lags,research
lag13__o_sin,history_lags,research
lag14__o_sin,history_lags,research
lag15__o_sin,history_lags,research
lag16__o_sin,history_lags,research
lag17__o_sin,history_lags,research
lag18__o_sin,history_lags,research
lag19__o_sin,history_lags,research
w03__o_sin__mean,history_summaries,research
w03__o_sin__std,history_summaries,research
w03__o_sin__min,history_summaries,research
w03__o_sin__max,history_summaries,research
w03__o_sin__rms,history_summaries,research
w03__o_sin__slope,history_summaries,research
w03__o_sin__change,history_summaries,research
w03__o_sin__ewmean,history_summaries,research
w05__o_sin__mean,history_summaries,research
w05__o_sin__std,history_summaries,research
w05__o_sin__min,history_summaries,research
w05__o_sin__max,history_summaries,research
w05__o_sin__rms,history_summaries,research
w05__o_sin__slope,history_summaries,research
w05__o_sin__change,history_summaries,research
w05__o_sin__ewmean,history_summaries,research
w08__o_sin__mean,history_summaries,research
w08__o_sin__std,history_summaries,research
w08__o_sin__min,history_summaries,research
w08__o_sin__max,history_summaries,research
w08__o_sin__rms,history_summaries,research
w08__o_sin__slope,history_summaries,research
w08__o_sin__change,history_summaries,research
w08__o_sin__ewmean,history_summaries,research
w12__o_sin__mean,history_summaries,research
w12__o_sin__std,history_summaries,research
w12__o_sin__min,history_summaries,research
w12__o_sin__max,history_summaries,research
w12__o_sin__rms,history_summaries,research
w12__o_sin__slope,history_summaries,research
w12__o_sin__change,history_summaries,research
w12__o_sin__ewmean,history_summaries,research
w20__o_sin__mean,history_summaries,research
w20__o_sin__std,history_summaries,research
w20__o_sin__min,history_summaries,research
w20__o_sin__max,history_summaries,research
w20__o_sin__rms,history_summaries,research
w20__o_sin__slope,history_summaries,research
w20__o_sin__change,history_summaries,research
w20__o_sin__ewmean,history_summaries,research
w30__o_sin__mean,history_summaries,research
w30__o_sin__std,history_summaries,research
w30__o_sin__min,history_summaries,research
w30__o_sin__max,history_summaries,research
w30__o_sin__rms,history_summaries,research
w30__o_sin__slope,history_summaries,research
w30__o_sin__change,history_summaries,research
w30__o_sin__ewmean,history_summaries,research
w40__o_sin__mean,history_summaries,research
w40__o_sin__std,history_summaries,research
w40__o_sin__min,history_summaries,research
w40__o_sin__max,history_summaries,research
w40__o_sin__rms,history_summaries,research
w40__o_sin__slope,history_summaries,research
w40__o_sin__change,history_summaries,research
w40__o_sin__ewmean,history_summaries,research
lag00__o_cos,history_lags,research
lag01__o_cos,history_lags,research
lag02__o_cos,history_lags,research
lag03__o_cos,history_lags,research
lag04__o_cos,history_lags,research
lag05__o_cos,history_lags,research
lag06__o_cos,history_lags,research
lag07__o_cos,history_lags,research
lag08__o_cos,history_lags,research
lag09__o_cos,history_lags,research
lag10__o_cos,history_lags,research
lag11__o_cos,history_lags,research
lag12__o_cos,history_lags,research
lag13__o_cos,history_lags,research
lag14__o_cos,history_lags,research
lag15__o_cos,history_lags,research
lag16__o_cos,history_lags,research
lag17__o_cos,history_lags,research
lag18__o_cos,history_lags,research
lag19__o_cos,history_lags,research
w03__o_cos__mean,history_summaries,research
w03__o_cos__std,history_summaries,research
w03__o_cos__min,history_summaries,research
w03__o_cos__max,history_summaries,research
w03__o_cos__rms,history_summaries,research
w03__o_cos__slope,history_summaries,research
w03__o_cos__change,history_summaries,research
w03__o_cos__ewmean,history_summaries,research
w05__o_cos__mean,history_summaries,research
w05__o_cos__std,history_summaries,research
w05__o_cos__min,history_summaries,research
w05__o_cos__max,history_summaries,research
w05__o_cos__rms,history_summaries,research
w05__o_cos__slope,history_summaries,research
w05__o_cos__change,history_summaries,research
w05__o_cos__ewmean,history_summaries,research
w08__o_cos__mean,history_summaries,research
w08__o_cos__std,history_summaries,research
w08__o_cos__min,history_summaries,research
w08__o_cos__max,history_summaries,research
w08__o_cos__rms,history_summaries,research
w08__o_cos__slope,history_summaries,research
w08__o_cos__change,history_summaries,research
w08__o_cos__ewmean,history_summaries,research
w12__o_cos__mean,history_summaries,research
w12__o_cos__std,history_summaries,research
w12__o_cos__min,history_summaries,research
w12__o_cos__max,history_summaries,research
w12__o_cos__rms,history_summaries,research
w12__o_cos__slope,history_summaries,research
w12__o_cos__change,history_summaries,research
w12__o_cos__ewmean,history_summaries,research
w20__o_cos__mean,history_summaries,research
w20__o_cos__std,history_summaries,research
w20__o_cos__min,history_summaries,research
w20__o_cos__max,history_summaries,research
w20__o_cos__rms,history_summaries,research
w20__o_cos__slope,history_summaries,research
w20__o_cos__change,history_summaries,research
w20__o_cos__ewmean,history_summaries,research
w30__o_cos__mean,history_summaries,research
w30__o_cos__std,history_summaries,research
w30__o_cos__min,history_summaries,research
w30__o_cos__max,history_summaries,research
w30__o_cos__rms,history_summaries,research
w30__o_cos__slope,history_summaries,research
w30__o_cos__change,history_summaries,research
w30__o_cos__ewmean,history_summaries,research
w40__o_cos__mean,history_summaries,research
w40__o_cos__std,history_summaries,research
w40__o_cos__min,history_summaries,research
w40__o_cos__max,history_summaries,research
w40__o_cos__rms,history_summaries,research
w40__o_cos__slope,history_summaries,research
w40__o_cos__change,history_summaries,research
w40__o_cos__ewmean,history_summaries,research
lag00__orientation_alignment,history_lags,research
lag01__orientation_alignment,history_lags,research
lag02__orientation_alignment,history_lags,research
lag03__orientation_alignment,history_lags,research
lag04__orientation_alignment,history_lags,research
lag05__orientation_alignment,history_lags,research
lag06__orientation_alignment,history_lags,research
lag07__orientation_alignment,history_lags,research
lag08__orientation_alignment,history_lags,research
lag09__orientation_alignment,history_lags,research
lag10__orientation_alignment,history_lags,research
lag11__orientation_alignment,history_lags,research
lag12__orientation_alignment,history_lags,research
lag13__orientation_alignment,history_lags,research
lag14__orientation_alignment,history_lags,research
lag15__orientation_alignment,history_lags,research
lag16__orientation_alignment,history_lags,research
lag17__orientation_alignment,history_lags,research
lag18__orientation_alignment,history_lags,research
lag19__orientation_alignment,history_lags,research
w03__orientation_alignment__mean,history_summaries,research
w03__orientation_alignment__std,history_summaries,research
w03__orientation_alignment__min,history_summaries,research
w03__orientation_alignment__max,history_summaries,research
w03__orientation_alignment__rms,history_summaries,research
w03__orientation_alignment__slope,history_summaries,research
w03__orientation_alignment__change,history_summaries,research
w03__orientation_alignment__ewmean,history_summaries,research
w05__orientation_alignment__mean,history_summaries,research
w05__orientation_alignment__std,history_summaries,research
w05__orientation_alignment__min,history_summaries,research
w05__orientation_alignment__max,history_summaries,research
w05__orientation_alignment__rms,history_summaries,research
w05__orientation_alignment__slope,history_summaries,research
w05__orientation_alignment__change,history_summaries,research
w05__orientation_alignment__ewmean,history_summaries,research
w08__orientation_alignment__mean,history_summaries,research
w08__orientation_alignment__std,history_summaries,research
w08__orientation_alignment__min,history_summaries,research
w08__orientation_alignment__max,history_summaries,research
w08__orientation_alignment__rms,history_summaries,research
w08__orientation_alignment__slope,history_summaries,research
w08__orientation_alignment__change,history_summaries,research
w08__orientation_alignment__ewmean,history_summaries,research
w12__orientation_alignment__mean,history_summaries,research
w12__orientation_alignment__std,history_summaries,research
w12__orientation_alignment__min,history_summaries,research
w12__orientation_alignment__max,history_summaries,research
w12__orientation_alignment__rms,history_summaries,research
w12__orientation_alignment__slope,history_summaries,research
w12__orientation_alignment__change,history_summaries,research
w12__orientation_alignment__ewmean,history_summaries,research
w20__orientation_alignment__mean,history_summaries,research
w20__orientation_alignment__std,history_summaries,research
w20__orientation_alignment__min,history_summaries,research
w20__orientation_alignment__max,history_summaries,research
w20__orientation_alignment__rms,history_summaries,research
w20__orientation_alignment__slope,history_summaries,research
w20__orientation_alignment__change,history_summaries,research
w20__orientation_alignment__ewmean,history_summaries,research
w30__orientation_alignment__mean,history_summaries,research
w30__orientation_alignment__std,history_summaries,research
w30__orientation_alignment__min,history_summaries,research
w30__orientation_alignment__max,history_summaries,research
w30__orientation_alignment__rms,history_summaries,research
w30__orientation_alignment__slope,history_summaries,research
w30__orientation_alignment__change,history_summaries,research
w30__orientation_alignment__ewmean,history_summaries,research
w40__orientation_alignment__mean,history_summaries,research
w40__orientation_alignment__std,history_summaries,research
w40__orientation_alignment__min,history_summaries,research
w40__orientation_alignment__max,history_summaries,research
w40__orientation_alignment__rms,history_summaries,research
w40__orientation_alignment__slope,history_summaries,research
w40__orientation_alignment__change,history_summaries,research
w40__orientation_alignment__ewmean,history_summaries,research
lag00__ball_dx,history_lags,research
lag01__ball_dx,history_lags,research
lag02__ball_dx,history_lags,research
lag03__ball_dx,history_lags,research
lag04__ball_dx,history_lags,research
lag05__ball_dx,history_lags,research
lag06__ball_dx,history_lags,research
lag07__ball_dx,history_lags,research
lag08__ball_dx,history_lags,research
lag09__ball_dx,history_lags,research
lag10__ball_dx,history_lags,research
lag11__ball_dx,history_lags,research
lag12__ball_dx,history_lags,research
lag13__ball_dx,history_lags,research
lag14__ball_dx,history_lags,research
lag15__ball_dx,history_lags,research
lag16__ball_dx,history_lags,research
lag17__ball_dx,history_lags,research
lag18__ball_dx,history_lags,research
lag19__ball_dx,history_lags,research
w03__ball_dx__mean,history_summaries,research
w03__ball_dx__std,history_summaries,research
w03__ball_dx__min,history_summaries,research
w03__ball_dx__max,history_summaries,research
w03__ball_dx__rms,history_summaries,research
w03__ball_dx__slope,history_summaries,research
w03__ball_dx__change,history_summaries,research
w03__ball_dx__ewmean,history_summaries,research
w05__ball_dx__mean,history_summaries,research
w05__ball_dx__std,history_summaries,research
w05__ball_dx__min,history_summaries,research
w05__ball_dx__max,history_summaries,research
w05__ball_dx__rms,history_summaries,research
w05__ball_dx__slope,history_summaries,research
w05__ball_dx__change,history_summaries,research
w05__ball_dx__ewmean,history_summaries,research
w08__ball_dx__mean,history_summaries,research
w08__ball_dx__std,history_summaries,research
w08__ball_dx__min,history_summaries,research
w08__ball_dx__max,history_summaries,research
w08__ball_dx__rms,history_summaries,research
w08__ball_dx__slope,history_summaries,research
w08__ball_dx__change,history_summaries,research
w08__ball_dx__ewmean,history_summaries,research
w12__ball_dx__mean,history_summaries,research
w12__ball_dx__std,history_summaries,research
w12__ball_dx__min,history_summaries,research
w12__ball_dx__max,history_summaries,research
w12__ball_dx__rms,history_summaries,research
w12__ball_dx__slope,history_summaries,research
w12__ball_dx__change,history_summaries,research
w12__ball_dx__ewmean,history_summaries,research
w20__ball_dx__mean,history_summaries,research
w20__ball_dx__std,history_summaries,research
w20__ball_dx__min,history_summaries,research
w20__ball_dx__max,history_summaries,research
w20__ball_dx__rms,history_summaries,research
w20__ball_dx__slope,history_summaries,research
w20__ball_dx__change,history_summaries,research
w20__ball_dx__ewmean,history_summaries,research
w30__ball_dx__mean,history_summaries,research
w30__ball_dx__std,history_summaries,research
w30__ball_dx__min,history_summaries,research
w30__ball_dx__max,history_summaries,research
w30__ball_dx__rms,history_summaries,research
w30__ball_dx__slope,history_summaries,research
w30__ball_dx__change,history_summaries,research
w30__ball_dx__ewmean,history_summaries,research
w40__ball_dx__mean,history_summaries,research
w40__ball_dx__std,history_summaries,research
w40__ball_dx__min,history_summaries,research
w40__ball_dx__max,history_summaries,research
w40__ball_dx__rms,history_summaries,research
w40__ball_dx__slope,history_summaries,research
w40__ball_dx__change,history_summaries,research
w40__ball_dx__ewmean,history_summaries,research
lag00__ball_dy,history_lags,research
lag01__ball_dy,history_lags,research
lag02__ball_dy,history_lags,research
lag03__ball_dy,history_lags,research
lag04__ball_dy,history_lags,research
lag05__ball_dy,history_lags,research
lag06__ball_dy,history_lags,research
lag07__ball_dy,history_lags,research
lag08__ball_dy,history_lags,research
lag09__ball_dy,history_lags,research
lag10__ball_dy,history_lags,research
lag11__ball_dy,history_lags,research
lag12__ball_dy,history_lags,research
lag13__ball_dy,history_lags,research
lag14__ball_dy,history_lags,research
lag15__ball_dy,history_lags,research
lag16__ball_dy,history_lags,research
lag17__ball_dy,history_lags,research
lag18__ball_dy,history_lags,research
lag19__ball_dy,history_lags,research
w03__ball_dy__mean,history_summaries,research
w03__ball_dy__std,history_summaries,research
w03__ball_dy__min,history_summaries,research
w03__ball_dy__max,history_summaries,research
w03__ball_dy__rms,history_summaries,research
w03__ball_dy__slope,history_summaries,research
w03__ball_dy__change,history_summaries,research
w03__ball_dy__ewmean,history_summaries,research
w05__ball_dy__mean,history_summaries,research
w05__ball_dy__std,history_summaries,research
w05__ball_dy__min,history_summaries,research
w05__ball_dy__max,history_summaries,research
w05__ball_dy__rms,history_summaries,research
w05__ball_dy__slope,history_summaries,research
w05__ball_dy__change,history_summaries,research
w05__ball_dy__ewmean,history_summaries,research
w08__ball_dy__mean,history_summaries,research
w08__ball_dy__std,history_summaries,research
w08__ball_dy__min,history_summaries,research
w08__ball_dy__max,history_summaries,research
w08__ball_dy__rms,history_summaries,research
w08__ball_dy__slope,history_summaries,research
w08__ball_dy__change,history_summaries,research
w08__ball_dy__ewmean,history_summaries,research
w12__ball_dy__mean,history_summaries,research
w12__ball_dy__std,history_summaries,research
w12__ball_dy__min,history_summaries,research
w12__ball_dy__max,history_summaries,research
w12__ball_dy__rms,history_summaries,research
w12__ball_dy__slope,history_summaries,research
w12__ball_dy__change,history_summaries,research
w12__ball_dy__ewmean,history_summaries,research
w20__ball_dy__mean,history_summaries,research
w20__ball_dy__std,history_summaries,research
w20__ball_dy__min,history_summaries,research
w20__ball_dy__max,history_summaries,research
w20__ball_dy__rms,history_summaries,research
w20__ball_dy__slope,history_summaries,research
w20__ball_dy__change,history_summaries,research
w20__ball_dy__ewmean,history_summaries,research
w30__ball_dy__mean,history_summaries,research
w30__ball_dy__std,history_summaries,research
w30__ball_dy__min,history_summaries,research
w30__ball_dy__max,history_summaries,research
w30__ball_dy__rms,history_summaries,research
w30__ball_dy__slope,history_summaries,research
w30__ball_dy__change,history_summaries,research
w30__ball_dy__ewmean,history_summaries,research
w40__ball_dy__mean,history_summaries,research
w40__ball_dy__std,history_summaries,research
w40__ball_dy__min,history_summaries,research
w40__ball_dy__max,history_summaries,research
w40__ball_dy__rms,history_summaries,research
w40__ball_dy__slope,history_summaries,research
w40__ball_dy__change,history_summaries,research
w40__ball_dy__ewmean,history_summaries,research
lag00__ball_distance,history_lags,research
lag01__ball_distance,history_lags,research
lag02__ball_distance,history_lags,research
lag03__ball_distance,history_lags,research
lag04__ball_distance,history_lags,research
lag05__ball_distance,history_lags,research
lag06__ball_distance,history_lags,research
lag07__ball_distance,history_lags,research
lag08__ball_distance,history_lags,research
lag09__ball_distance,history_lags,research
lag10__ball_distance,history_lags,research
lag11__ball_distance,history_lags,research
lag12__ball_distance,history_lags,research
lag13__ball_distance,history_lags,research
lag14__ball_distance,history_lags,research
lag15__ball_distance,history_lags,research
lag16__ball_distance,history_lags,research
lag17__ball_distance,history_lags,research
lag18__ball_distance,history_lags,research
lag19__ball_distance,history_lags,research
w03__ball_distance__mean,history_summaries,research
w03__ball_distance__std,history_summaries,research
w03__ball_distance__min,history_summaries,research
w03__ball_distance__max,history_summaries,research
w03__ball_distance__rms,history_summaries,research
w03__ball_distance__slope,history_summaries,research
w03__ball_distance__change,history_summaries,research
w03__ball_distance__ewmean,history_summaries,research
w05__ball_distance__mean,history_summaries,research
w05__ball_distance__std,history_summaries,research
w05__ball_distance__min,history_summaries,research
w05__ball_distance__max,history_summaries,research
w05__ball_distance__rms,history_summaries,research
w05__ball_distance__slope,history_summaries,research
w05__ball_distance__change,history_summaries,research
w05__ball_distance__ewmean,history_summaries,research
w08__ball_distance__mean,history_summaries,research
w08__ball_distance__std,history_summaries,research
w08__ball_distance__min,history_summaries,research
w08__ball_distance__max,history_summaries,research
w08__ball_distance__rms,history_summaries,research
w08__ball_distance__slope,history_summaries,research
w08__ball_distance__change,history_summaries,research
w08__ball_distance__ewmean,history_summaries,research
w12__ball_distance__mean,history_summaries,research
w12__ball_distance__std,history_summaries,research
w12__ball_distance__min,history_summaries,research
w12__ball_distance__max,history_summaries,research
w12__ball_distance__rms,history_summaries,research
w12__ball_distance__slope,history_summaries,research
w12__ball_distance__change,history_summaries,research
w12__ball_distance__ewmean,history_summaries,research
w20__ball_distance__mean,history_summaries,research
w20__ball_distance__std,history_summaries,research
w20__ball_distance__min,history_summaries,research
w20__ball_distance__max,history_summaries,research
w20__ball_distance__rms,history_summaries,research
w20__ball_distance__slope,history_summaries,research
w20__ball_distance__change,history_summaries,research
w20__ball_distance__ewmean,history_summaries,research
w30__ball_distance__mean,history_summaries,research
w30__ball_distance__std,history_summaries,research
w30__ball_distance__min,history_summaries,research
w30__ball_distance__max,history_summaries,research
w30__ball_distance__rms,history_summaries,research
w30__ball_distance__slope,history_summaries,research
w30__ball_distance__change,history_summaries,research
w30__ball_distance__ewmean,history_summaries,research
w40__ball_distance__mean,history_summaries,research
w40__ball_distance__std,history_summaries,research
w40__ball_distance__min,history_summaries,research
w40__ball_distance__max,history_summaries,research
w40__ball_distance__rms,history_summaries,research
w40__ball_distance__slope,history_summaries,research
w40__ball_distance__change,history_summaries,research
w40__ball_distance__ewmean,history_summaries,research
lag00__ball_ux,history_lags,research
lag01__ball_ux,history_lags,research
lag02__ball_ux,history_lags,research
lag03__ball_ux,history_lags,research
lag04__ball_ux,history_lags,research
lag05__ball_ux,history_lags,research
lag06__ball_ux,history_lags,research
lag07__ball_ux,history_lags,research
lag08__ball_ux,history_lags,research
lag09__ball_ux,history_lags,research
lag10__ball_ux,history_lags,research
lag11__ball_ux,history_lags,research
lag12__ball_ux,history_lags,research
lag13__ball_ux,history_lags,research
lag14__ball_ux,history_lags,research
lag15__ball_ux,history_lags,research
lag16__ball_ux,history_lags,research
lag17__ball_ux,history_lags,research
lag18__ball_ux,history_lags,research
lag19__ball_ux,history_lags,research
w03__ball_ux__mean,history_summaries,research
w03__ball_ux__std,history_summaries,research
w03__ball_ux__min,history_summaries,research
w03__ball_ux__max,history_summaries,research
w03__ball_ux__rms,history_summaries,research
w03__ball_ux__slope,history_summaries,research
w03__ball_ux__change,history_summaries,research
w03__ball_ux__ewmean,history_summaries,research
w05__ball_ux__mean,history_summaries,research
w05__ball_ux__std,history_summaries,research
w05__ball_ux__min,history_summaries,research
w05__ball_ux__max,history_summaries,research
w05__ball_ux__rms,history_summaries,research
w05__ball_ux__slope,history_summaries,research
w05__ball_ux__change,history_summaries,research
w05__ball_ux__ewmean,history_summaries,research
w08__ball_ux__mean,history_summaries,research
w08__ball_ux__std,history_summaries,research
w08__ball_ux__min,history_summaries,research
w08__ball_ux__max,history_summaries,research
w08__ball_ux__rms,history_summaries,research
w08__ball_ux__slope,history_summaries,research
w08__ball_ux__change,history_summaries,research
w08__ball_ux__ewmean,history_summaries,research
w12__ball_ux__mean,history_summaries,research
w12__ball_ux__std,history_summaries,research
w12__ball_ux__min,history_summaries,research
w12__ball_ux__max,history_summaries,research
w12__ball_ux__rms,history_summaries,research
w12__ball_ux__slope,history_summaries,research
w12__ball_ux__change,history_summaries,research
w12__ball_ux__ewmean,history_summaries,research
w20__ball_ux__mean,history_summaries,research
w20__ball_ux__std,history_summaries,research
w20__ball_ux__min,history_summaries,research
w20__ball_ux__max,history_summaries,research
w20__ball_ux__rms,history_summaries,research
w20__ball_ux__slope,history_summaries,research
w20__ball_ux__change,history_summaries,research
w20__ball_ux__ewmean,history_summaries,research
w30__ball_ux__mean,history_summaries,research
w30__ball_ux__std,history_summaries,research
w30__ball_ux__min,history_summaries,research
w30__ball_ux__max,history_summaries,research
w30__ball_ux__rms,history_summaries,research
w30__ball_ux__slope,history_summaries,research
w30__ball_ux__change,history_summaries,research
w30__ball_ux__ewmean,history_summaries,research
w40__ball_ux__mean,history_summaries,research
w40__ball_ux__std,history_summaries,research
w40__ball_ux__min,history_summaries,research
w40__ball_ux__max,history_summaries,research
w40__ball_ux__rms,history_summaries,research
w40__ball_ux__slope,history_summaries,research
w40__ball_ux__change,history_summaries,research
w40__ball_ux__ewmean,history_summaries,research
lag00__ball_uy,history_lags,research
lag01__ball_uy,history_lags,research
lag02__ball_uy,history_lags,research
lag03__ball_uy,history_lags,research
lag04__ball_uy,history_lags,research
lag05__ball_uy,history_lags,research
lag06__ball_uy,history_lags,research
lag07__ball_uy,history_lags,research
lag08__ball_uy,history_lags,research
lag09__ball_uy,history_lags,research
lag10__ball_uy,history_lags,research
lag11__ball_uy,history_lags,research
lag12__ball_uy,history_lags,research
lag13__ball_uy,history_lags,research
lag14__ball_uy,history_lags,research
lag15__ball_uy,history_lags,research
lag16__ball_uy,history_lags,research
lag17__ball_uy,history_lags,research
lag18__ball_uy,history_lags,research
lag19__ball_uy,history_lags,research
w03__ball_uy__mean,history_summaries,research
w03__ball_uy__std,history_summaries,research
w03__ball_uy__min,history_summaries,research
w03__ball_uy__max,history_summaries,research
w03__ball_uy__rms,history_summaries,research
w03__ball_uy__slope,history_summaries,research
w03__ball_uy__change,history_summaries,research
w03__ball_uy__ewmean,history_summaries,research
w05__ball_uy__mean,history_summaries,research
w05__ball_uy__std,history_summaries,research
w05__ball_uy__min,history_summaries,research
w05__ball_uy__max,history_summaries,research
w05__ball_uy__rms,history_summaries,research
w05__ball_uy__slope,history_summaries,research
w05__ball_uy__change,history_summaries,research
w05__ball_uy__ewmean,history_summaries,research
w08__ball_uy__mean,history_summaries,research
w08__ball_uy__std,history_summaries,research
w08__ball_uy__min,history_summaries,research
w08__ball_uy__max,history_summaries,research
w08__ball_uy__rms,history_summaries,research
w08__ball_uy__slope,history_summaries,research
w08__ball_uy__change,history_summaries,research
w08__ball_uy__ewmean,history_summaries,research
w12__ball_uy__mean,history_summaries,research
w12__ball_uy__std,history_summaries,research
w12__ball_uy__min,history_summaries,research
w12__ball_uy__max,history_summaries,research
w12__ball_uy__rms,history_summaries,research
w12__ball_uy__slope,history_summaries,research
w12__ball_uy__change,history_summaries,research
w12__ball_uy__ewmean,history_summaries,research
w20__ball_uy__mean,history_summaries,research
w20__ball_uy__std,history_summaries,research
w20__ball_uy__min,history_summaries,research
w20__ball_uy__max,history_summaries,research
w20__ball_uy__rms,history_summaries,research
w20__ball_uy__slope,history_summaries,research
w20__ball_uy__change,history_summaries,research
w20__ball_uy__ewmean,history_summaries,research
w30__ball_uy__mean,history_summaries,research
w30__ball_uy__std,history_summaries,research
w30__ball_uy__min,history_summaries,research
w30__ball_uy__max,history_summaries,research
w30__ball_uy__rms,history_summaries,research
w30__ball_uy__slope,history_summaries,research
w30__ball_uy__change,history_summaries,research
w30__ball_uy__ewmean,history_summaries,research
w40__ball_uy__mean,history_summaries,research
w40__ball_uy__std,history_summaries,research
w40__ball_uy__min,history_summaries,research
w40__ball_uy__max,history_summaries,research
w40__ball_uy__rms,history_summaries,research
w40__ball_uy__slope,history_summaries,research
w40__ball_uy__change,history_summaries,research
w40__ball_uy__ewmean,history_summaries,research
lag00__closing_speed,history_lags,research
lag01__closing_speed,history_lags,research
lag02__closing_speed,history_lags,research
lag03__closing_speed,history_lags,research
lag04__closing_speed,history_lags,research
lag05__closing_speed,history_lags,research
lag06__closing_speed,history_lags,research
lag07__closing_speed,history_lags,research
lag08__closing_speed,history_lags,research
lag09__closing_speed,history_lags,research
lag10__closing_speed,history_lags,research
lag11__closing_speed,history_lags,research
lag12__closing_speed,history_lags,research
lag13__closing_speed,history_lags,research
lag14__closing_speed,history_lags,research
lag15__closing_speed,history_lags,research
lag16__closing_speed,history_lags,research
lag17__closing_speed,history_lags,research
lag18__closing_speed,history_lags,research
lag19__closing_speed,history_lags,research
w03__closing_speed__mean,history_summaries,research
w03__closing_speed__std,history_summaries,research
w03__closing_speed__min,history_summaries,research
w03__closing_speed__max,history_summaries,research
w03__closing_speed__rms,history_summaries,research
w03__closing_speed__slope,history_summaries,research
w03__closing_speed__change,history_summaries,research
w03__closing_speed__ewmean,history_summaries,research
w05__closing_speed__mean,history_summaries,research
w05__closing_speed__std,history_summaries,research
w05__closing_speed__min,history_summaries,research
w05__closing_speed__max,history_summaries,research
w05__closing_speed__rms,history_summaries,research
w05__closing_speed__slope,history_summaries,research
w05__closing_speed__change,history_summaries,research
w05__closing_speed__ewmean,history_summaries,research
w08__closing_speed__mean,history_summaries,research
w08__closing_speed__std,history_summaries,research
w08__closing_speed__min,history_summaries,research
w08__closing_speed__max,history_summaries,research
w08__closing_speed__rms,history_summaries,research
w08__closing_speed__slope,history_summaries,research
w08__closing_speed__change,history_summaries,research
w08__closing_speed__ewmean,history_summaries,research
w12__closing_speed__mean,history_summaries,research
w12__closing_speed__std,history_summaries,research
w12__closing_speed__min,history_summaries,research
w12__closing_speed__max,history_summaries,research
w12__closing_speed__rms,history_summaries,research
w12__closing_speed__slope,history_summaries,research
w12__closing_speed__change,history_summaries,research
w12__closing_speed__ewmean,history_summaries,research
w20__closing_speed__mean,history_summaries,research
w20__closing_speed__std,history_summaries,research
w20__closing_speed__min,history_summaries,research
w20__closing_speed__max,history_summaries,research
w20__closing_speed__rms,history_summaries,research
w20__closing_speed__slope,history_summaries,research
w20__closing_speed__change,history_summaries,research
w20__closing_speed__ewmean,history_summaries,research
w30__closing_speed__mean,history_summaries,research
w30__closing_speed__std,history_summaries,research
w30__closing_speed__min,history_summaries,research
w30__closing_speed__max,history_summaries,research
w30__closing_speed__rms,history_summaries,research
w30__closing_speed__slope,history_summaries,research
w30__closing_speed__change,history_summaries,research
w30__closing_speed__ewmean,history_summaries,research
w40__closing_speed__mean,history_summaries,research
w40__closing_speed__std,history_summaries,research
w40__closing_speed__min,history_summaries,research
w40__closing_speed__max,history_summaries,research
w40__closing_speed__rms,history_summaries,research
w40__closing_speed__slope,history_summaries,research
w40__closing_speed__change,history_summaries,research
w40__closing_speed__ewmean,history_summaries,research
lag00__lateral_speed,history_lags,research
lag01__lateral_speed,history_lags,research
lag02__lateral_speed,history_lags,research
lag03__lateral_speed,history_lags,research
lag04__lateral_speed,history_lags,research
lag05__lateral_speed,history_lags,research
lag06__lateral_speed,history_lags,research
lag07__lateral_speed,history_lags,research
lag08__lateral_speed,history_lags,research
lag09__lateral_speed,history_lags,research
lag10__lateral_speed,history_lags,research
lag11__lateral_speed,history_lags,research
lag12__lateral_speed,history_lags,research
lag13__lateral_speed,history_lags,research
lag14__lateral_speed,history_lags,research
lag15__lateral_speed,history_lags,research
lag16__lateral_speed,history_lags,research
lag17__lateral_speed,history_lags,research
lag18__lateral_speed,history_lags,research
lag19__lateral_speed,history_lags,research
w03__lateral_speed__mean,history_summaries,research
w03__lateral_speed__std,history_summaries,research
w03__lateral_speed__min,history_summaries,research
w03__lateral_speed__max,history_summaries,research
w03__lateral_speed__rms,history_summaries,research
w03__lateral_speed__slope,history_summaries,research
w03__lateral_speed__change,history_summaries,research
w03__lateral_speed__ewmean,history_summaries,research
w05__lateral_speed__mean,history_summaries,research
w05__lateral_speed__std,history_summaries,research
w05__lateral_speed__min,history_summaries,research
w05__lateral_speed__max,history_summaries,research
w05__lateral_speed__rms,history_summaries,research
w05__lateral_speed__slope,history_summaries,research
w05__lateral_speed__change,history_summaries,research
w05__lateral_speed__ewmean,history_summaries,research
w08__lateral_speed__mean,history_summaries,research
w08__lateral_speed__std,history_summaries,research
w08__lateral_speed__min,history_summaries,research
w08__lateral_speed__max,history_summaries,research
w08__lateral_speed__rms,history_summaries,research
w08__lateral_speed__slope,history_summaries,research
w08__lateral_speed__change,history_summaries,research
w08__lateral_speed__ewmean,history_summaries,research
w12__lateral_speed__mean,history_summaries,research
w12__lateral_speed__std,history_summaries,research
w12__lateral_speed__min,history_summaries,research
w12__lateral_speed__max,history_summaries,research
w12__lateral_speed__rms,history_summaries,research
w12__lateral_speed__slope,history_summaries,research
w12__lateral_speed__change,history_summaries,research
w12__lateral_speed__ewmean,history_summaries,research
w20__lateral_speed__mean,history_summaries,research
w20__lateral_speed__std,history_summaries,research
w20__lateral_speed__min,history_summaries,research
w20__lateral_speed__max,history_summaries,research
w20__lateral_speed__rms,history_summaries,research
w20__lateral_speed__slope,history_summaries,research
w20__lateral_speed__change,history_summaries,research
w20__lateral_speed__ewmean,history_summaries,research
w30__lateral_speed__mean,history_summaries,research
w30__lateral_speed__std,history_summaries,research
w30__lateral_speed__min,history_summaries,research
w30__lateral_speed__max,history_summaries,research
w30__lateral_speed__rms,history_summaries,research
w30__lateral_speed__slope,history_summaries,research
w30__lateral_speed__change,history_summaries,research
w30__lateral_speed__ewmean,history_summaries,research
w40__lateral_speed__mean,history_summaries,research
w40__lateral_speed__std,history_summaries,research
w40__lateral_speed__min,history_summaries,research
w40__lateral_speed__max,history_summaries,research
w40__lateral_speed__rms,history_summaries,research
w40__lateral_speed__slope,history_summaries,research
w40__lateral_speed__change,history_summaries,research
w40__lateral_speed__ewmean,history_summaries,research
lag00__radial_acceleration,history_lags,research
lag01__radial_acceleration,history_lags,research
lag02__radial_acceleration,history_lags,research
lag03__radial_acceleration,history_lags,research
lag04__radial_acceleration,history_lags,research
lag05__radial_acceleration,history_lags,research
lag06__radial_acceleration,history_lags,research
lag07__radial_acceleration,history_lags,research
lag08__radial_acceleration,history_lags,research
lag09__radial_acceleration,history_lags,research
lag10__radial_acceleration,history_lags,research
lag11__radial_acceleration,history_lags,research
lag12__radial_acceleration,history_lags,research
lag13__radial_acceleration,history_lags,research
lag14__radial_acceleration,history_lags,research
lag15__radial_acceleration,history_lags,research
lag16__radial_acceleration,history_lags,research
lag17__radial_acceleration,history_lags,research
lag18__radial_acceleration,history_lags,research
lag19__radial_acceleration,history_lags,research
w03__radial_acceleration__mean,history_summaries,research
w03__radial_acceleration__std,history_summaries,research
w03__radial_acceleration__min,history_summaries,research
w03__radial_acceleration__max,history_summaries,research
w03__radial_acceleration__rms,history_summaries,research
w03__radial_acceleration__slope,history_summaries,research
w03__radial_acceleration__change,history_summaries,research
w03__radial_acceleration__ewmean,history_summaries,research
w05__radial_acceleration__mean,history_summaries,research
w05__radial_acceleration__std,history_summaries,research
w05__radial_acceleration__min,history_summaries,research
w05__radial_acceleration__max,history_summaries,research
w05__radial_acceleration__rms,history_summaries,research
w05__radial_acceleration__slope,history_summaries,research
w05__radial_acceleration__change,history_summaries,research
w05__radial_acceleration__ewmean,history_summaries,research
w08__radial_acceleration__mean,history_summaries,research
w08__radial_acceleration__std,history_summaries,research
w08__radial_acceleration__min,history_summaries,research
w08__radial_acceleration__max,history_summaries,research
w08__radial_acceleration__rms,history_summaries,research
w08__radial_acceleration__slope,history_summaries,research
w08__radial_acceleration__change,history_summaries,research
w08__radial_acceleration__ewmean,history_summaries,research
w12__radial_acceleration__mean,history_summaries,research
w12__radial_acceleration__std,history_summaries,research
w12__radial_acceleration__min,history_summaries,research
w12__radial_acceleration__max,history_summaries,research
w12__radial_acceleration__rms,history_summaries,research
w12__radial_acceleration__slope,history_summaries,research
w12__radial_acceleration__change,history_summaries,research
w12__radial_acceleration__ewmean,history_summaries,research
w20__radial_acceleration__mean,history_summaries,research
w20__radial_acceleration__std,history_summaries,research
w20__radial_acceleration__min,history_summaries,research
w20__radial_acceleration__max,history_summaries,research
w20__radial_acceleration__rms,history_summaries,research
w20__radial_acceleration__slope,history_summaries,research
w20__radial_acceleration__change,history_summaries,research
w20__radial_acceleration__ewmean,history_summaries,research
w30__radial_acceleration__mean,history_summaries,research
w30__radial_acceleration__std,history_summaries,research
w30__radial_acceleration__min,history_summaries,research
w30__radial_acceleration__max,history_summaries,research
w30__radial_acceleration__rms,history_summaries,research
w30__radial_acceleration__slope,history_summaries,research
w30__radial_acceleration__change,history_summaries,research
w30__radial_acceleration__ewmean,history_summaries,research
w40__radial_acceleration__mean,history_summaries,research
w40__radial_acceleration__std,history_summaries,research
w40__radial_acceleration__min,history_summaries,research
w40__radial_acceleration__max,history_summaries,research
w40__radial_acceleration__rms,history_summaries,research
w40__radial_acceleration__slope,history_summaries,research
w40__radial_acceleration__change,history_summaries,research
w40__radial_acceleration__ewmean,history_summaries,research
lag00__lateral_acceleration,history_lags,research
lag01__lateral_acceleration,history_lags,research
lag02__lateral_acceleration,history_lags,research
lag03__lateral_acceleration,history_lags,research
lag04__lateral_acceleration,history_lags,research
lag05__lateral_acceleration,history_lags,research
lag06__lateral_acceleration,history_lags,research
lag07__lateral_acceleration,history_lags,research
lag08__lateral_acceleration,history_lags,research
lag09__lateral_acceleration,history_lags,research
lag10__lateral_acceleration,history_lags,research
lag11__lateral_acceleration,history_lags,research
lag12__lateral_acceleration,history_lags,research
lag13__lateral_acceleration,history_lags,research
lag14__lateral_acceleration,history_lags,research
lag15__lateral_acceleration,history_lags,research
lag16__lateral_acceleration,history_lags,research
lag17__lateral_acceleration,history_lags,research
lag18__lateral_acceleration,history_lags,research
lag19__lateral_acceleration,history_lags,research
w03__lateral_acceleration__mean,history_summaries,research
w03__lateral_acceleration__std,history_summaries,research
w03__lateral_acceleration__min,history_summaries,research
w03__lateral_acceleration__max,history_summaries,research
w03__lateral_acceleration__rms,history_summaries,research
w03__lateral_acceleration__slope,history_summaries,research
w03__lateral_acceleration__change,history_summaries,research
w03__lateral_acceleration__ewmean,history_summaries,research
w05__lateral_acceleration__mean,history_summaries,research
w05__lateral_acceleration__std,history_summaries,research
w05__lateral_acceleration__min,history_summaries,research
w05__lateral_acceleration__max,history_summaries,research
w05__lateral_acceleration__rms,history_summaries,research
w05__lateral_acceleration__slope,history_summaries,research
w05__lateral_acceleration__change,history_summaries,research
w05__lateral_acceleration__ewmean,history_summaries,research
w08__lateral_acceleration__mean,history_summaries,research
w08__lateral_acceleration__std,history_summaries,research
w08__lateral_acceleration__min,history_summaries,research
w08__lateral_acceleration__max,history_summaries,research
w08__lateral_acceleration__rms,history_summaries,research
w08__lateral_acceleration__slope,history_summaries,research
w08__lateral_acceleration__change,history_summaries,research
w08__lateral_acceleration__ewmean,history_summaries,research
w12__lateral_acceleration__mean,history_summaries,research
w12__lateral_acceleration__std,history_summaries,research
w12__lateral_acceleration__min,history_summaries,research
w12__lateral_acceleration__max,history_summaries,research
w12__lateral_acceleration__rms,history_summaries,research
w12__lateral_acceleration__slope,history_summaries,research
w12__lateral_acceleration__change,history_summaries,research
w12__lateral_acceleration__ewmean,history_summaries,research
w20__lateral_acceleration__mean,history_summaries,research
w20__lateral_acceleration__std,history_summaries,research
w20__lateral_acceleration__min,history_summaries,research
w20__lateral_acceleration__max,history_summaries,research
w20__lateral_acceleration__rms,history_summaries,research
w20__lateral_acceleration__slope,history_summaries,research
w20__lateral_acceleration__change,history_summaries,research
w20__lateral_acceleration__ewmean,history_summaries,research
w30__lateral_acceleration__mean,history_summaries,research
w30__lateral_acceleration__std,history_summaries,research
w30__lateral_acceleration__min,history_summaries,research
w30__lateral_acceleration__max,history_summaries,research
w30__lateral_acceleration__rms,history_summaries,research
w30__lateral_acceleration__slope,history_summaries,research
w30__lateral_acceleration__change,history_summaries,research
w30__lateral_acceleration__ewmean,history_summaries,research
w40__lateral_acceleration__mean,history_summaries,research
w40__lateral_acceleration__std,history_summaries,research
w40__lateral_acceleration__min,history_summaries,research
w40__lateral_acceleration__max,history_summaries,research
w40__lateral_acceleration__rms,history_summaries,research
w40__lateral_acceleration__slope,history_summaries,research
w40__lateral_acceleration__change,history_summaries,research
w40__lateral_acceleration__ewmean,history_summaries,research
lag00__turn_rate,history_lags,research
lag01__turn_rate,history_lags,research
lag02__turn_rate,history_lags,research
lag03__turn_rate,history_lags,research
lag04__turn_rate,history_lags,research
lag05__turn_rate,history_lags,research
lag06__turn_rate,history_lags,research
lag07__turn_rate,history_lags,research
lag08__turn_rate,history_lags,research
lag09__turn_rate,history_lags,research
lag10__turn_rate,history_lags,research
lag11__turn_rate,history_lags,research
lag12__turn_rate,history_lags,research
lag13__turn_rate,history_lags,research
lag14__turn_rate,history_lags,research
lag15__turn_rate,history_lags,research
lag16__turn_rate,history_lags,research
lag17__turn_rate,history_lags,research
lag18__turn_rate,history_lags,research
lag19__turn_rate,history_lags,research
w03__turn_rate__mean,history_summaries,research
w03__turn_rate__std,history_summaries,research
w03__turn_rate__min,history_summaries,research
w03__turn_rate__max,history_summaries,research
w03__turn_rate__rms,history_summaries,research
w03__turn_rate__slope,history_summaries,research
w03__turn_rate__change,history_summaries,research
w03__turn_rate__ewmean,history_summaries,research
w05__turn_rate__mean,history_summaries,research
w05__turn_rate__std,history_summaries,research
w05__turn_rate__min,history_summaries,research
w05__turn_rate__max,history_summaries,research
w05__turn_rate__rms,history_summaries,research
w05__turn_rate__slope,history_summaries,research
w05__turn_rate__change,history_summaries,research
w05__turn_rate__ewmean,history_summaries,research
w08__turn_rate__mean,history_summaries,research
w08__turn_rate__std,history_summaries,research
w08__turn_rate__min,history_summaries,research
w08__turn_rate__max,history_summaries,research
w08__turn_rate__rms,history_summaries,research
w08__turn_rate__slope,history_summaries,research
w08__turn_rate__change,history_summaries,research
w08__turn_rate__ewmean,history_summaries,research
w12__turn_rate__mean,history_summaries,research
w12__turn_rate__std,history_summaries,research
w12__turn_rate__min,history_summaries,research
w12__turn_rate__max,history_summaries,research
w12__turn_rate__rms,history_summaries,research
w12__turn_rate__slope,history_summaries,research
w12__turn_rate__change,history_summaries,research
w12__turn_rate__ewmean,history_summaries,research
w20__turn_rate__mean,history_summaries,research
w20__turn_rate__std,history_summaries,research
w20__turn_rate__min,history_summaries,research
w20__turn_rate__max,history_summaries,research
w20__turn_rate__rms,history_summaries,research
w20__turn_rate__slope,history_summaries,research
w20__turn_rate__change,history_summaries,research
w20__turn_rate__ewmean,history_summaries,research
w30__turn_rate__mean,history_summaries,research
w30__turn_rate__std,history_summaries,research
w30__turn_rate__min,history_summaries,research
w30__turn_rate__max,history_summaries,research
w30__turn_rate__rms,history_summaries,research
w30__turn_rate__slope,history_summaries,research
w30__turn_rate__change,history_summaries,research
w30__turn_rate__ewmean,history_summaries,research
w40__turn_rate__mean,history_summaries,research
w40__turn_rate__std,history_summaries,research
w40__turn_rate__min,history_summaries,research
w40__turn_rate__max,history_summaries,research
w40__turn_rate__rms,history_summaries,research
w40__turn_rate__slope,history_summaries,research
w40__turn_rate__change,history_summaries,research
w40__turn_rate__ewmean,history_summaries,research
lag00__jerk,history_lags,research
lag01__jerk,history_lags,research
lag02__jerk,history_lags,research
lag03__jerk,history_lags,research
lag04__jerk,history_lags,research
lag05__jerk,history_lags,research
lag06__jerk,history_lags,research
lag07__jerk,history_lags,research
lag08__jerk,history_lags,research
lag09__jerk,history_lags,research
lag10__jerk,history_lags,research
lag11__jerk,history_lags,research
lag12__jerk,history_lags,research
lag13__jerk,history_lags,research
lag14__jerk,history_lags,research
lag15__jerk,history_lags,research
lag16__jerk,history_lags,research
lag17__jerk,history_lags,research
lag18__jerk,history_lags,research
lag19__jerk,history_lags,research
w03__jerk__mean,history_summaries,research
w03__jerk__std,history_summaries,research
w03__jerk__min,history_summaries,research
w03__jerk__max,history_summaries,research
w03__jerk__rms,history_summaries,research
w03__jerk__slope,history_summaries,research
w03__jerk__change,history_summaries,research
w03__jerk__ewmean,history_summaries,research
w05__jerk__mean,history_summaries,research
w05__jerk__std,history_summaries,research
w05__jerk__min,history_summaries,research
w05__jerk__max,history_summaries,research
w05__jerk__rms,history_summaries,research
w05__jerk__slope,history_summaries,research
w05__jerk__change,history_summaries,research
w05__jerk__ewmean,history_summaries,research
w08__jerk__mean,history_summaries,research
w08__jerk__std,history_summaries,research
w08__jerk__min,history_summaries,research
w08__jerk__max,history_summaries,research
w08__jerk__rms,history_summaries,research
w08__jerk__slope,history_summaries,research
w08__jerk__change,history_summaries,research
w08__jerk__ewmean,history_summaries,research
w12__jerk__mean,history_summaries,research
w12__jerk__std,history_summaries,research
w12__jerk__min,history_summaries,research
w12__jerk__max,history_summaries,research
w12__jerk__rms,history_summaries,research
w12__jerk__slope,history_summaries,research
w12__jerk__change,history_summaries,research
w12__jerk__ewmean,history_summaries,research
w20__jerk__mean,history_summaries,research
w20__jerk__std,history_summaries,research
w20__jerk__min,history_summaries,research
w20__jerk__max,history_summaries,research
w20__jerk__rms,history_summaries,research
w20__jerk__slope,history_summaries,research
w20__jerk__change,history_summaries,research
w20__jerk__ewmean,history_summaries,research
w30__jerk__mean,history_summaries,research
w30__jerk__std,history_summaries,research
w30__jerk__min,history_summaries,research
w30__jerk__max,history_summaries,research
w30__jerk__rms,history_summaries,research
w30__jerk__slope,history_summaries,research
w30__jerk__change,history_summaries,research
w30__jerk__ewmean,history_summaries,research
w40__jerk__mean,history_summaries,research
w40__jerk__std,history_summaries,research
w40__jerk__min,history_summaries,research
w40__jerk__max,history_summaries,research
w40__jerk__rms,history_summaries,research
w40__jerk__slope,history_summaries,research
w40__jerk__change,history_summaries,research
w40__jerk__ewmean,history_summaries,research
lag00__velocity_alignment,history_lags,research
lag01__velocity_alignment,history_lags,research
lag02__velocity_alignment,history_lags,research
lag03__velocity_alignment,history_lags,research
lag04__velocity_alignment,history_lags,research
lag05__velocity_alignment,history_lags,research
lag06__velocity_alignment,history_lags,research
lag07__velocity_alignment,history_lags,research
lag08__velocity_alignment,history_lags,research
lag09__velocity_alignment,history_lags,research
lag10__velocity_alignment,history_lags,research
lag11__velocity_alignment,history_lags,research
lag12__velocity_alignment,history_lags,research
lag13__velocity_alignment,history_lags,research
lag14__velocity_alignment,history_lags,research
lag15__velocity_alignment,history_lags,research
lag16__velocity_alignment,history_lags,research
lag17__velocity_alignment,history_lags,research
lag18__velocity_alignment,history_lags,research
lag19__velocity_alignment,history_lags,research
w03__velocity_alignment__mean,history_summaries,research
w03__velocity_alignment__std,history_summaries,research
w03__velocity_alignment__min,history_summaries,research
w03__velocity_alignment__max,history_summaries,research
w03__velocity_alignment__rms,history_summaries,research
w03__velocity_alignment__slope,history_summaries,research
w03__velocity_alignment__change,history_summaries,research
w03__velocity_alignment__ewmean,history_summaries,research
w05__velocity_alignment__mean,history_summaries,research
w05__velocity_alignment__std,history_summaries,research
w05__velocity_alignment__min,history_summaries,research
w05__velocity_alignment__max,history_summaries,research
w05__velocity_alignment__rms,history_summaries,research
w05__velocity_alignment__slope,history_summaries,research
w05__velocity_alignment__change,history_summaries,research
w05__velocity_alignment__ewmean,history_summaries,research
w08__velocity_alignment__mean,history_summaries,research
w08__velocity_alignment__std,history_summaries,research
w08__velocity_alignment__min,history_summaries,research
w08__velocity_alignment__max,history_summaries,research
w08__velocity_alignment__rms,history_summaries,research
w08__velocity_alignment__slope,history_summaries,research
w08__velocity_alignment__change,history_summaries,research
w08__velocity_alignment__ewmean,history_summaries,research
w12__velocity_alignment__mean,history_summaries,research
w12__velocity_alignment__std,history_summaries,research
w12__velocity_alignment__min,history_summaries,research
w12__velocity_alignment__max,history_summaries,research
w12__velocity_alignment__rms,history_summaries,research
w12__velocity_alignment__slope,history_summaries,research
w12__velocity_alignment__change,history_summaries,research
w12__velocity_alignment__ewmean,history_summaries,research
w20__velocity_alignment__mean,history_summaries,research
w20__velocity_alignment__std,history_summaries,research
w20__velocity_alignment__min,history_summaries,research
w20__velocity_alignment__max,history_summaries,research
w20__velocity_alignment__rms,history_summaries,research
w20__velocity_alignment__slope,history_summaries,research
w20__velocity_alignment__change,history_summaries,research
w20__velocity_alignment__ewmean,history_summaries,research
w30__velocity_alignment__mean,history_summaries,research
w30__velocity_alignment__std,history_summaries,research
w30__velocity_alignment__min,history_summaries,research
w30__velocity_alignment__max,history_summaries,research
w30__velocity_alignment__rms,history_summaries,research
w30__velocity_alignment__slope,history_summaries,research
w30__velocity_alignment__change,history_summaries,research
w30__velocity_alignment__ewmean,history_summaries,research
w40__velocity_alignment__mean,history_summaries,research
w40__velocity_alignment__std,history_summaries,research
w40__velocity_alignment__min,history_summaries,research
w40__velocity_alignment__max,history_summaries,research
w40__velocity_alignment__rms,history_summaries,research
w40__velocity_alignment__slope,history_summaries,research
w40__velocity_alignment__change,history_summaries,research
w40__velocity_alignment__ewmean,history_summaries,research
lag00__sideline_distance,history_lags,research
lag01__sideline_distance,history_lags,research
lag02__sideline_distance,history_lags,research
lag03__sideline_distance,history_lags,research
lag04__sideline_distance,history_lags,research
lag05__sideline_distance,history_lags,research
lag06__sideline_distance,history_lags,research
lag07__sideline_distance,history_lags,research
lag08__sideline_distance,history_lags,research
lag09__sideline_distance,history_lags,research
lag10__sideline_distance,history_lags,research
lag11__sideline_distance,history_lags,research
lag12__sideline_distance,history_lags,research
lag13__sideline_distance,history_lags,research
lag14__sideline_distance,history_lags,research
lag15__sideline_distance,history_lags,research
lag16__sideline_distance,history_lags,research
lag17__sideline_distance,history_lags,research
lag18__sideline_distance,history_lags,research
lag19__sideline_distance,history_lags,research
w03__sideline_distance__mean,history_summaries,research
w03__sideline_distance__std,history_summaries,research
w03__sideline_distance__min,history_summaries,research
w03__sideline_distance__max,history_summaries,research
w03__sideline_distance__rms,history_summaries,research
w03__sideline_distance__slope,history_summaries,research
w03__sideline_distance__change,history_summaries,research
w03__sideline_distance__ewmean,history_summaries,research
w05__sideline_distance__mean,history_summaries,research
w05__sideline_distance__std,history_summaries,research
w05__sideline_distance__min,history_summaries,research
w05__sideline_distance__max,history_summaries,research
w05__sideline_distance__rms,history_summaries,research
w05__sideline_distance__slope,history_summaries,research
w05__sideline_distance__change,history_summaries,research
w05__sideline_distance__ewmean,history_summaries,research
w08__sideline_distance__mean,history_summaries,research
w08__sideline_distance__std,history_summaries,research
w08__sideline_distance__min,history_summaries,research
w08__sideline_distance__max,history_summaries,research
w08__sideline_distance__rms,history_summaries,research
w08__sideline_distance__slope,history_summaries,research
w08__sideline_distance__change,history_summaries,research
w08__sideline_distance__ewmean,history_summaries,research
w12__sideline_distance__mean,history_summaries,research
w12__sideline_distance__std,history_summaries,research
w12__sideline_distance__min,history_summaries,research
w12__sideline_distance__max,history_summaries,research
w12__sideline_distance__rms,history_summaries,research
w12__sideline_distance__slope,history_summaries,research
w12__sideline_distance__change,history_summaries,research
w12__sideline_distance__ewmean,history_summaries,research
w20__sideline_distance__mean,history_summaries,research
w20__sideline_distance__std,history_summaries,research
w20__sideline_distance__min,history_summaries,research
w20__sideline_distance__max,history_summaries,research
w20__sideline_distance__rms,history_summaries,research
w20__sideline_distance__slope,history_summaries,research
w20__sideline_distance__change,history_summaries,research
w20__sideline_distance__ewmean,history_summaries,research
w30__sideline_distance__mean,history_summaries,research
w30__sideline_distance__std,history_summaries,research
w30__sideline_distance__min,history_summaries,research
w30__sideline_distance__max,history_summaries,research
w30__sideline_distance__rms,history_summaries,research
w30__sideline_distance__slope,history_summaries,research
w30__sideline_distance__change,history_summaries,research
w30__sideline_distance__ewmean,history_summaries,research
w40__sideline_distance__mean,history_summaries,research
w40__sideline_distance__std,history_summaries,research
w40__sideline_distance__min,history_summaries,research
w40__sideline_distance__max,history_summaries,research
w40__sideline_distance__rms,history_summaries,research
w40__sideline_distance__slope,history_summaries,research
w40__sideline_distance__change,history_summaries,research
w40__sideline_distance__ewmean,history_summaries,research
lag00__present,availability,research
lag01__present,availability,research
lag02__present,availability,research
lag03__present,availability,research
lag04__present,availability,research
lag05__present,availability,research
lag06__present,availability,research
lag07__present,availability,research
lag08__present,availability,research
lag09__present,availability,research
lag10__present,availability,research
lag11__present,availability,research
lag12__present,availability,research
lag13__present,availability,research
lag14__present,availability,research
lag15__present,availability,research
lag16__present,availability,research
lag17__present,availability,research
lag18__present,availability,research
lag19__present,availability,research
w03__coverage,availability,research
w05__coverage,availability,research
w08__coverage,availability,research
w12__coverage,availability,research
w20__coverage,availability,research
w30__coverage,availability,research
w40__coverage,availability,research
telemetry__s__present,availability,research
telemetry__a__present,availability,research
telemetry__dir__present,availability,research
telemetry__o__present,availability,research
teammate1__dx,interactions,research
teammate1__dy,interactions,research
teammate1__distance,interactions,research
teammate1__dvx,interactions,research
teammate1__dvy,interactions,research
teammate1__relative_speed,interactions,research
teammate1__closing_speed,interactions,research
teammate1__closest_time,interactions,research
teammate1__closest_distance,interactions,research
teammate1__ball_distance,interactions,research
teammate1__ball_distance_advantage,interactions,research
teammate1__heading_alignment,interactions,research
teammate1__age_seconds,interactions,research
teammate1__present,interactions,research
teammate2__dx,interactions,research
teammate2__dy,interactions,research
teammate2__distance,interactions,research
teammate2__dvx,interactions,research
teammate2__dvy,interactions,research
teammate2__relative_speed,interactions,research
teammate2__closing_speed,interactions,research
teammate2__closest_time,interactions,research
teammate2__closest_distance,interactions,research
teammate2__ball_distance,interactions,research
teammate2__ball_distance_advantage,interactions,research
teammate2__heading_alignment,interactions,research
teammate2__age_seconds,interactions,research
teammate2__present,interactions,research
teammate3__dx,interactions,research
teammate3__dy,interactions,research
teammate3__distance,interactions,research
teammate3__dvx,interactions,research
teammate3__dvy,interactions,research
teammate3__relative_speed,interactions,research
teammate3__closing_speed,interactions,research
teammate3__closest_time,interactions,research
teammate3__closest_distance,interactions,research
teammate3__ball_distance,interactions,research
teammate3__ball_distance_advantage,interactions,research
teammate3__heading_alignment,interactions,research
teammate3__age_seconds,interactions,research
teammate3__present,interactions,research
teammate4__dx,interactions,research
teammate4__dy,interactions,research
teammate4__distance,interactions,research
teammate4__dvx,interactions,research
teammate4__dvy,interactions,research
teammate4__relative_speed,interactions,research
teammate4__closing_speed,interactions,research
teammate4__closest_time,interactions,research
teammate4__closest_distance,interactions,research
teammate4__ball_distance,interactions,research
teammate4__ball_distance_advantage,interactions,research
teammate4__heading_alignment,interactions,research
teammate4__age_seconds,interactions,research
teammate4__present,interactions,research
teammate5__dx,interactions,research
teammate5__dy,interactions,research
teammate5__distance,interactions,research
teammate5__dvx,interactions,research
teammate5__dvy,interactions,research
teammate5__relative_speed,interactions,research
teammate5__closing_speed,interactions,research
teammate5__closest_time,interactions,research
teammate5__closest_distance,interactions,research
teammate5__ball_distance,interactions,research
teammate5__ball_distance_advantage,interactions,research
teammate5__heading_alignment,interactions,research
teammate5__age_seconds,interactions,research
teammate5__present,interactions,research
teammate6__dx,interactions,research
teammate6__dy,interactions,research
teammate6__distance,interactions,research
teammate6__dvx,interactions,research
teammate6__dvy,interactions,research
teammate6__relative_speed,interactions,research
teammate6__closing_speed,interactions,research
teammate6__closest_time,interactions,research
teammate6__closest_distance,interactions,research
teammate6__ball_distance,interactions,research
teammate6__ball_distance_advantage,interactions,research
teammate6__heading_alignment,interactions,research
teammate6__age_seconds,interactions,research
teammate6__present,interactions,research
teammate__within_2yd,interactions,research
teammate__within_5yd,interactions,research
teammate__within_10yd,interactions,research
teammate__within_20yd,interactions,research
opponent1__dx,interactions,research
opponent1__dy,interactions,research
opponent1__distance,interactions,research
opponent1__dvx,interactions,research
opponent1__dvy,interactions,research
opponent1__relative_speed,interactions,research
opponent1__closing_speed,interactions,research
opponent1__closest_time,interactions,research
opponent1__closest_distance,interactions,research
opponent1__ball_distance,interactions,research
opponent1__ball_distance_advantage,interactions,research
opponent1__heading_alignment,interactions,research
opponent1__age_seconds,interactions,research
opponent1__present,interactions,research
opponent2__dx,interactions,research
opponent2__dy,interactions,research
opponent2__distance,interactions,research
opponent2__dvx,interactions,research
opponent2__dvy,interactions,research
opponent2__relative_speed,interactions,research
opponent2__closing_speed,interactions,research
opponent2__closest_time,interactions,research
opponent2__closest_distance,interactions,research
opponent2__ball_distance,interactions,research
opponent2__ball_distance_advantage,interactions,research
opponent2__heading_alignment,interactions,research
opponent2__age_seconds,interactions,research
opponent2__present,interactions,research
opponent3__dx,interactions,research
opponent3__dy,interactions,research
opponent3__distance,interactions,research
opponent3__dvx,interactions,research
opponent3__dvy,interactions,research
opponent3__relative_speed,interactions,research
opponent3__closing_speed,interactions,research
opponent3__closest_time,interactions,research
opponent3__closest_distance,interactions,research
opponent3__ball_distance,interactions,research
opponent3__ball_distance_advantage,interactions,research
opponent3__heading_alignment,interactions,research
opponent3__age_seconds,interactions,research
opponent3__present,interactions,research
opponent4__dx,interactions,research
opponent4__dy,interactions,research
opponent4__distance,interactions,research
opponent4__dvx,interactions,research
opponent4__dvy,interactions,research
opponent4__relative_speed,interactions,research
opponent4__closing_speed,interactions,research
opponent4__closest_time,interactions,research
opponent4__closest_distance,interactions,research
opponent4__ball_distance,interactions,research
opponent4__ball_distance_advantage,interactions,research
opponent4__heading_alignment,interactions,research
opponent4__age_seconds,interactions,research
opponent4__present,interactions,research
opponent5__dx,interactions,research
opponent5__dy,interactions,research
opponent5__distance,interactions,research
opponent5__dvx,interactions,research
opponent5__dvy,interactions,research
opponent5__relative_speed,interactions,research
opponent5__closing_speed,interactions,research
opponent5__closest_time,interactions,research
opponent5__closest_distance,interactions,research
opponent5__ball_distance,interactions,research
opponent5__ball_distance_advantage,interactions,research
opponent5__heading_alignment,interactions,research
opponent5__age_seconds,interactions,research
opponent5__present,interactions,research
opponent6__dx,interactions,research
opponent6__dy,interactions,research
opponent6__distance,interactions,research
opponent6__dvx,interactions,research
opponent6__dvy,interactions,research
opponent6__relative_speed,interactions,research
opponent6__closing_speed,interactions,research
opponent6__closest_time,interactions,research
opponent6__closest_distance,interactions,research
opponent6__ball_distance,interactions,research
opponent6__ball_distance_advantage,interactions,research
opponent6__heading_alignment,interactions,research
opponent6__age_seconds,interactions,research
opponent6__present,interactions,research
opponent__within_2yd,interactions,research
opponent__within_5yd,interactions,research
opponent__within_10yd,interactions,research
opponent__within_20yd,interactions,research
receiver1__dx,interactions,research
receiver1__dy,interactions,research
receiver1__distance,interactions,research
receiver1__dvx,interactions,research
receiver1__dvy,interactions,research
receiver1__relative_speed,interactions,research
receiver1__closing_speed,interactions,research
receiver1__closest_time,interactions,research
receiver1__closest_distance,interactions,research
receiver1__ball_distance,interactions,research
receiver1__ball_distance_advantage,interactions,research
receiver1__heading_alignment,interactions,research
receiver1__age_seconds,interactions,research
receiver1__present,interactions,research
passer1__dx,interactions,research
passer1__dy,interactions,research
passer1__distance,interactions,research
passer1__dvx,interactions,research
passer1__dvy,interactions,research
passer1__relative_speed,interactions,research
passer1__closing_speed,interactions,research
passer1__closest_time,interactions,research
passer1__closest_distance,interactions,research
passer1__ball_distance,interactions,research
passer1__ball_distance_advantage,interactions,research
passer1__heading_alignment,interactions,research
passer1__age_seconds,interactions,research
passer1__present,interactions,research
role__Targeted Receiver,context,research
role__Defensive Coverage,context,research
role__Pass Route,context,research
role__Passer,context,research
role__Unknown,context,research
field_x,context,research
field_y,context,research
line_of_scrimmage_dx,context,research
line_of_scrimmage_present,context,research
horizon_seconds,context,research
history_seconds,context,research
observation_age_seconds,context,research
time_seconds,forecast,research
time_squared,forecast,research
fraction,forecast,research
fraction_squared,forecast,research
fraction_cubed,forecast,research
remaining_seconds,forecast,research
time__relative_x,forecast_interactions,research
time__relative_y,forecast_interactions,research
time__vx,forecast_interactions,research
time__vy,forecast_interactions,research
time__ax,forecast_interactions,research
time__ay,forecast_interactions,research
time__speed,forecast_interactions,research
time__acceleration,forecast_interactions,research
time__s,forecast_interactions,research
time__a,forecast_interactions,research
time__dir_sin,forecast_interactions,research
time__dir_cos,forecast_interactions,research
time__o_sin,forecast_interactions,research
time__o_cos,forecast_interactions,research
time__orientation_alignment,forecast_interactions,research
time__ball_dx,forecast_interactions,research
time__ball_dy,forecast_interactions,research
time__ball_distance,forecast_interactions,research
time__ball_ux,forecast_interactions,research
time__ball_uy,forecast_interactions,research
time__closing_speed,forecast_interactions,research
time__lateral_speed,forecast_interactions,research
time__radial_acceleration,forecast_interactions,research
time__lateral_acceleration,forecast_interactions,research
time__turn_rate,forecast_interactions,research
time__jerk,forecast_interactions,research
time__velocity_alignment,forecast_interactions,research
time__sideline_distance,forecast_interactions,research
time__teammate1__dx,forecast_interactions,research
time__teammate1__dy,forecast_interactions,research
time__teammate1__distance,forecast_interactions,research
time__teammate1__dvx,forecast_interactions,research
time__teammate1__dvy,forecast_interactions,research
time__teammate1__closing_speed,forecast_interactions,research
time__teammate1__closest_time,forecast_interactions,research
time__teammate1__closest_distance,forecast_interactions,research
time__teammate1__ball_distance_advantage,forecast_interactions,research
time__teammate2__dx,forecast_interactions,research
time__teammate2__dy,forecast_interactions,research
time__teammate2__distance,forecast_interactions,research
time__teammate2__dvx,forecast_interactions,research
time__teammate2__dvy,forecast_interactions,research
time__teammate2__closing_speed,forecast_interactions,research
time__teammate2__closest_time,forecast_interactions,research
time__teammate2__closest_distance,forecast_interactions,research
time__teammate2__ball_distance_advantage,forecast_interactions,research
time__teammate3__dx,forecast_interactions,research
time__teammate3__dy,forecast_interactions,research
time__teammate3__distance,forecast_interactions,research
time__teammate3__dvx,forecast_interactions,research
time__teammate3__dvy,forecast_interactions,research
time__teammate3__closing_speed,forecast_interactions,research
time__teammate3__closest_time,forecast_interactions,research
time__teammate3__closest_distance,forecast_interactions,research
time__teammate3__ball_distance_advantage,forecast_interactions,research
time__teammate4__dx,forecast_interactions,research
time__teammate4__dy,forecast_interactions,research
time__teammate4__distance,forecast_interactions,research
time__teammate4__dvx,forecast_interactions,research
time__teammate4__dvy,forecast_interactions,research
time__teammate4__closing_speed,forecast_interactions,research
time__teammate4__closest_time,forecast_interactions,research
time__teammate4__closest_distance,forecast_interactions,research
time__teammate4__ball_distance_advantage,forecast_interactions,research
time__teammate5__dx,forecast_interactions,research
time__teammate5__dy,forecast_interactions,research
time__teammate5__distance,forecast_interactions,research
time__teammate5__dvx,forecast_interactions,research
time__teammate5__dvy,forecast_interactions,research
time__teammate5__closing_speed,forecast_interactions,research
time__teammate5__closest_time,forecast_interactions,research
time__teammate5__closest_distance,forecast_interactions,research
time__teammate5__ball_distance_advantage,forecast_interactions,research
time__teammate6__dx,forecast_interactions,research
time__teammate6__dy,forecast_interactions,research
time__teammate6__distance,forecast_interactions,research
time__teammate6__dvx,forecast_interactions,research
time__teammate6__dvy,forecast_interactions,research
time__teammate6__closing_speed,forecast_interactions,research
time__teammate6__closest_time,forecast_interactions,research
time__teammate6__closest_distance,forecast_interactions,research
time__teammate6__ball_distance_advantage,forecast_interactions,research
time__opponent1__dx,forecast_interactions,research
time__opponent1__dy,forecast_interactions,research
time__opponent1__distance,forecast_interactions,research
time__opponent1__dvx,forecast_interactions,research
time__opponent1__dvy,forecast_interactions,research
time__opponent1__closing_speed,forecast_interactions,research
time__opponent1__closest_time,forecast_interactions,research
time__opponent1__closest_distance,forecast_interactions,research
time__opponent1__ball_distance_advantage,forecast_interactions,research
time__opponent2__dx,forecast_interactions,research
time__opponent2__dy,forecast_interactions,research
time__opponent2__distance,forecast_interactions,research
time__opponent2__dvx,forecast_interactions,research
time__opponent2__dvy,forecast_interactions,research
time__opponent2__closing_speed,forecast_interactions,research
time__opponent2__closest_time,forecast_interactions,research
time__opponent2__closest_distance,forecast_interactions,research
time__opponent2__ball_distance_advantage,forecast_interactions,research
time__opponent3__dx,forecast_interactions,research
time__opponent3__dy,forecast_interactions,research
time__opponent3__distance,forecast_interactions,research
time__opponent3__dvx,forecast_interactions,research
time__opponent3__dvy,forecast_interactions,research
time__opponent3__closing_speed,forecast_interactions,research
time__opponent3__closest_time,forecast_interactions,research
time__opponent3__closest_distance,forecast_interactions,research
time__opponent3__ball_distance_advantage,forecast_interactions,research
time__opponent4__dx,forecast_interactions,research
time__opponent4__dy,forecast_interactions,research
time__opponent4__distance,forecast_interactions,research
time__opponent4__dvx,forecast_interactions,research
time__opponent4__dvy,forecast_interactions,research
time__opponent4__closing_speed,forecast_interactions,research
time__opponent4__closest_time,forecast_interactions,research
time__opponent4__closest_distance,forecast_interactions,research
time__opponent4__ball_distance_advantage,forecast_interactions,research
time__opponent5__dx,forecast_interactions,research
time__opponent5__dy,forecast_interactions,research
time__opponent5__distance,forecast_interactions,research
time__opponent5__dvx,forecast_interactions,research
time__opponent5__dvy,forecast_interactions,research
time__opponent5__closing_speed,forecast_interactions,research
time__opponent5__closest_time,forecast_interactions,research
time__opponent5__closest_distance,forecast_interactions,research
time__opponent5__ball_distance_advantage,forecast_interactions,research
time__opponent6__dx,forecast_interactions,research
time__opponent6__dy,forecast_interactions,research
time__opponent6__distance,forecast_interactions,research
time__opponent6__dvx,forecast_interactions,research
time__opponent6__dvy,forecast_interactions,research
time__opponent6__closing_speed,forecast_interactions,research
time__opponent6__closest_time,forecast_interactions,research
time__opponent6__closest_distance,forecast_interactions,research
time__opponent6__ball_distance_advantage,forecast_interactions,research
time__receiver1__dx,forecast_interactions,research
time__receiver1__dy,forecast_interactions,research
time__receiver1__distance,forecast_interactions,research
time__receiver1__dvx,forecast_interactions,research
time__receiver1__dvy,forecast_interactions,research
time__receiver1__closing_speed,forecast_interactions,research
time__receiver1__closest_time,forecast_interactions,research
time__receiver1__closest_distance,forecast_interactions,research
time__receiver1__ball_distance_advantage,forecast_interactions,research
time__passer1__dx,forecast_interactions,research
time__passer1__dy,forecast_interactions,research
time__passer1__distance,forecast_interactions,research
time__passer1__dvx,forecast_interactions,research
time__passer1__dvy,forecast_interactions,research
time__passer1__closing_speed,forecast_interactions,research
time__passer1__closest_time,forecast_interactions,research
time__passer1__closest_distance,forecast_interactions,research
time__passer1__ball_distance_advantage,forecast_interactions,research
fraction__relative_x,forecast_interactions,research
fraction__relative_y,forecast_interactions,research
fraction__vx,forecast_interactions,research
fraction__vy,forecast_interactions,research
fraction__ax,forecast_interactions,research
fraction__ay,forecast_interactions,research
fraction__speed,forecast_interactions,research
fraction__acceleration,forecast_interactions,research
fraction__s,forecast_interactions,research
fraction__a,forecast_interactions,research
fraction__dir_sin,forecast_interactions,research
fraction__dir_cos,forecast_interactions,research
fraction__o_sin,forecast_interactions,research
fraction__o_cos,forecast_interactions,research
fraction__orientation_alignment,forecast_interactions,research
fraction__ball_dx,forecast_interactions,research
fraction__ball_dy,forecast_interactions,research
fraction__ball_distance,forecast_interactions,research
fraction__ball_ux,forecast_interactions,research
fraction__ball_uy,forecast_interactions,research
fraction__closing_speed,forecast_interactions,research
fraction__lateral_speed,forecast_interactions,research
fraction__radial_acceleration,forecast_interactions,research
fraction__lateral_acceleration,forecast_interactions,research
fraction__turn_rate,forecast_interactions,research
fraction__jerk,forecast_interactions,research
fraction__velocity_alignment,forecast_interactions,research
fraction__sideline_distance,forecast_interactions,research
fraction__teammate1__dx,forecast_interactions,research
fraction__teammate1__dy,forecast_interactions,research
fraction__teammate1__distance,forecast_interactions,research
fraction__teammate1__dvx,forecast_interactions,research
fraction__teammate1__dvy,forecast_interactions,research
fraction__teammate1__closing_speed,forecast_interactions,research
fraction__teammate1__closest_time,forecast_interactions,research
fraction__teammate1__closest_distance,forecast_interactions,research
fraction__teammate1__ball_distance_advantage,forecast_interactions,research
fraction__teammate2__dx,forecast_interactions,research
fraction__teammate2__dy,forecast_interactions,research
fraction__teammate2__distance,forecast_interactions,research
fraction__teammate2__dvx,forecast_interactions,research
fraction__teammate2__dvy,forecast_interactions,research
fraction__teammate2__closing_speed,forecast_interactions,research
fraction__teammate2__closest_time,forecast_interactions,research
fraction__teammate2__closest_distance,forecast_interactions,research
fraction__teammate2__ball_distance_advantage,forecast_interactions,research
fraction__teammate3__dx,forecast_interactions,research
fraction__teammate3__dy,forecast_interactions,research
fraction__teammate3__distance,forecast_interactions,research
fraction__teammate3__dvx,forecast_interactions,research
fraction__teammate3__dvy,forecast_interactions,research
fraction__teammate3__closing_speed,forecast_interactions,research
fraction__teammate3__closest_time,forecast_interactions,research
fraction__teammate3__closest_distance,forecast_interactions,research
fraction__teammate3__ball_distance_advantage,forecast_interactions,research
fraction__teammate4__dx,forecast_interactions,research
fraction__teammate4__dy,forecast_interactions,research
fraction__teammate4__distance,forecast_interactions,research
fraction__teammate4__dvx,forecast_interactions,research
fraction__teammate4__dvy,forecast_interactions,research
fraction__teammate4__closing_speed,forecast_interactions,research
fraction__teammate4__closest_time,forecast_interactions,research
fraction__teammate4__closest_distance,forecast_interactions,research
fraction__teammate4__ball_distance_advantage,forecast_interactions,research
fraction__teammate5__dx,forecast_interactions,research
fraction__teammate5__dy,forecast_interactions,research
fraction__teammate5__distance,forecast_interactions,research
fraction__teammate5__dvx,forecast_interactions,research
fraction__teammate5__dvy,forecast_interactions,research
fraction__teammate5__closing_speed,forecast_interactions,research
fraction__teammate5__closest_time,forecast_interactions,research
fraction__teammate5__closest_distance,forecast_interactions,research
fraction__teammate5__ball_distance_advantage,forecast_interactions,research
fraction__teammate6__dx,forecast_interactions,research
fraction__teammate6__dy,forecast_interactions,research
fraction__teammate6__distance,forecast_interactions,research
fraction__teammate6__dvx,forecast_interactions,research
fraction__teammate6__dvy,forecast_interactions,research
fraction__teammate6__closing_speed,forecast_interactions,research
fraction__teammate6__closest_time,forecast_interactions,research
fraction__teammate6__closest_distance,forecast_interactions,research
fraction__teammate6__ball_distance_advantage,forecast_interactions,research
fraction__opponent1__dx,forecast_interactions,research
fraction__opponent1__dy,forecast_interactions,research
fraction__opponent1__distance,forecast_interactions,research
fraction__opponent1__dvx,forecast_interactions,research
fraction__opponent1__dvy,forecast_interactions,research
fraction__opponent1__closing_speed,forecast_interactions,research
fraction__opponent1__closest_time,forecast_interactions,research
fraction__opponent1__closest_distance,forecast_interactions,research
fraction__opponent1__ball_distance_advantage,forecast_interactions,research
fraction__opponent2__dx,forecast_interactions,research
fraction__opponent2__dy,forecast_interactions,research
fraction__opponent2__distance,forecast_interactions,research
fraction__opponent2__dvx,forecast_interactions,research
fraction__opponent2__dvy,forecast_interactions,research
fraction__opponent2__closing_speed,forecast_interactions,research
fraction__opponent2__closest_time,forecast_interactions,research
fraction__opponent2__closest_distance,forecast_interactions,research
fraction__opponent2__ball_distance_advantage,forecast_interactions,research
fraction__opponent3__dx,forecast_interactions,research
fraction__opponent3__dy,forecast_interactions,research
fraction__opponent3__distance,forecast_interactions,research
fraction__opponent3__dvx,forecast_interactions,research
fraction__opponent3__dvy,forecast_interactions,research
fraction__opponent3__closing_speed,forecast_interactions,research
fraction__opponent3__closest_time,forecast_interactions,research
fraction__opponent3__closest_distance,forecast_interactions,research
fraction__opponent3__ball_distance_advantage,forecast_interactions,research
fraction__opponent4__dx,forecast_interactions,research
fraction__opponent4__dy,forecast_interactions,research
fraction__opponent4__distance,forecast_interactions,research
fraction__opponent4__dvx,forecast_interactions,research
fraction__opponent4__dvy,forecast_interactions,research
fraction__opponent4__closing_speed,forecast_interactions,research
fraction__opponent4__closest_time,forecast_interactions,research
fraction__opponent4__closest_distance,forecast_interactions,research
fraction__opponent4__ball_distance_advantage,forecast_interactions,research
fraction__opponent5__dx,forecast_interactions,research
fraction__opponent5__dy,forecast_interactions,research
fraction__opponent5__distance,forecast_interactions,research
fraction__opponent5__dvx,forecast_interactions,research
fraction__opponent5__dvy,forecast_interactions,research
fraction__opponent5__closing_speed,forecast_interactions,research
fraction__opponent5__closest_time,forecast_interactions,research
fraction__opponent5__closest_distance,forecast_interactions,research
fraction__opponent5__ball_distance_advantage,forecast_interactions,research
fraction__opponent6__dx,forecast_interactions,research
fraction__opponent6__dy,forecast_interactions,research
fraction__opponent6__distance,forecast_interactions,research
fraction__opponent6__dvx,forecast_interactions,research
fraction__opponent6__dvy,forecast_interactions,research
fraction__opponent6__closing_speed,forecast_interactions,research
fraction__opponent6__closest_time,forecast_interactions,research
fraction__opponent6__closest_distance,forecast_interactions,research
fraction__opponent6__ball_distance_advantage,forecast_interactions,research
fraction__receiver1__dx,forecast_interactions,research
fraction__receiver1__dy,forecast_interactions,research
fraction__receiver1__distance,forecast_interactions,research
fraction__receiver1__dvx,forecast_interactions,research
fraction__receiver1__dvy,forecast_interactions,research
fraction__receiver1__closing_speed,forecast_interactions,research
fraction__receiver1__closest_time,forecast_interactions,research
fraction__receiver1__closest_distance,forecast_interactions,research
fraction__receiver1__ball_distance_advantage,forecast_interactions,research
fraction__passer1__dx,forecast_interactions,research
fraction__passer1__dy,forecast_interactions,research
fraction__passer1__distance,forecast_interactions,research
fraction__passer1__dvx,forecast_interactions,research
fraction__passer1__dvy,forecast_interactions,research
fraction__passer1__closing_speed,forecast_interactions,research
fraction__passer1__closest_time,forecast_interactions,research
fraction__passer1__closest_distance,forecast_interactions,research
fraction__passer1__ball_distance_advantage,forecast_interactions,research
fraction_squared__relative_x,forecast_interactions,research
fraction_squared__relative_y,forecast_interactions,research
fraction_squared__vx,forecast_interactions,research
fraction_squared__vy,forecast_interactions,research
fraction_squared__ax,forecast_interactions,research
fraction_squared__ay,forecast_interactions,research
fraction_squared__speed,forecast_interactions,research
fraction_squared__acceleration,forecast_interactions,research
fraction_squared__s,forecast_interactions,research
fraction_squared__a,forecast_interactions,research
fraction_squared__dir_sin,forecast_interactions,research
fraction_squared__dir_cos,forecast_interactions,research
fraction_squared__o_sin,forecast_interactions,research
fraction_squared__o_cos,forecast_interactions,research
fraction_squared__orientation_alignment,forecast_interactions,research
fraction_squared__ball_dx,forecast_interactions,research
fraction_squared__ball_dy,forecast_interactions,research
fraction_squared__ball_distance,forecast_interactions,research
fraction_squared__ball_ux,forecast_interactions,research
fraction_squared__ball_uy,forecast_interactions,research
fraction_squared__closing_speed,forecast_interactions,research
fraction_squared__lateral_speed,forecast_interactions,research
fraction_squared__radial_acceleration,forecast_interactions,research
fraction_squared__lateral_acceleration,forecast_interactions,research
fraction_squared__turn_rate,forecast_interactions,research
fraction_squared__jerk,forecast_interactions,research
fraction_squared__velocity_alignment,forecast_interactions,research
fraction_squared__sideline_distance,forecast_interactions,research
fraction_squared__teammate1__dx,forecast_interactions,research
fraction_squared__teammate1__dy,forecast_interactions,research
fraction_squared__teammate1__distance,forecast_interactions,research
fraction_squared__teammate1__dvx,forecast_interactions,research
fraction_squared__teammate1__dvy,forecast_interactions,research
fraction_squared__teammate1__closing_speed,forecast_interactions,research
fraction_squared__teammate1__closest_time,forecast_interactions,research
fraction_squared__teammate1__closest_distance,forecast_interactions,research
fraction_squared__teammate1__ball_distance_advantage,forecast_interactions,research
fraction_squared__teammate2__dx,forecast_interactions,research
fraction_squared__teammate2__dy,forecast_interactions,research
fraction_squared__teammate2__distance,forecast_interactions,research
fraction_squared__teammate2__dvx,forecast_interactions,research
fraction_squared__teammate2__dvy,forecast_interactions,research
fraction_squared__teammate2__closing_speed,forecast_interactions,research
fraction_squared__teammate2__closest_time,forecast_interactions,research
fraction_squared__teammate2__closest_distance,forecast_interactions,research
fraction_squared__teammate2__ball_distance_advantage,forecast_interactions,research
fraction_squared__teammate3__dx,forecast_interactions,research
fraction_squared__teammate3__dy,forecast_interactions,research
fraction_squared__teammate3__distance,forecast_interactions,research
fraction_squared__teammate3__dvx,forecast_interactions,research
fraction_squared__teammate3__dvy,forecast_interactions,research
fraction_squared__teammate3__closing_speed,forecast_interactions,research
fraction_squared__teammate3__closest_time,forecast_interactions,research
fraction_squared__teammate3__closest_distance,forecast_interactions,research
fraction_squared__teammate3__ball_distance_advantage,forecast_interactions,research
fraction_squared__teammate4__dx,forecast_interactions,research
fraction_squared__teammate4__dy,forecast_interactions,research
fraction_squared__teammate4__distance,forecast_interactions,research
fraction_squared__teammate4__dvx,forecast_interactions,research
fraction_squared__teammate4__dvy,forecast_interactions,research
fraction_squared__teammate4__closing_speed,forecast_interactions,research
fraction_squared__teammate4__closest_time,forecast_interactions,research
fraction_squared__teammate4__closest_distance,forecast_interactions,research
fraction_squared__teammate4__ball_distance_advantage,forecast_interactions,research
fraction_squared__teammate5__dx,forecast_interactions,research
fraction_squared__teammate5__dy,forecast_interactions,research
fraction_squared__teammate5__distance,forecast_interactions,research
fraction_squared__teammate5__dvx,forecast_interactions,research
fraction_squared__teammate5__dvy,forecast_interactions,research
fraction_squared__teammate5__closing_speed,forecast_interactions,research
fraction_squared__teammate5__closest_time,forecast_interactions,research
fraction_squared__teammate5__closest_distance,forecast_interactions,research
fraction_squared__teammate5__ball_distance_advantage,forecast_interactions,research
fraction_squared__teammate6__dx,forecast_interactions,research
fraction_squared__teammate6__dy,forecast_interactions,research
fraction_squared__teammate6__distance,forecast_interactions,research
fraction_squared__teammate6__dvx,forecast_interactions,research
fraction_squared__teammate6__dvy,forecast_interactions,research
fraction_squared__teammate6__closing_speed,forecast_interactions,research
fraction_squared__teammate6__closest_time,forecast_interactions,research
fraction_squared__teammate6__closest_distance,forecast_interactions,research
fraction_squared__teammate6__ball_distance_advantage,forecast_interactions,research
fraction_squared__opponent1__dx,forecast_interactions,research
fraction_squared__opponent1__dy,forecast_interactions,research
fraction_squared__opponent1__distance,forecast_interactions,research
fraction_squared__opponent1__dvx,forecast_interactions,research
fraction_squared__opponent1__dvy,forecast_interactions,research
fraction_squared__opponent1__closing_speed,forecast_interactions,research
fraction_squared__opponent1__closest_time,forecast_interactions,research
fraction_squared__opponent1__closest_distance,forecast_interactions,research
fraction_squared__opponent1__ball_distance_advantage,forecast_interactions,research
fraction_squared__opponent2__dx,forecast_interactions,research
fraction_squared__opponent2__dy,forecast_interactions,research
fraction_squared__opponent2__distance,forecast_interactions,research
fraction_squared__opponent2__dvx,forecast_interactions,research
fraction_squared__opponent2__dvy,forecast_interactions,research
fraction_squared__opponent2__closing_speed,forecast_interactions,research
fraction_squared__opponent2__closest_time,forecast_interactions,research
fraction_squared__opponent2__closest_distance,forecast_interactions,research
fraction_squared__opponent2__ball_distance_advantage,forecast_interactions,research
fraction_squared__opponent3__dx,forecast_interactions,research
fraction_squared__opponent3__dy,forecast_interactions,research
fraction_squared__opponent3__distance,forecast_interactions,research
fraction_squared__opponent3__dvx,forecast_interactions,research
fraction_squared__opponent3__dvy,forecast_interactions,research
fraction_squared__opponent3__closing_speed,forecast_interactions,research
fraction_squared__opponent3__closest_time,forecast_interactions,research
fraction_squared__opponent3__closest_distance,forecast_interactions,research
fraction_squared__opponent3__ball_distance_advantage,forecast_interactions,research
fraction_squared__opponent4__dx,forecast_interactions,research
fraction_squared__opponent4__dy,forecast_interactions,research
fraction_squared__opponent4__distance,forecast_interactions,research
fraction_squared__opponent4__dvx,forecast_interactions,research
fraction_squared__opponent4__dvy,forecast_interactions,research
fraction_squared__opponent4__closing_speed,forecast_interactions,research
fraction_squared__opponent4__closest_time,forecast_interactions,research
fraction_squared__opponent4__closest_distance,forecast_interactions,research
fraction_squared__opponent4__ball_distance_advantage,forecast_interactions,research
fraction_squared__opponent5__dx,forecast_interactions,research
fraction_squared__opponent5__dy,forecast_interactions,research
fraction_squared__opponent5__distance,forecast_interactions,research
fraction_squared__opponent5__dvx,forecast_interactions,research
fraction_squared__opponent5__dvy,forecast_interactions,research
fraction_squared__opponent5__closing_speed,forecast_interactions,research
fraction_squared__opponent5__closest_time,forecast_interactions,research
fraction_squared__opponent5__closest_distance,forecast_interactions,research
fraction_squared__opponent5__ball_distance_advantage,forecast_interactions,research
fraction_squared__opponent6__dx,forecast_interactions,research
fraction_squared__opponent6__dy,forecast_interactions,research
fraction_squared__opponent6__distance,forecast_interactions,research
fraction_squared__opponent6__dvx,forecast_interactions,research
fraction_squared__opponent6__dvy,forecast_interactions,research
fraction_squared__opponent6__closing_speed,forecast_interactions,research
fraction_squared__opponent6__closest_time,forecast_interactions,research
fraction_squared__opponent6__closest_distance,forecast_interactions,research
fraction_squared__opponent6__ball_distance_advantage,forecast_interactions,research
fraction_squared__receiver1__dx,forecast_interactions,research
fraction_squared__receiver1__dy,forecast_interactions,research
fraction_squared__receiver1__distance,forecast_interactions,research
fraction_squared__receiver1__dvx,forecast_interactions,research
fraction_squared__receiver1__dvy,forecast_interactions,research
fraction_squared__receiver1__closing_speed,forecast_interactions,research
fraction_squared__receiver1__closest_time,forecast_interactions,research
fraction_squared__receiver1__closest_distance,forecast_interactions,research
fraction_squared__receiver1__ball_distance_advantage,forecast_interactions,research
fraction_squared__passer1__dx,forecast_interactions,research
fraction_squared__passer1__dy,forecast_interactions,research
fraction_squared__passer1__distance,forecast_interactions,research
fraction_squared__passer1__dvx,forecast_interactions,research
fraction_squared__passer1__dvy,forecast_interactions,research
fraction_squared__passer1__closing_speed,forecast_interactions,research
fraction_squared__passer1__closest_time,forecast_interactions,research
fraction_squared__passer1__closest_distance,forecast_interactions,research
fraction_squared__passer1__ball_distance_advantage,forecast_interactions,research
contrast03_05__relative_x__mean,multiscale,research
contrast03_05__relative_x__std,multiscale,research
contrast03_05__relative_x__slope,multiscale,research
contrast05_08__relative_x__mean,multiscale,research
contrast05_08__relative_x__std,multiscale,research
contrast05_08__relative_x__slope,multiscale,research
contrast08_12__relative_x__mean,multiscale,research
contrast08_12__relative_x__std,multiscale,research
contrast08_12__relative_x__slope,multiscale,research
contrast12_20__relative_x__mean,multiscale,research
contrast12_20__relative_x__std,multiscale,research
contrast12_20__relative_x__slope,multiscale,research
contrast20_30__relative_x__mean,multiscale,research
contrast20_30__relative_x__std,multiscale,research
contrast20_30__relative_x__slope,multiscale,research
contrast30_40__relative_x__mean,multiscale,research
contrast30_40__relative_x__std,multiscale,research
contrast30_40__relative_x__slope,multiscale,research
signed_log__relative_x,nonlinear,research
bounded__relative_x,nonlinear,research
energy__relative_x,nonlinear,research
contrast03_05__relative_y__mean,multiscale,research
contrast03_05__relative_y__std,multiscale,research
contrast03_05__relative_y__slope,multiscale,research
contrast05_08__relative_y__mean,multiscale,research
contrast05_08__relative_y__std,multiscale,research
contrast05_08__relative_y__slope,multiscale,research
contrast08_12__relative_y__mean,multiscale,research
contrast08_12__relative_y__std,multiscale,research
contrast08_12__relative_y__slope,multiscale,research
contrast12_20__relative_y__mean,multiscale,research
contrast12_20__relative_y__std,multiscale,research
contrast12_20__relative_y__slope,multiscale,research
contrast20_30__relative_y__mean,multiscale,research
contrast20_30__relative_y__std,multiscale,research
contrast20_30__relative_y__slope,multiscale,research
contrast30_40__relative_y__mean,multiscale,research
contrast30_40__relative_y__std,multiscale,research
contrast30_40__relative_y__slope,multiscale,research
signed_log__relative_y,nonlinear,research
bounded__relative_y,nonlinear,research
energy__relative_y,nonlinear,research
contrast03_05__vx__mean,multiscale,research
contrast03_05__vx__std,multiscale,research
contrast03_05__vx__slope,multiscale,research
contrast05_08__vx__mean,multiscale,research
contrast05_08__vx__std,multiscale,research
contrast05_08__vx__slope,multiscale,research
contrast08_12__vx__mean,multiscale,research
contrast08_12__vx__std,multiscale,research
contrast08_12__vx__slope,multiscale,research
contrast12_20__vx__mean,multiscale,research
contrast12_20__vx__std,multiscale,research
contrast12_20__vx__slope,multiscale,research
contrast20_30__vx__mean,multiscale,research
contrast20_30__vx__std,multiscale,research
contrast20_30__vx__slope,multiscale,research
contrast30_40__vx__mean,multiscale,research
contrast30_40__vx__std,multiscale,research
contrast30_40__vx__slope,multiscale,research
signed_log__vx,nonlinear,research
bounded__vx,nonlinear,research
energy__vx,nonlinear,research
contrast03_05__vy__mean,multiscale,research
contrast03_05__vy__std,multiscale,research
contrast03_05__vy__slope,multiscale,research
contrast05_08__vy__mean,multiscale,research
contrast05_08__vy__std,multiscale,research
contrast05_08__vy__slope,multiscale,research
contrast08_12__vy__mean,multiscale,research
contrast08_12__vy__std,multiscale,research
contrast08_12__vy__slope,multiscale,research
contrast12_20__vy__mean,multiscale,research
contrast12_20__vy__std,multiscale,research
contrast12_20__vy__slope,multiscale,research
contrast20_30__vy__mean,multiscale,research
contrast20_30__vy__std,multiscale,research
contrast20_30__vy__slope,multiscale,research
contrast30_40__vy__mean,multiscale,research
contrast30_40__vy__std,multiscale,research
contrast30_40__vy__slope,multiscale,research
signed_log__vy,nonlinear,research
bounded__vy,nonlinear,research
energy__vy,nonlinear,research
contrast03_05__ax__mean,multiscale,research
contrast03_05__ax__std,multiscale,research
contrast03_05__ax__slope,multiscale,research
contrast05_08__ax__mean,multiscale,research
contrast05_08__ax__std,multiscale,research
contrast05_08__ax__slope,multiscale,research
contrast08_12__ax__mean,multiscale,research
contrast08_12__ax__std,multiscale,research
contrast08_12__ax__slope,multiscale,research
contrast12_20__ax__mean,multiscale,research
contrast12_20__ax__std,multiscale,research
contrast12_20__ax__slope,multiscale,research
contrast20_30__ax__mean,multiscale,research
contrast20_30__ax__std,multiscale,research
contrast20_30__ax__slope,multiscale,research
contrast30_40__ax__mean,multiscale,research
contrast30_40__ax__std,multiscale,research
contrast30_40__ax__slope,multiscale,research
signed_log__ax,nonlinear,research
bounded__ax,nonlinear,research
energy__ax,nonlinear,research
contrast03_05__ay__mean,multiscale,research
contrast03_05__ay__std,multiscale,research
contrast03_05__ay__slope,multiscale,research
contrast05_08__ay__mean,multiscale,research
contrast05_08__ay__std,multiscale,research
contrast05_08__ay__slope,multiscale,research
contrast08_12__ay__mean,multiscale,research
contrast08_12__ay__std,multiscale,research
contrast08_12__ay__slope,multiscale,research
contrast12_20__ay__mean,multiscale,research
contrast12_20__ay__std,multiscale,research
contrast12_20__ay__slope,multiscale,research
contrast20_30__ay__mean,multiscale,research
contrast20_30__ay__std,multiscale,research
contrast20_30__ay__slope,multiscale,research
contrast30_40__ay__mean,multiscale,research
contrast30_40__ay__std,multiscale,research
contrast30_40__ay__slope,multiscale,research
signed_log__ay,nonlinear,research
bounded__ay,nonlinear,research
energy__ay,nonlinear,research
contrast03_05__speed__mean,multiscale,research
contrast03_05__speed__std,multiscale,research
contrast03_05__speed__slope,multiscale,research
contrast05_08__speed__mean,multiscale,research
contrast05_08__speed__std,multiscale,research
contrast05_08__speed__slope,multiscale,research
contrast08_12__speed__mean,multiscale,research
contrast08_12__speed__std,multiscale,research
contrast08_12__speed__slope,multiscale,research
contrast12_20__speed__mean,multiscale,research
contrast12_20__speed__std,multiscale,research
contrast12_20__speed__slope,multiscale,research
contrast20_30__speed__mean,multiscale,research
contrast20_30__speed__std,multiscale,research
contrast20_30__speed__slope,multiscale,research
contrast30_40__speed__mean,multiscale,research
contrast30_40__speed__std,multiscale,research
contrast30_40__speed__slope,multiscale,research
signed_log__speed,nonlinear,research
bounded__speed,nonlinear,research
energy__speed,nonlinear,research
contrast03_05__acceleration__mean,multiscale,research
contrast03_05__acceleration__std,multiscale,research
contrast03_05__acceleration__slope,multiscale,research
contrast05_08__acceleration__mean,multiscale,research
contrast05_08__acceleration__std,multiscale,research
contrast05_08__acceleration__slope,multiscale,research
contrast08_12__acceleration__mean,multiscale,research
contrast08_12__acceleration__std,multiscale,research
contrast08_12__acceleration__slope,multiscale,research
contrast12_20__acceleration__mean,multiscale,research
contrast12_20__acceleration__std,multiscale,research
contrast12_20__acceleration__slope,multiscale,research
contrast20_30__acceleration__mean,multiscale,research
contrast20_30__acceleration__std,multiscale,research
contrast20_30__acceleration__slope,multiscale,research
contrast30_40__acceleration__mean,multiscale,research
contrast30_40__acceleration__std,multiscale,research
contrast30_40__acceleration__slope,multiscale,research
signed_log__acceleration,nonlinear,research
bounded__acceleration,nonlinear,research
energy__acceleration,nonlinear,research
contrast03_05__s__mean,multiscale,research
contrast03_05__s__std,multiscale,research
contrast03_05__s__slope,multiscale,research
contrast05_08__s__mean,multiscale,research
contrast05_08__s__std,multiscale,research
contrast05_08__s__slope,multiscale,research
contrast08_12__s__mean,multiscale,research
contrast08_12__s__std,multiscale,research
contrast08_12__s__slope,multiscale,research
contrast12_20__s__mean,multiscale,research
contrast12_20__s__std,multiscale,research
contrast12_20__s__slope,multiscale,research
contrast20_30__s__mean,multiscale,research
contrast20_30__s__std,multiscale,research
contrast20_30__s__slope,multiscale,research
contrast30_40__s__mean,multiscale,research
contrast30_40__s__std,multiscale,research
contrast30_40__s__slope,multiscale,research
signed_log__s,nonlinear,research
bounded__s,nonlinear,research
energy__s,nonlinear,research
contrast03_05__a__mean,multiscale,research
contrast03_05__a__std,multiscale,research
contrast03_05__a__slope,multiscale,research
contrast05_08__a__mean,multiscale,research
contrast05_08__a__std,multiscale,research
contrast05_08__a__slope,multiscale,research
contrast08_12__a__mean,multiscale,research
contrast08_12__a__std,multiscale,research
contrast08_12__a__slope,multiscale,research
contrast12_20__a__mean,multiscale,research
contrast12_20__a__std,multiscale,research
contrast12_20__a__slope,multiscale,research
contrast20_30__a__mean,multiscale,research
contrast20_30__a__std,multiscale,research
contrast20_30__a__slope,multiscale,research
contrast30_40__a__mean,multiscale,research
contrast30_40__a__std,multiscale,research
contrast30_40__a__slope,multiscale,research
signed_log__a,nonlinear,research
bounded__a,nonlinear,research
energy__a,nonlinear,research
contrast03_05__dir_sin__mean,multiscale,research
contrast03_05__dir_sin__std,multiscale,research
contrast03_05__dir_sin__slope,multiscale,research
contrast05_08__dir_sin__mean,multiscale,research
contrast05_08__dir_sin__std,multiscale,research
contrast05_08__dir_sin__slope,multiscale,research
contrast08_12__dir_sin__mean,multiscale,research
contrast08_12__dir_sin__std,multiscale,research
contrast08_12__dir_sin__slope,multiscale,research
contrast12_20__dir_sin__mean,multiscale,research
contrast12_20__dir_sin__std,multiscale,research
contrast12_20__dir_sin__slope,multiscale,research
contrast20_30__dir_sin__mean,multiscale,research
contrast20_30__dir_sin__std,multiscale,research
contrast20_30__dir_sin__slope,multiscale,research
contrast30_40__dir_sin__mean,multiscale,research
contrast30_40__dir_sin__std,multiscale,research
contrast30_40__dir_sin__slope,multiscale,research
signed_log__dir_sin,nonlinear,research
bounded__dir_sin,nonlinear,research
energy__dir_sin,nonlinear,research
contrast03_05__dir_cos__mean,multiscale,research
contrast03_05__dir_cos__std,multiscale,research
contrast03_05__dir_cos__slope,multiscale,research
contrast05_08__dir_cos__mean,multiscale,research
contrast05_08__dir_cos__std,multiscale,research
contrast05_08__dir_cos__slope,multiscale,research
contrast08_12__dir_cos__mean,multiscale,research
contrast08_12__dir_cos__std,multiscale,research
contrast08_12__dir_cos__slope,multiscale,research
contrast12_20__dir_cos__mean,multiscale,research
contrast12_20__dir_cos__std,multiscale,research
contrast12_20__dir_cos__slope,multiscale,research
contrast20_30__dir_cos__mean,multiscale,research
contrast20_30__dir_cos__std,multiscale,research
contrast20_30__dir_cos__slope,multiscale,research
contrast30_40__dir_cos__mean,multiscale,research
contrast30_40__dir_cos__std,multiscale,research
contrast30_40__dir_cos__slope,multiscale,research
signed_log__dir_cos,nonlinear,research
bounded__dir_cos,nonlinear,research
energy__dir_cos,nonlinear,research
contrast03_05__o_sin__mean,multiscale,research
contrast03_05__o_sin__std,multiscale,research
contrast03_05__o_sin__slope,multiscale,research
contrast05_08__o_sin__mean,multiscale,research
contrast05_08__o_sin__std,multiscale,research
contrast05_08__o_sin__slope,multiscale,research
contrast08_12__o_sin__mean,multiscale,research
contrast08_12__o_sin__std,multiscale,research
contrast08_12__o_sin__slope,multiscale,research
contrast12_20__o_sin__mean,multiscale,research
contrast12_20__o_sin__std,multiscale,research
contrast12_20__o_sin__slope,multiscale,research
contrast20_30__o_sin__mean,multiscale,research
contrast20_30__o_sin__std,multiscale,research
contrast20_30__o_sin__slope,multiscale,research
contrast30_40__o_sin__mean,multiscale,research
contrast30_40__o_sin__std,multiscale,research
contrast30_40__o_sin__slope,multiscale,research
signed_log__o_sin,nonlinear,research
bounded__o_sin,nonlinear,research
energy__o_sin,nonlinear,research
contrast03_05__o_cos__mean,multiscale,research
contrast03_05__o_cos__std,multiscale,research
contrast03_05__o_cos__slope,multiscale,research
contrast05_08__o_cos__mean,multiscale,research
contrast05_08__o_cos__std,multiscale,research
contrast05_08__o_cos__slope,multiscale,research
contrast08_12__o_cos__mean,multiscale,research
contrast08_12__o_cos__std,multiscale,research
contrast08_12__o_cos__slope,multiscale,research
contrast12_20__o_cos__mean,multiscale,research
contrast12_20__o_cos__std,multiscale,research
contrast12_20__o_cos__slope,multiscale,research
contrast20_30__o_cos__mean,multiscale,research
contrast20_30__o_cos__std,multiscale,research
contrast20_30__o_cos__slope,multiscale,research
contrast30_40__o_cos__mean,multiscale,research
contrast30_40__o_cos__std,multiscale,research
contrast30_40__o_cos__slope,multiscale,research
signed_log__o_cos,nonlinear,research
bounded__o_cos,nonlinear,research
energy__o_cos,nonlinear,research
contrast03_05__orientation_alignment__mean,multiscale,research
contrast03_05__orientation_alignment__std,multiscale,research
contrast03_05__orientation_alignment__slope,multiscale,research
contrast05_08__orientation_alignment__mean,multiscale,research
contrast05_08__orientation_alignment__std,multiscale,research
contrast05_08__orientation_alignment__slope,multiscale,research
contrast08_12__orientation_alignment__mean,multiscale,research
contrast08_12__orientation_alignment__std,multiscale,research
contrast08_12__orientation_alignment__slope,multiscale,research
contrast12_20__orientation_alignment__mean,multiscale,research
contrast12_20__orientation_alignment__std,multiscale,research
contrast12_20__orientation_alignment__slope,multiscale,research
contrast20_30__orientation_alignment__mean,multiscale,research
contrast20_30__orientation_alignment__std,multiscale,research
contrast20_30__orientation_alignment__slope,multiscale,research
contrast30_40__orientation_alignment__mean,multiscale,research
contrast30_40__orientation_alignment__std,multiscale,research
contrast30_40__orientation_alignment__slope,multiscale,research
signed_log__orientation_alignment,nonlinear,research
bounded__orientation_alignment,nonlinear,research
energy__orientation_alignment,nonlinear,research
contrast03_05__ball_dx__mean,multiscale,research
contrast03_05__ball_dx__std,multiscale,research
contrast03_05__ball_dx__slope,multiscale,research
contrast05_08__ball_dx__mean,multiscale,research
contrast05_08__ball_dx__std,multiscale,research
contrast05_08__ball_dx__slope,multiscale,research
contrast08_12__ball_dx__mean,multiscale,research
contrast08_12__ball_dx__std,multiscale,research
contrast08_12__ball_dx__slope,multiscale,research
contrast12_20__ball_dx__mean,multiscale,research
contrast12_20__ball_dx__std,multiscale,research
contrast12_20__ball_dx__slope,multiscale,research
contrast20_30__ball_dx__mean,multiscale,research
contrast20_30__ball_dx__std,multiscale,research
contrast20_30__ball_dx__slope,multiscale,research
contrast30_40__ball_dx__mean,multiscale,research
contrast30_40__ball_dx__std,multiscale,research
contrast30_40__ball_dx__slope,multiscale,research
signed_log__ball_dx,nonlinear,research
bounded__ball_dx,nonlinear,research
energy__ball_dx,nonlinear,research
contrast03_05__ball_dy__mean,multiscale,research
contrast03_05__ball_dy__std,multiscale,research
contrast03_05__ball_dy__slope,multiscale,research
contrast05_08__ball_dy__mean,multiscale,research
contrast05_08__ball_dy__std,multiscale,research
contrast05_08__ball_dy__slope,multiscale,research
contrast08_12__ball_dy__mean,multiscale,research
contrast08_12__ball_dy__std,multiscale,research
contrast08_12__ball_dy__slope,multiscale,research
contrast12_20__ball_dy__mean,multiscale,research
contrast12_20__ball_dy__std,multiscale,research
contrast12_20__ball_dy__slope,multiscale,research
contrast20_30__ball_dy__mean,multiscale,research
contrast20_30__ball_dy__std,multiscale,research
contrast20_30__ball_dy__slope,multiscale,research
contrast30_40__ball_dy__mean,multiscale,research
contrast30_40__ball_dy__std,multiscale,research
contrast30_40__ball_dy__slope,multiscale,research
signed_log__ball_dy,nonlinear,research
bounded__ball_dy,nonlinear,research
energy__ball_dy,nonlinear,research
contrast03_05__ball_distance__mean,multiscale,research
contrast03_05__ball_distance__std,multiscale,research
contrast03_05__ball_distance__slope,multiscale,research
contrast05_08__ball_distance__mean,multiscale,research
contrast05_08__ball_distance__std,multiscale,research
contrast05_08__ball_distance__slope,multiscale,research
contrast08_12__ball_distance__mean,multiscale,research
contrast08_12__ball_distance__std,multiscale,research
contrast08_12__ball_distance__slope,multiscale,research
contrast12_20__ball_distance__mean,multiscale,research
contrast12_20__ball_distance__std,multiscale,research
contrast12_20__ball_distance__slope,multiscale,research
contrast20_30__ball_distance__mean,multiscale,research
contrast20_30__ball_distance__std,multiscale,research
contrast20_30__ball_distance__slope,multiscale,research
contrast30_40__ball_distance__mean,multiscale,research
contrast30_40__ball_distance__std,multiscale,research
contrast30_40__ball_distance__slope,multiscale,research
signed_log__ball_distance,nonlinear,research
bounded__ball_distance,nonlinear,research
energy__ball_distance,nonlinear,research
contrast03_05__ball_ux__mean,multiscale,research
contrast03_05__ball_ux__std,multiscale,research
contrast03_05__ball_ux__slope,multiscale,research
contrast05_08__ball_ux__mean,multiscale,research
contrast05_08__ball_ux__std,multiscale,research
contrast05_08__ball_ux__slope,multiscale,research
contrast08_12__ball_ux__mean,multiscale,research
contrast08_12__ball_ux__std,multiscale,research
contrast08_12__ball_ux__slope,multiscale,research
contrast12_20__ball_ux__mean,multiscale,research
contrast12_20__ball_ux__std,multiscale,research
contrast12_20__ball_ux__slope,multiscale,research
contrast20_30__ball_ux__mean,multiscale,research
contrast20_30__ball_ux__std,multiscale,research
contrast20_30__ball_ux__slope,multiscale,research
contrast30_40__ball_ux__mean,multiscale,research
contrast30_40__ball_ux__std,multiscale,research
contrast30_40__ball_ux__slope,multiscale,research
signed_log__ball_ux,nonlinear,research
bounded__ball_ux,nonlinear,research
energy__ball_ux,nonlinear,research
contrast03_05__ball_uy__mean,multiscale,research
contrast03_05__ball_uy__std,multiscale,research
contrast03_05__ball_uy__slope,multiscale,research
contrast05_08__ball_uy__mean,multiscale,research
contrast05_08__ball_uy__std,multiscale,research
contrast05_08__ball_uy__slope,multiscale,research
contrast08_12__ball_uy__mean,multiscale,research
contrast08_12__ball_uy__std,multiscale,research
contrast08_12__ball_uy__slope,multiscale,research
contrast12_20__ball_uy__mean,multiscale,research
contrast12_20__ball_uy__std,multiscale,research
contrast12_20__ball_uy__slope,multiscale,research
contrast20_30__ball_uy__mean,multiscale,research
contrast20_30__ball_uy__std,multiscale,research
contrast20_30__ball_uy__slope,multiscale,research
contrast30_40__ball_uy__mean,multiscale,research
contrast30_40__ball_uy__std,multiscale,research
contrast30_40__ball_uy__slope,multiscale,research
signed_log__ball_uy,nonlinear,research
bounded__ball_uy,nonlinear,research
energy__ball_uy,nonlinear,research
contrast03_05__closing_speed__mean,multiscale,research
contrast03_05__closing_speed__std,multiscale,research
contrast03_05__closing_speed__slope,multiscale,research
contrast05_08__closing_speed__mean,multiscale,research
contrast05_08__closing_speed__std,multiscale,research
contrast05_08__closing_speed__slope,multiscale,research
contrast08_12__closing_speed__mean,multiscale,research
contrast08_12__closing_speed__std,multiscale,research
contrast08_12__closing_speed__slope,multiscale,research
contrast12_20__closing_speed__mean,multiscale,research
contrast12_20__closing_speed__std,multiscale,research
contrast12_20__closing_speed__slope,multiscale,research
contrast20_30__closing_speed__mean,multiscale,research
contrast20_30__closing_speed__std,multiscale,research
contrast20_30__closing_speed__slope,multiscale,research
contrast30_40__closing_speed__mean,multiscale,research
contrast30_40__closing_speed__std,multiscale,research
contrast30_40__closing_speed__slope,multiscale,research
signed_log__closing_speed,nonlinear,research
bounded__closing_speed,nonlinear,research
energy__closing_speed,nonlinear,research
contrast03_05__lateral_speed__mean,multiscale,research
contrast03_05__lateral_speed__std,multiscale,research
contrast03_05__lateral_speed__slope,multiscale,research
contrast05_08__lateral_speed__mean,multiscale,research
contrast05_08__lateral_speed__std,multiscale,research
contrast05_08__lateral_speed__slope,multiscale,research
contrast08_12__lateral_speed__mean,multiscale,research
contrast08_12__lateral_speed__std,multiscale,research
contrast08_12__lateral_speed__slope,multiscale,research
contrast12_20__lateral_speed__mean,multiscale,research
contrast12_20__lateral_speed__std,multiscale,research
contrast12_20__lateral_speed__slope,multiscale,research
contrast20_30__lateral_speed__mean,multiscale,research
contrast20_30__lateral_speed__std,multiscale,research
contrast20_30__lateral_speed__slope,multiscale,research
contrast30_40__lateral_speed__mean,multiscale,research
contrast30_40__lateral_speed__std,multiscale,research
contrast30_40__lateral_speed__slope,multiscale,research
signed_log__lateral_speed,nonlinear,research
bounded__lateral_speed,nonlinear,research
energy__lateral_speed,nonlinear,research
contrast03_05__radial_acceleration__mean,multiscale,research
contrast03_05__radial_acceleration__std,multiscale,research
contrast03_05__radial_acceleration__slope,multiscale,research
contrast05_08__radial_acceleration__mean,multiscale,research
contrast05_08__radial_acceleration__std,multiscale,research
contrast05_08__radial_acceleration__slope,multiscale,research
contrast08_12__radial_acceleration__mean,multiscale,research
contrast08_12__radial_acceleration__std,multiscale,research
contrast08_12__radial_acceleration__slope,multiscale,research
contrast12_20__radial_acceleration__mean,multiscale,research
contrast12_20__radial_acceleration__std,multiscale,research
contrast12_20__radial_acceleration__slope,multiscale,research
contrast20_30__radial_acceleration__mean,multiscale,research
contrast20_30__radial_acceleration__std,multiscale,research
contrast20_30__radial_acceleration__slope,multiscale,research
contrast30_40__radial_acceleration__mean,multiscale,research
contrast30_40__radial_acceleration__std,multiscale,research
contrast30_40__radial_acceleration__slope,multiscale,research
signed_log__radial_acceleration,nonlinear,research
bounded__radial_acceleration,nonlinear,research
energy__radial_acceleration,nonlinear,research
contrast03_05__lateral_acceleration__mean,multiscale,research
contrast03_05__lateral_acceleration__std,multiscale,research
contrast03_05__lateral_acceleration__slope,multiscale,research
contrast05_08__lateral_acceleration__mean,multiscale,research
contrast05_08__lateral_acceleration__std,multiscale,research
contrast05_08__lateral_acceleration__slope,multiscale,research
contrast08_12__lateral_acceleration__mean,multiscale,research
contrast08_12__lateral_acceleration__std,multiscale,research
contrast08_12__lateral_acceleration__slope,multiscale,research
contrast12_20__lateral_acceleration__mean,multiscale,research
contrast12_20__lateral_acceleration__std,multiscale,research
contrast12_20__lateral_acceleration__slope,multiscale,research
contrast20_30__lateral_acceleration__mean,multiscale,research
contrast20_30__lateral_acceleration__std,multiscale,research
contrast20_30__lateral_acceleration__slope,multiscale,research
contrast30_40__lateral_acceleration__mean,multiscale,research
contrast30_40__lateral_acceleration__std,multiscale,research
contrast30_40__lateral_acceleration__slope,multiscale,research
signed_log__lateral_acceleration,nonlinear,research
bounded__lateral_acceleration,nonlinear,research
energy__lateral_acceleration,nonlinear,research
contrast03_05__turn_rate__mean,multiscale,research
contrast03_05__turn_rate__std,multiscale,research
contrast03_05__turn_rate__slope,multiscale,research
contrast05_08__turn_rate__mean,multiscale,research
contrast05_08__turn_rate__std,multiscale,research
contrast05_08__turn_rate__slope,multiscale,research
contrast08_12__turn_rate__mean,multiscale,research
contrast08_12__turn_rate__std,multiscale,research
contrast08_12__turn_rate__slope,multiscale,research
contrast12_20__turn_rate__mean,multiscale,research
contrast12_20__turn_rate__std,multiscale,research
contrast12_20__turn_rate__slope,multiscale,research
contrast20_30__turn_rate__mean,multiscale,research
contrast20_30__turn_rate__std,multiscale,research
contrast20_30__turn_rate__slope,multiscale,research
contrast30_40__turn_rate__mean,multiscale,research
contrast30_40__turn_rate__std,multiscale,research
contrast30_40__turn_rate__slope,multiscale,research
signed_log__turn_rate,nonlinear,research
bounded__turn_rate,nonlinear,research
energy__turn_rate,nonlinear,research
contrast03_05__jerk__mean,multiscale,research
contrast03_05__jerk__std,multiscale,research
contrast03_05__jerk__slope,multiscale,research
contrast05_08__jerk__mean,multiscale,research
contrast05_08__jerk__std,multiscale,research
contrast05_08__jerk__slope,multiscale,research
contrast08_12__jerk__mean,multiscale,research
contrast08_12__jerk__std,multiscale,research
contrast08_12__jerk__slope,multiscale,research
contrast12_20__jerk__mean,multiscale,research
contrast12_20__jerk__std,multiscale,research
contrast12_20__jerk__slope,multiscale,research
contrast20_30__jerk__mean,multiscale,research
contrast20_30__jerk__std,multiscale,research
contrast20_30__jerk__slope,multiscale,research
contrast30_40__jerk__mean,multiscale,research
contrast30_40__jerk__std,multiscale,research
contrast30_40__jerk__slope,multiscale,research
signed_log__jerk,nonlinear,research
bounded__jerk,nonlinear,research
energy__jerk,nonlinear,research
contrast03_05__velocity_alignment__mean,multiscale,research
contrast03_05__velocity_alignment__std,multiscale,research
contrast03_05__velocity_alignment__slope,multiscale,research
contrast05_08__velocity_alignment__mean,multiscale,research
contrast05_08__velocity_alignment__std,multiscale,research
contrast05_08__velocity_alignment__slope,multiscale,research
contrast08_12__velocity_alignment__mean,multiscale,research
contrast08_12__velocity_alignment__std,multiscale,research
contrast08_12__velocity_alignment__slope,multiscale,research
contrast12_20__velocity_alignment__mean,multiscale,research
contrast12_20__velocity_alignment__std,multiscale,research
contrast12_20__velocity_alignment__slope,multiscale,research
contrast20_30__velocity_alignment__mean,multiscale,research
contrast20_30__velocity_alignment__std,multiscale,research
contrast20_30__velocity_alignment__slope,multiscale,research
contrast30_40__velocity_alignment__mean,multiscale,research
contrast30_40__velocity_alignment__std,multiscale,research
contrast30_40__velocity_alignment__slope,multiscale,research
signed_log__velocity_alignment,nonlinear,research
bounded__velocity_alignment,nonlinear,research
energy__velocity_alignment,nonlinear,research
contrast03_05__sideline_distance__mean,multiscale,research
contrast03_05__sideline_distance__std,multiscale,research
contrast03_05__sideline_distance__slope,multiscale,research
contrast05_08__sideline_distance__mean,multiscale,research
contrast05_08__sideline_distance__std,multiscale,research
contrast05_08__sideline_distance__slope,multiscale,research
contrast08_12__sideline_distance__mean,multiscale,research
contrast08_12__sideline_distance__std,multiscale,research
contrast08_12__sideline_distance__slope,multiscale,research
contrast12_20__sideline_distance__mean,multiscale,research
contrast12_20__sideline_distance__std,multiscale,research
contrast12_20__sideline_distance__slope,multiscale,research
contrast20_30__sideline_distance__mean,multiscale,research
contrast20_30__sideline_distance__std,multiscale,research
contrast20_30__sideline_distance__slope,multiscale,research
contrast30_40__sideline_distance__mean,multiscale,research
contrast30_40__sideline_distance__std,multiscale,research
contrast30_40__sideline_distance__slope,multiscale,research
signed_log__sideline_distance,nonlinear,research
bounded__sideline_distance,nonlinear,research
energy__sideline_distance,nonlinear,research
role_response__Targeted Receiver__level__lag00__relative_x,role_response,research
role_response__Targeted Receiver__time__lag00__relative_x,role_response,research
role_response__Targeted Receiver__fraction__lag00__relative_x,role_response,research
role_response__Targeted Receiver__level__lag00__relative_y,role_response,research
role_response__Targeted Receiver__time__lag00__relative_y,role_response,research
role_response__Targeted Receiver__fraction__lag00__relative_y,role_response,research
role_response__Targeted Receiver__level__lag00__vx,role_response,research
role_response__Targeted Receiver__time__lag00__vx,role_response,research
role_response__Targeted Receiver__fraction__lag00__vx,role_response,research
role_response__Targeted Receiver__level__lag00__vy,role_response,research
role_response__Targeted Receiver__time__lag00__vy,role_response,research
role_response__Targeted Receiver__fraction__lag00__vy,role_response,research
role_response__Targeted Receiver__level__lag00__ax,role_response,research
role_response__Targeted Receiver__time__lag00__ax,role_response,research
role_response__Targeted Receiver__fraction__lag00__ax,role_response,research
role_response__Targeted Receiver__level__lag00__ay,role_response,research
role_response__Targeted Receiver__time__lag00__ay,role_response,research
role_response__Targeted Receiver__fraction__lag00__ay,role_response,research
role_response__Targeted Receiver__level__lag00__speed,role_response,research
role_response__Targeted Receiver__time__lag00__speed,role_response,research
role_response__Targeted Receiver__fraction__lag00__speed,role_response,research
role_response__Targeted Receiver__level__lag00__acceleration,role_response,research
role_response__Targeted Receiver__time__lag00__acceleration,role_response,research
role_response__Targeted Receiver__fraction__lag00__acceleration,role_response,research
role_response__Targeted Receiver__level__lag00__s,role_response,research
role_response__Targeted Receiver__time__lag00__s,role_response,research
role_response__Targeted Receiver__fraction__lag00__s,role_response,research
role_response__Targeted Receiver__level__lag00__a,role_response,research
role_response__Targeted Receiver__time__lag00__a,role_response,research
role_response__Targeted Receiver__fraction__lag00__a,role_response,research
role_response__Targeted Receiver__level__lag00__dir_sin,role_response,research
role_response__Targeted Receiver__time__lag00__dir_sin,role_response,research
role_response__Targeted Receiver__fraction__lag00__dir_sin,role_response,research
role_response__Targeted Receiver__level__lag00__dir_cos,role_response,research
role_response__Targeted Receiver__time__lag00__dir_cos,role_response,research
role_response__Targeted Receiver__fraction__lag00__dir_cos,role_response,research
role_response__Targeted Receiver__level__lag00__o_sin,role_response,research
role_response__Targeted Receiver__time__lag00__o_sin,role_response,research
role_response__Targeted Receiver__fraction__lag00__o_sin,role_response,research
role_response__Targeted Receiver__level__lag00__o_cos,role_response,research
role_response__Targeted Receiver__time__lag00__o_cos,role_response,research
role_response__Targeted Receiver__fraction__lag00__o_cos,role_response,research
role_response__Targeted Receiver__level__lag00__orientation_alignment,role_response,research
role_response__Targeted Receiver__time__lag00__orientation_alignment,role_response,research
role_response__Targeted Receiver__fraction__lag00__orientation_alignment,role_response,research
role_response__Targeted Receiver__level__lag00__ball_dx,role_response,research
role_response__Targeted Receiver__time__lag00__ball_dx,role_response,research
role_response__Targeted Receiver__fraction__lag00__ball_dx,role_response,research
role_response__Targeted Receiver__level__lag00__ball_dy,role_response,research
role_response__Targeted Receiver__time__lag00__ball_dy,role_response,research
role_response__Targeted Receiver__fraction__lag00__ball_dy,role_response,research
role_response__Targeted Receiver__level__lag00__ball_distance,role_response,research
role_response__Targeted Receiver__time__lag00__ball_distance,role_response,research
role_response__Targeted Receiver__fraction__lag00__ball_distance,role_response,research
role_response__Targeted Receiver__level__lag00__ball_ux,role_response,research
role_response__Targeted Receiver__time__lag00__ball_ux,role_response,research
role_response__Targeted Receiver__fraction__lag00__ball_ux,role_response,research
role_response__Targeted Receiver__level__lag00__ball_uy,role_response,research
role_response__Targeted Receiver__time__lag00__ball_uy,role_response,research
role_response__Targeted Receiver__fraction__lag00__ball_uy,role_response,research
role_response__Targeted Receiver__level__lag00__closing_speed,role_response,research
role_response__Targeted Receiver__time__lag00__closing_speed,role_response,research
role_response__Targeted Receiver__fraction__lag00__closing_speed,role_response,research
role_response__Targeted Receiver__level__lag00__lateral_speed,role_response,research
role_response__Targeted Receiver__time__lag00__lateral_speed,role_response,research
role_response__Targeted Receiver__fraction__lag00__lateral_speed,role_response,research
role_response__Targeted Receiver__level__lag00__radial_acceleration,role_response,research
role_response__Targeted Receiver__time__lag00__radial_acceleration,role_response,research
role_response__Targeted Receiver__fraction__lag00__radial_acceleration,role_response,research
role_response__Targeted Receiver__level__lag00__lateral_acceleration,role_response,research
role_response__Targeted Receiver__time__lag00__lateral_acceleration,role_response,research
role_response__Targeted Receiver__fraction__lag00__lateral_acceleration,role_response,research
role_response__Targeted Receiver__level__lag00__turn_rate,role_response,research
role_response__Targeted Receiver__time__lag00__turn_rate,role_response,research
role_response__Targeted Receiver__fraction__lag00__turn_rate,role_response,research
role_response__Targeted Receiver__level__lag00__jerk,role_response,research
role_response__Targeted Receiver__time__lag00__jerk,role_response,research
role_response__Targeted Receiver__fraction__lag00__jerk,role_response,research
role_response__Targeted Receiver__level__lag00__velocity_alignment,role_response,research
role_response__Targeted Receiver__time__lag00__velocity_alignment,role_response,research
role_response__Targeted Receiver__fraction__lag00__velocity_alignment,role_response,research
role_response__Targeted Receiver__level__lag00__sideline_distance,role_response,research
role_response__Targeted Receiver__time__lag00__sideline_distance,role_response,research
role_response__Targeted Receiver__fraction__lag00__sideline_distance,role_response,research
role_response__Targeted Receiver__level__teammate1__dx,role_response,research
role_response__Targeted Receiver__time__teammate1__dx,role_response,research
role_response__Targeted Receiver__fraction__teammate1__dx,role_response,research
role_response__Targeted Receiver__level__teammate1__dy,role_response,research
role_response__Targeted Receiver__time__teammate1__dy,role_response,research
role_response__Targeted Receiver__fraction__teammate1__dy,role_response,research
role_response__Targeted Receiver__level__teammate1__distance,role_response,research
role_response__Targeted Receiver__time__teammate1__distance,role_response,research
role_response__Targeted Receiver__fraction__teammate1__distance,role_response,research
role_response__Targeted Receiver__level__teammate1__dvx,role_response,research
role_response__Targeted Receiver__time__teammate1__dvx,role_response,research
role_response__Targeted Receiver__fraction__teammate1__dvx,role_response,research
role_response__Targeted Receiver__level__teammate1__dvy,role_response,research
role_response__Targeted Receiver__time__teammate1__dvy,role_response,research
role_response__Targeted Receiver__fraction__teammate1__dvy,role_response,research
role_response__Targeted Receiver__level__teammate1__closing_speed,role_response,research
role_response__Targeted Receiver__time__teammate1__closing_speed,role_response,research
role_response__Targeted Receiver__fraction__teammate1__closing_speed,role_response,research
role_response__Targeted Receiver__level__teammate1__closest_time,role_response,research
role_response__Targeted Receiver__time__teammate1__closest_time,role_response,research
role_response__Targeted Receiver__fraction__teammate1__closest_time,role_response,research
role_response__Targeted Receiver__level__teammate1__closest_distance,role_response,research
role_response__Targeted Receiver__time__teammate1__closest_distance,role_response,research
role_response__Targeted Receiver__fraction__teammate1__closest_distance,role_response,research
role_response__Targeted Receiver__level__teammate1__ball_distance_advantage,role_response,research
role_response__Targeted Receiver__time__teammate1__ball_distance_advantage,role_response,research
role_response__Targeted Receiver__fraction__teammate1__ball_distance_advantage,role_response,research
role_response__Targeted Receiver__level__teammate2__dx,role_response,research
role_response__Targeted Receiver__time__teammate2__dx,role_response,research
role_response__Targeted Receiver__fraction__teammate2__dx,role_response,research
role_response__Targeted Receiver__level__teammate2__dy,role_response,research
role_response__Targeted Receiver__time__teammate2__dy,role_response,research
role_response__Targeted Receiver__fraction__teammate2__dy,role_response,research
role_response__Targeted Receiver__level__teammate2__distance,role_response,research
role_response__Targeted Receiver__time__teammate2__distance,role_response,research
role_response__Targeted Receiver__fraction__teammate2__distance,role_response,research
role_response__Targeted Receiver__level__teammate2__dvx,role_response,research
role_response__Targeted Receiver__time__teammate2__dvx,role_response,research
role_response__Targeted Receiver__fraction__teammate2__dvx,role_response,research
role_response__Targeted Receiver__level__teammate2__dvy,role_response,research
role_response__Targeted Receiver__time__teammate2__dvy,role_response,research
role_response__Targeted Receiver__fraction__teammate2__dvy,role_response,research
role_response__Targeted Receiver__level__teammate2__closing_speed,role_response,research
role_response__Targeted Receiver__time__teammate2__closing_speed,role_response,research
role_response__Targeted Receiver__fraction__teammate2__closing_speed,role_response,research
role_response__Targeted Receiver__level__teammate2__closest_time,role_response,research
role_response__Targeted Receiver__time__teammate2__closest_time,role_response,research
role_response__Targeted Receiver__fraction__teammate2__closest_time,role_response,research
role_response__Targeted Receiver__level__teammate2__closest_distance,role_response,research
role_response__Targeted Receiver__time__teammate2__closest_distance,role_response,research
role_response__Targeted Receiver__fraction__teammate2__closest_distance,role_response,research
role_response__Targeted Receiver__level__teammate2__ball_distance_advantage,role_response,research
role_response__Targeted Receiver__time__teammate2__ball_distance_advantage,role_response,research
role_response__Targeted Receiver__fraction__teammate2__ball_distance_advantage,role_response,research
role_response__Targeted Receiver__level__teammate3__dx,role_response,research
role_response__Targeted Receiver__time__teammate3__dx,role_response,research
role_response__Targeted Receiver__fraction__teammate3__dx,role_response,research
role_response__Targeted Receiver__level__teammate3__dy,role_response,research
role_response__Targeted Receiver__time__teammate3__dy,role_response,research
role_response__Targeted Receiver__fraction__teammate3__dy,role_response,research
role_response__Targeted Receiver__level__teammate3__distance,role_response,research
role_response__Targeted Receiver__time__teammate3__distance,role_response,research
role_response__Targeted Receiver__fraction__teammate3__distance,role_response,research
role_response__Targeted Receiver__level__teammate3__dvx,role_response,research
role_response__Targeted Receiver__time__teammate3__dvx,role_response,research
role_response__Targeted Receiver__fraction__teammate3__dvx,role_response,research
role_response__Targeted Receiver__level__teammate3__dvy,role_response,research
role_response__Targeted Receiver__time__teammate3__dvy,role_response,research
role_response__Targeted Receiver__fraction__teammate3__dvy,role_response,research
role_response__Targeted Receiver__level__teammate3__closing_speed,role_response,research
role_response__Targeted Receiver__time__teammate3__closing_speed,role_response,research
role_response__Targeted Receiver__fraction__teammate3__closing_speed,role_response,research
role_response__Targeted Receiver__level__teammate3__closest_time,role_response,research
role_response__Targeted Receiver__time__teammate3__closest_time,role_response,research
role_response__Targeted Receiver__fraction__teammate3__closest_time,role_response,research
role_response__Targeted Receiver__level__teammate3__closest_distance,role_response,research
role_response__Targeted Receiver__time__teammate3__closest_distance,role_response,research
role_response__Targeted Receiver__fraction__teammate3__closest_distance,role_response,research
role_response__Targeted Receiver__level__teammate3__ball_distance_advantage,role_response,research
role_response__Targeted Receiver__time__teammate3__ball_distance_advantage,role_response,research
role_response__Targeted Receiver__fraction__teammate3__ball_distance_advantage,role_response,research
role_response__Targeted Receiver__level__teammate4__dx,role_response,research
role_response__Targeted Receiver__time__teammate4__dx,role_response,research
role_response__Targeted Receiver__fraction__teammate4__dx,role_response,research
role_response__Targeted Receiver__level__teammate4__dy,role_response,research
role_response__Targeted Receiver__time__teammate4__dy,role_response,research
role_response__Targeted Receiver__fraction__teammate4__dy,role_response,research
role_response__Targeted Receiver__level__teammate4__distance,role_response,research
role_response__Targeted Receiver__time__teammate4__distance,role_response,research
role_response__Targeted Receiver__fraction__teammate4__distance,role_response,research
role_response__Targeted Receiver__level__teammate4__dvx,role_response,research
role_response__Targeted Receiver__time__teammate4__dvx,role_response,research
role_response__Targeted Receiver__fraction__teammate4__dvx,role_response,research
role_response__Targeted Receiver__level__teammate4__dvy,role_response,research
role_response__Targeted Receiver__time__teammate4__dvy,role_response,research
role_response__Targeted Receiver__fraction__teammate4__dvy,role_response,research
role_response__Targeted Receiver__level__teammate4__closing_speed,role_response,research
role_response__Targeted Receiver__time__teammate4__closing_speed,role_response,research
role_response__Targeted Receiver__fraction__teammate4__closing_speed,role_response,research
role_response__Targeted Receiver__level__teammate4__closest_time,role_response,research
role_response__Targeted Receiver__time__teammate4__closest_time,role_response,research
role_response__Targeted Receiver__fraction__teammate4__closest_time,role_response,research
role_response__Targeted Receiver__level__teammate4__closest_distance,role_response,research
role_response__Targeted Receiver__time__teammate4__closest_distance,role_response,research
role_response__Targeted Receiver__fraction__teammate4__closest_distance,role_response,research
role_response__Targeted Receiver__level__teammate4__ball_distance_advantage,role_response,research
role_response__Targeted Receiver__time__teammate4__ball_distance_advantage,role_response,research
role_response__Targeted Receiver__fraction__teammate4__ball_distance_advantage,role_response,research
role_response__Targeted Receiver__level__teammate5__dx,role_response,research
role_response__Targeted Receiver__time__teammate5__dx,role_response,research
role_response__Targeted Receiver__fraction__teammate5__dx,role_response,research
role_response__Targeted Receiver__level__teammate5__dy,role_response,research
role_response__Targeted Receiver__time__teammate5__dy,role_response,research
role_response__Targeted Receiver__fraction__teammate5__dy,role_response,research
role_response__Targeted Receiver__level__teammate5__distance,role_response,research
role_response__Targeted Receiver__time__teammate5__distance,role_response,research
role_response__Targeted Receiver__fraction__teammate5__distance,role_response,research
role_response__Targeted Receiver__level__teammate5__dvx,role_response,research
role_response__Targeted Receiver__time__teammate5__dvx,role_response,research
role_response__Targeted Receiver__fraction__teammate5__dvx,role_response,research
role_response__Targeted Receiver__level__teammate5__dvy,role_response,research
role_response__Targeted Receiver__time__teammate5__dvy,role_response,research
role_response__Targeted Receiver__fraction__teammate5__dvy,role_response,research
role_response__Targeted Receiver__level__teammate5__closing_speed,role_response,research
role_response__Targeted Receiver__time__teammate5__closing_speed,role_response,research
role_response__Targeted Receiver__fraction__teammate5__closing_speed,role_response,research
role_response__Targeted Receiver__level__teammate5__closest_time,role_response,research
role_response__Targeted Receiver__time__teammate5__closest_time,role_response,research
role_response__Targeted Receiver__fraction__teammate5__closest_time,role_response,research
role_response__Targeted Receiver__level__teammate5__closest_distance,role_response,research
role_response__Targeted Receiver__time__teammate5__closest_distance,role_response,research
role_response__Targeted Receiver__fraction__teammate5__closest_distance,role_response,research
role_response__Targeted Receiver__level__teammate5__ball_distance_advantage,role_response,research
role_response__Targeted Receiver__time__teammate5__ball_distance_advantage,role_response,research
role_response__Targeted Receiver__fraction__teammate5__ball_distance_advantage,role_response,research
role_response__Targeted Receiver__level__teammate6__dx,role_response,research
role_response__Targeted Receiver__time__teammate6__dx,role_response,research
role_response__Targeted Receiver__fraction__teammate6__dx,role_response,research
role_response__Targeted Receiver__level__teammate6__dy,role_response,research
role_response__Targeted Receiver__time__teammate6__dy,role_response,research
role_response__Targeted Receiver__fraction__teammate6__dy,role_response,research
role_response__Targeted Receiver__level__teammate6__distance,role_response,research
role_response__Targeted Receiver__time__teammate6__distance,role_response,research
role_response__Targeted Receiver__fraction__teammate6__distance,role_response,research
role_response__Targeted Receiver__level__teammate6__dvx,role_response,research
role_response__Targeted Receiver__time__teammate6__dvx,role_response,research
role_response__Targeted Receiver__fraction__teammate6__dvx,role_response,research
role_response__Targeted Receiver__level__teammate6__dvy,role_response,research
role_response__Targeted Receiver__time__teammate6__dvy,role_response,research
role_response__Targeted Receiver__fraction__teammate6__dvy,role_response,research
role_response__Targeted Receiver__level__teammate6__closing_speed,role_response,research
role_response__Targeted Receiver__time__teammate6__closing_speed,role_response,research
role_response__Targeted Receiver__fraction__teammate6__closing_speed,role_response,research
role_response__Targeted Receiver__level__teammate6__closest_time,role_response,research
role_response__Targeted Receiver__time__teammate6__closest_time,role_response,research
role_response__Targeted Receiver__fraction__teammate6__closest_time,role_response,research
role_response__Targeted Receiver__level__teammate6__closest_distance,role_response,research
role_response__Targeted Receiver__time__teammate6__closest_distance,role_response,research
role_response__Targeted Receiver__fraction__teammate6__closest_distance,role_response,research
role_response__Targeted Receiver__level__teammate6__ball_distance_advantage,role_response,research
role_response__Targeted Receiver__time__teammate6__ball_distance_advantage,role_response,research
role_response__Targeted Receiver__fraction__teammate6__ball_distance_advantage,role_response,research
role_response__Targeted Receiver__level__opponent1__dx,role_response,research
role_response__Targeted Receiver__time__opponent1__dx,role_response,research
role_response__Targeted Receiver__fraction__opponent1__dx,role_response,research
role_response__Targeted Receiver__level__opponent1__dy,role_response,research
role_response__Targeted Receiver__time__opponent1__dy,role_response,research
role_response__Targeted Receiver__fraction__opponent1__dy,role_response,research
role_response__Targeted Receiver__level__opponent1__distance,role_response,research
role_response__Targeted Receiver__time__opponent1__distance,role_response,research
role_response__Targeted Receiver__fraction__opponent1__distance,role_response,research
role_response__Targeted Receiver__level__opponent1__dvx,role_response,research
role_response__Targeted Receiver__time__opponent1__dvx,role_response,research
role_response__Targeted Receiver__fraction__opponent1__dvx,role_response,research
role_response__Targeted Receiver__level__opponent1__dvy,role_response,research
role_response__Targeted Receiver__time__opponent1__dvy,role_response,research
role_response__Targeted Receiver__fraction__opponent1__dvy,role_response,research
role_response__Targeted Receiver__level__opponent1__closing_speed,role_response,research
role_response__Targeted Receiver__time__opponent1__closing_speed,role_response,research
role_response__Targeted Receiver__fraction__opponent1__closing_speed,role_response,research
role_response__Targeted Receiver__level__opponent1__closest_time,role_response,research
role_response__Targeted Receiver__time__opponent1__closest_time,role_response,research
role_response__Targeted Receiver__fraction__opponent1__closest_time,role_response,research
role_response__Targeted Receiver__level__opponent1__closest_distance,role_response,research
role_response__Targeted Receiver__time__opponent1__closest_distance,role_response,research
role_response__Targeted Receiver__fraction__opponent1__closest_distance,role_response,research
role_response__Targeted Receiver__level__opponent1__ball_distance_advantage,role_response,research
role_response__Targeted Receiver__time__opponent1__ball_distance_advantage,role_response,research
role_response__Targeted Receiver__fraction__opponent1__ball_distance_advantage,role_response,research
role_response__Targeted Receiver__level__opponent2__dx,role_response,research
role_response__Targeted Receiver__time__opponent2__dx,role_response,research
role_response__Targeted Receiver__fraction__opponent2__dx,role_response,research
role_response__Targeted Receiver__level__opponent2__dy,role_response,research
role_response__Targeted Receiver__time__opponent2__dy,role_response,research
role_response__Targeted Receiver__fraction__opponent2__dy,role_response,research
role_response__Targeted Receiver__level__opponent2__distance,role_response,research
role_response__Targeted Receiver__time__opponent2__distance,role_response,research
role_response__Targeted Receiver__fraction__opponent2__distance,role_response,research
role_response__Targeted Receiver__level__opponent2__dvx,role_response,research
role_response__Targeted Receiver__time__opponent2__dvx,role_response,research
role_response__Targeted Receiver__fraction__opponent2__dvx,role_response,research
role_response__Targeted Receiver__level__opponent2__dvy,role_response,research
role_response__Targeted Receiver__time__opponent2__dvy,role_response,research
role_response__Targeted Receiver__fraction__opponent2__dvy,role_response,research
role_response__Targeted Receiver__level__opponent2__closing_speed,role_response,research
role_response__Targeted Receiver__time__opponent2__closing_speed,role_response,research
role_response__Targeted Receiver__fraction__opponent2__closing_speed,role_response,research
role_response__Targeted Receiver__level__opponent2__closest_time,role_response,research
role_response__Targeted Receiver__time__opponent2__closest_time,role_response,research
role_response__Targeted Receiver__fraction__opponent2__closest_time,role_response,research
role_response__Targeted Receiver__level__opponent2__closest_distance,role_response,research
role_response__Targeted Receiver__time__opponent2__closest_distance,role_response,research
role_response__Targeted Receiver__fraction__opponent2__closest_distance,role_response,research
role_response__Targeted Receiver__level__opponent2__ball_distance_advantage,role_response,research
role_response__Targeted Receiver__time__opponent2__ball_distance_advantage,role_response,research
role_response__Targeted Receiver__fraction__opponent2__ball_distance_advantage,role_response,research
role_response__Targeted Receiver__level__opponent3__dx,role_response,research
role_response__Targeted Receiver__time__opponent3__dx,role_response,research
role_response__Targeted Receiver__fraction__opponent3__dx,role_response,research
role_response__Targeted Receiver__level__opponent3__dy,role_response,research
role_response__Targeted Receiver__time__opponent3__dy,role_response,research
role_response__Targeted Receiver__fraction__opponent3__dy,role_response,research
role_response__Targeted Receiver__level__opponent3__distance,role_response,research
role_response__Targeted Receiver__time__opponent3__distance,role_response,research
role_response__Targeted Receiver__fraction__opponent3__distance,role_response,research
role_response__Targeted Receiver__level__opponent3__dvx,role_response,research
role_response__Targeted Receiver__time__opponent3__dvx,role_response,research
role_response__Targeted Receiver__fraction__opponent3__dvx,role_response,research
role_response__Targeted Receiver__level__opponent3__dvy,role_response,research
role_response__Targeted Receiver__time__opponent3__dvy,role_response,research
role_response__Targeted Receiver__fraction__opponent3__dvy,role_response,research
role_response__Targeted Receiver__level__opponent3__closing_speed,role_response,research
role_response__Targeted Receiver__time__opponent3__closing_speed,role_response,research
role_response__Targeted Receiver__fraction__opponent3__closing_speed,role_response,research
role_response__Targeted Receiver__level__opponent3__closest_time,role_response,research
role_response__Targeted Receiver__time__opponent3__closest_time,role_response,research
role_response__Targeted Receiver__fraction__opponent3__closest_time,role_response,research
role_response__Targeted Receiver__level__opponent3__closest_distance,role_response,research
role_response__Targeted Receiver__time__opponent3__closest_distance,role_response,research
role_response__Targeted Receiver__fraction__opponent3__closest_distance,role_response,research
role_response__Targeted Receiver__level__opponent3__ball_distance_advantage,role_response,research
role_response__Targeted Receiver__time__opponent3__ball_distance_advantage,role_response,research
role_response__Targeted Receiver__fraction__opponent3__ball_distance_advantage,role_response,research
role_response__Targeted Receiver__level__opponent4__dx,role_response,research
role_response__Targeted Receiver__time__opponent4__dx,role_response,research
role_response__Targeted Receiver__fraction__opponent4__dx,role_response,research
role_response__Targeted Receiver__level__opponent4__dy,role_response,research
role_response__Targeted Receiver__time__opponent4__dy,role_response,research
role_response__Targeted Receiver__fraction__opponent4__dy,role_response,research
role_response__Targeted Receiver__level__opponent4__distance,role_response,research
role_response__Targeted Receiver__time__opponent4__distance,role_response,research
role_response__Targeted Receiver__fraction__opponent4__distance,role_response,research
role_response__Targeted Receiver__level__opponent4__dvx,role_response,research
role_response__Targeted Receiver__time__opponent4__dvx,role_response,research
role_response__Targeted Receiver__fraction__opponent4__dvx,role_response,research
role_response__Targeted Receiver__level__opponent4__dvy,role_response,research
role_response__Targeted Receiver__time__opponent4__dvy,role_response,research
role_response__Targeted Receiver__fraction__opponent4__dvy,role_response,research
role_response__Targeted Receiver__level__opponent4__closing_speed,role_response,research
role_response__Targeted Receiver__time__opponent4__closing_speed,role_response,research
role_response__Targeted Receiver__fraction__opponent4__closing_speed,role_response,research
role_response__Targeted Receiver__level__opponent4__closest_time,role_response,research
role_response__Targeted Receiver__time__opponent4__closest_time,role_response,research
role_response__Targeted Receiver__fraction__opponent4__closest_time,role_response,research
role_response__Targeted Receiver__level__opponent4__closest_distance,role_response,research
role_response__Targeted Receiver__time__opponent4__closest_distance,role_response,research
role_response__Targeted Receiver__fraction__opponent4__closest_distance,role_response,research
role_response__Targeted Receiver__level__opponent4__ball_distance_advantage,role_response,research
role_response__Targeted Receiver__time__opponent4__ball_distance_advantage,role_response,research
role_response__Targeted Receiver__fraction__opponent4__ball_distance_advantage,role_response,research
role_response__Targeted Receiver__level__opponent5__dx,role_response,research
role_response__Targeted Receiver__time__opponent5__dx,role_response,research
role_response__Targeted Receiver__fraction__opponent5__dx,role_response,research
role_response__Targeted Receiver__level__opponent5__dy,role_response,research
role_response__Targeted Receiver__time__opponent5__dy,role_response,research
role_response__Targeted Receiver__fraction__opponent5__dy,role_response,research
role_response__Targeted Receiver__level__opponent5__distance,role_response,research
role_response__Targeted Receiver__time__opponent5__distance,role_response,research
role_response__Targeted Receiver__fraction__opponent5__distance,role_response,research
role_response__Targeted Receiver__level__opponent5__dvx,role_response,research
role_response__Targeted Receiver__time__opponent5__dvx,role_response,research
role_response__Targeted Receiver__fraction__opponent5__dvx,role_response,research
role_response__Targeted Receiver__level__opponent5__dvy,role_response,research
role_response__Targeted Receiver__time__opponent5__dvy,role_response,research
role_response__Targeted Receiver__fraction__opponent5__dvy,role_response,research
role_response__Targeted Receiver__level__opponent5__closing_speed,role_response,research
role_response__Targeted Receiver__time__opponent5__closing_speed,role_response,research
role_response__Targeted Receiver__fraction__opponent5__closing_speed,role_response,research
role_response__Targeted Receiver__level__opponent5__closest_time,role_response,research
role_response__Targeted Receiver__time__opponent5__closest_time,role_response,research
role_response__Targeted Receiver__fraction__opponent5__closest_time,role_response,research
role_response__Targeted Receiver__level__opponent5__closest_distance,role_response,research
role_response__Targeted Receiver__time__opponent5__closest_distance,role_response,research
role_response__Targeted Receiver__fraction__opponent5__closest_distance,role_response,research
role_response__Targeted Receiver__level__opponent5__ball_distance_advantage,role_response,research
role_response__Targeted Receiver__time__opponent5__ball_distance_advantage,role_response,research
role_response__Targeted Receiver__fraction__opponent5__ball_distance_advantage,role_response,research
role_response__Targeted Receiver__level__opponent6__dx,role_response,research
role_response__Targeted Receiver__time__opponent6__dx,role_response,research
role_response__Targeted Receiver__fraction__opponent6__dx,role_response,research
role_response__Targeted Receiver__level__opponent6__dy,role_response,research
role_response__Targeted Receiver__time__opponent6__dy,role_response,research
role_response__Targeted Receiver__fraction__opponent6__dy,role_response,research
role_response__Targeted Receiver__level__opponent6__distance,role_response,research
role_response__Targeted Receiver__time__opponent6__distance,role_response,research
role_response__Targeted Receiver__fraction__opponent6__distance,role_response,research
role_response__Targeted Receiver__level__opponent6__dvx,role_response,research
role_response__Targeted Receiver__time__opponent6__dvx,role_response,research
role_response__Targeted Receiver__fraction__opponent6__dvx,role_response,research
role_response__Targeted Receiver__level__opponent6__dvy,role_response,research
role_response__Targeted Receiver__time__opponent6__dvy,role_response,research
role_response__Targeted Receiver__fraction__opponent6__dvy,role_response,research
role_response__Targeted Receiver__level__opponent6__closing_speed,role_response,research
role_response__Targeted Receiver__time__opponent6__closing_speed,role_response,research
role_response__Targeted Receiver__fraction__opponent6__closing_speed,role_response,research
role_response__Targeted Receiver__level__opponent6__closest_time,role_response,research
role_response__Targeted Receiver__time__opponent6__closest_time,role_response,research
role_response__Targeted Receiver__fraction__opponent6__closest_time,role_response,research
role_response__Targeted Receiver__level__opponent6__closest_distance,role_response,research
role_response__Targeted Receiver__time__opponent6__closest_distance,role_response,research
role_response__Targeted Receiver__fraction__opponent6__closest_distance,role_response,research
role_response__Targeted Receiver__level__opponent6__ball_distance_advantage,role_response,research
role_response__Targeted Receiver__time__opponent6__ball_distance_advantage,role_response,research
role_response__Targeted Receiver__fraction__opponent6__ball_distance_advantage,role_response,research
role_response__Targeted Receiver__level__receiver1__dx,role_response,research
role_response__Targeted Receiver__time__receiver1__dx,role_response,research
role_response__Targeted Receiver__fraction__receiver1__dx,role_response,research
role_response__Targeted Receiver__level__receiver1__dy,role_response,research
role_response__Targeted Receiver__time__receiver1__dy,role_response,research
role_response__Targeted Receiver__fraction__receiver1__dy,role_response,research
role_response__Targeted Receiver__level__receiver1__distance,role_response,research
role_response__Targeted Receiver__time__receiver1__distance,role_response,research
role_response__Targeted Receiver__fraction__receiver1__distance,role_response,research
role_response__Targeted Receiver__level__receiver1__dvx,role_response,research
role_response__Targeted Receiver__time__receiver1__dvx,role_response,research
role_response__Targeted Receiver__fraction__receiver1__dvx,role_response,research
role_response__Targeted Receiver__level__receiver1__dvy,role_response,research
role_response__Targeted Receiver__time__receiver1__dvy,role_response,research
role_response__Targeted Receiver__fraction__receiver1__dvy,role_response,research
role_response__Targeted Receiver__level__receiver1__closing_speed,role_response,research
role_response__Targeted Receiver__time__receiver1__closing_speed,role_response,research
role_response__Targeted Receiver__fraction__receiver1__closing_speed,role_response,research
role_response__Targeted Receiver__level__receiver1__closest_time,role_response,research
role_response__Targeted Receiver__time__receiver1__closest_time,role_response,research
role_response__Targeted Receiver__fraction__receiver1__closest_time,role_response,research
role_response__Targeted Receiver__level__receiver1__closest_distance,role_response,research
role_response__Targeted Receiver__time__receiver1__closest_distance,role_response,research
role_response__Targeted Receiver__fraction__receiver1__closest_distance,role_response,research
role_response__Targeted Receiver__level__receiver1__ball_distance_advantage,role_response,research
role_response__Targeted Receiver__time__receiver1__ball_distance_advantage,role_response,research
role_response__Targeted Receiver__fraction__receiver1__ball_distance_advantage,role_response,research
role_response__Targeted Receiver__level__passer1__dx,role_response,research
role_response__Targeted Receiver__time__passer1__dx,role_response,research
role_response__Targeted Receiver__fraction__passer1__dx,role_response,research
role_response__Targeted Receiver__level__passer1__dy,role_response,research
role_response__Targeted Receiver__time__passer1__dy,role_response,research
role_response__Targeted Receiver__fraction__passer1__dy,role_response,research
role_response__Targeted Receiver__level__passer1__distance,role_response,research
role_response__Targeted Receiver__time__passer1__distance,role_response,research
role_response__Targeted Receiver__fraction__passer1__distance,role_response,research
role_response__Targeted Receiver__level__passer1__dvx,role_response,research
role_response__Targeted Receiver__time__passer1__dvx,role_response,research
role_response__Targeted Receiver__fraction__passer1__dvx,role_response,research
role_response__Targeted Receiver__level__passer1__dvy,role_response,research
role_response__Targeted Receiver__time__passer1__dvy,role_response,research
role_response__Targeted Receiver__fraction__passer1__dvy,role_response,research
role_response__Targeted Receiver__level__passer1__closing_speed,role_response,research
role_response__Targeted Receiver__time__passer1__closing_speed,role_response,research
role_response__Targeted Receiver__fraction__passer1__closing_speed,role_response,research
role_response__Targeted Receiver__level__passer1__closest_time,role_response,research
role_response__Targeted Receiver__time__passer1__closest_time,role_response,research
role_response__Targeted Receiver__fraction__passer1__closest_time,role_response,research
role_response__Targeted Receiver__level__passer1__closest_distance,role_response,research
role_response__Targeted Receiver__time__passer1__closest_distance,role_response,research
role_response__Targeted Receiver__fraction__passer1__closest_distance,role_response,research
role_response__Targeted Receiver__level__passer1__ball_distance_advantage,role_response,research
role_response__Targeted Receiver__time__passer1__ball_distance_advantage,role_response,research
role_response__Targeted Receiver__fraction__passer1__ball_distance_advantage,role_response,research
role_response__Defensive Coverage__level__lag00__relative_x,role_response,research
role_response__Defensive Coverage__time__lag00__relative_x,role_response,research
role_response__Defensive Coverage__fraction__lag00__relative_x,role_response,research
role_response__Defensive Coverage__level__lag00__relative_y,role_response,research
role_response__Defensive Coverage__time__lag00__relative_y,role_response,research
role_response__Defensive Coverage__fraction__lag00__relative_y,role_response,research
role_response__Defensive Coverage__level__lag00__vx,role_response,research
role_response__Defensive Coverage__time__lag00__vx,role_response,research
role_response__Defensive Coverage__fraction__lag00__vx,role_response,research
role_response__Defensive Coverage__level__lag00__vy,role_response,research
role_response__Defensive Coverage__time__lag00__vy,role_response,research
role_response__Defensive Coverage__fraction__lag00__vy,role_response,research
role_response__Defensive Coverage__level__lag00__ax,role_response,research
role_response__Defensive Coverage__time__lag00__ax,role_response,research
role_response__Defensive Coverage__fraction__lag00__ax,role_response,research
role_response__Defensive Coverage__level__lag00__ay,role_response,research
role_response__Defensive Coverage__time__lag00__ay,role_response,research
role_response__Defensive Coverage__fraction__lag00__ay,role_response,research
role_response__Defensive Coverage__level__lag00__speed,role_response,research
role_response__Defensive Coverage__time__lag00__speed,role_response,research
role_response__Defensive Coverage__fraction__lag00__speed,role_response,research
role_response__Defensive Coverage__level__lag00__acceleration,role_response,research
role_response__Defensive Coverage__time__lag00__acceleration,role_response,research
role_response__Defensive Coverage__fraction__lag00__acceleration,role_response,research
role_response__Defensive Coverage__level__lag00__s,role_response,research
role_response__Defensive Coverage__time__lag00__s,role_response,research
role_response__Defensive Coverage__fraction__lag00__s,role_response,research
role_response__Defensive Coverage__level__lag00__a,role_response,research
role_response__Defensive Coverage__time__lag00__a,role_response,research
role_response__Defensive Coverage__fraction__lag00__a,role_response,research
role_response__Defensive Coverage__level__lag00__dir_sin,role_response,research
role_response__Defensive Coverage__time__lag00__dir_sin,role_response,research
role_response__Defensive Coverage__fraction__lag00__dir_sin,role_response,research
role_response__Defensive Coverage__level__lag00__dir_cos,role_response,research
role_response__Defensive Coverage__time__lag00__dir_cos,role_response,research
role_response__Defensive Coverage__fraction__lag00__dir_cos,role_response,research
role_response__Defensive Coverage__level__lag00__o_sin,role_response,research
role_response__Defensive Coverage__time__lag00__o_sin,role_response,research
role_response__Defensive Coverage__fraction__lag00__o_sin,role_response,research
role_response__Defensive Coverage__level__lag00__o_cos,role_response,research
role_response__Defensive Coverage__time__lag00__o_cos,role_response,research
role_response__Defensive Coverage__fraction__lag00__o_cos,role_response,research
role_response__Defensive Coverage__level__lag00__orientation_alignment,role_response,research
role_response__Defensive Coverage__time__lag00__orientation_alignment,role_response,research
role_response__Defensive Coverage__fraction__lag00__orientation_alignment,role_response,research
role_response__Defensive Coverage__level__lag00__ball_dx,role_response,research
role_response__Defensive Coverage__time__lag00__ball_dx,role_response,research
role_response__Defensive Coverage__fraction__lag00__ball_dx,role_response,research
role_response__Defensive Coverage__level__lag00__ball_dy,role_response,research
role_response__Defensive Coverage__time__lag00__ball_dy,role_response,research
role_response__Defensive Coverage__fraction__lag00__ball_dy,role_response,research
role_response__Defensive Coverage__level__lag00__ball_distance,role_response,research
role_response__Defensive Coverage__time__lag00__ball_distance,role_response,research
role_response__Defensive Coverage__fraction__lag00__ball_distance,role_response,research
role_response__Defensive Coverage__level__lag00__ball_ux,role_response,research
role_response__Defensive Coverage__time__lag00__ball_ux,role_response,research
role_response__Defensive Coverage__fraction__lag00__ball_ux,role_response,research
role_response__Defensive Coverage__level__lag00__ball_uy,role_response,research
role_response__Defensive Coverage__time__lag00__ball_uy,role_response,research
role_response__Defensive Coverage__fraction__lag00__ball_uy,role_response,research
role_response__Defensive Coverage__level__lag00__closing_speed,role_response,research
role_response__Defensive Coverage__time__lag00__closing_speed,role_response,research
role_response__Defensive Coverage__fraction__lag00__closing_speed,role_response,research
role_response__Defensive Coverage__level__lag00__lateral_speed,role_response,research
role_response__Defensive Coverage__time__lag00__lateral_speed,role_response,research
role_response__Defensive Coverage__fraction__lag00__lateral_speed,role_response,research
role_response__Defensive Coverage__level__lag00__radial_acceleration,role_response,research
role_response__Defensive Coverage__time__lag00__radial_acceleration,role_response,research
role_response__Defensive Coverage__fraction__lag00__radial_acceleration,role_response,research
role_response__Defensive Coverage__level__lag00__lateral_acceleration,role_response,research
role_response__Defensive Coverage__time__lag00__lateral_acceleration,role_response,research
role_response__Defensive Coverage__fraction__lag00__lateral_acceleration,role_response,research
role_response__Defensive Coverage__level__lag00__turn_rate,role_response,research
role_response__Defensive Coverage__time__lag00__turn_rate,role_response,research
role_response__Defensive Coverage__fraction__lag00__turn_rate,role_response,research
role_response__Defensive Coverage__level__lag00__jerk,role_response,research
role_response__Defensive Coverage__time__lag00__jerk,role_response,research
role_response__Defensive Coverage__fraction__lag00__jerk,role_response,research
role_response__Defensive Coverage__level__lag00__velocity_alignment,role_response,research
role_response__Defensive Coverage__time__lag00__velocity_alignment,role_response,research
role_response__Defensive Coverage__fraction__lag00__velocity_alignment,role_response,research
role_response__Defensive Coverage__level__lag00__sideline_distance,role_response,research
role_response__Defensive Coverage__time__lag00__sideline_distance,role_response,research
role_response__Defensive Coverage__fraction__lag00__sideline_distance,role_response,research
role_response__Defensive Coverage__level__teammate1__dx,role_response,research
role_response__Defensive Coverage__time__teammate1__dx,role_response,research
role_response__Defensive Coverage__fraction__teammate1__dx,role_response,research
role_response__Defensive Coverage__level__teammate1__dy,role_response,research
role_response__Defensive Coverage__time__teammate1__dy,role_response,research
role_response__Defensive Coverage__fraction__teammate1__dy,role_response,research
role_response__Defensive Coverage__level__teammate1__distance,role_response,research
role_response__Defensive Coverage__time__teammate1__distance,role_response,research
role_response__Defensive Coverage__fraction__teammate1__distance,role_response,research
role_response__Defensive Coverage__level__teammate1__dvx,role_response,research
role_response__Defensive Coverage__time__teammate1__dvx,role_response,research
role_response__Defensive Coverage__fraction__teammate1__dvx,role_response,research
role_response__Defensive Coverage__level__teammate1__dvy,role_response,research
role_response__Defensive Coverage__time__teammate1__dvy,role_response,research
role_response__Defensive Coverage__fraction__teammate1__dvy,role_response,research
role_response__Defensive Coverage__level__teammate1__closing_speed,role_response,research
role_response__Defensive Coverage__time__teammate1__closing_speed,role_response,research
role_response__Defensive Coverage__fraction__teammate1__closing_speed,role_response,research
role_response__Defensive Coverage__level__teammate1__closest_time,role_response,research
role_response__Defensive Coverage__time__teammate1__closest_time,role_response,research
role_response__Defensive Coverage__fraction__teammate1__closest_time,role_response,research
role_response__Defensive Coverage__level__teammate1__closest_distance,role_response,research
role_response__Defensive Coverage__time__teammate1__closest_distance,role_response,research
role_response__Defensive Coverage__fraction__teammate1__closest_distance,role_response,research
role_response__Defensive Coverage__level__teammate1__ball_distance_advantage,role_response,research
role_response__Defensive Coverage__time__teammate1__ball_distance_advantage,role_response,research
role_response__Defensive Coverage__fraction__teammate1__ball_distance_advantage,role_response,research
role_response__Defensive Coverage__level__teammate2__dx,role_response,research
role_response__Defensive Coverage__time__teammate2__dx,role_response,research
role_response__Defensive Coverage__fraction__teammate2__dx,role_response,research
role_response__Defensive Coverage__level__teammate2__dy,role_response,research
role_response__Defensive Coverage__time__teammate2__dy,role_response,research
role_response__Defensive Coverage__fraction__teammate2__dy,role_response,research
role_response__Defensive Coverage__level__teammate2__distance,role_response,research
role_response__Defensive Coverage__time__teammate2__distance,role_response,research
role_response__Defensive Coverage__fraction__teammate2__distance,role_response,research
role_response__Defensive Coverage__level__teammate2__dvx,role_response,research
role_response__Defensive Coverage__time__teammate2__dvx,role_response,research
role_response__Defensive Coverage__fraction__teammate2__dvx,role_response,research
role_response__Defensive Coverage__level__teammate2__dvy,role_response,research
role_response__Defensive Coverage__time__teammate2__dvy,role_response,research
role_response__Defensive Coverage__fraction__teammate2__dvy,role_response,research
role_response__Defensive Coverage__level__teammate2__closing_speed,role_response,research
role_response__Defensive Coverage__time__teammate2__closing_speed,role_response,research
role_response__Defensive Coverage__fraction__teammate2__closing_speed,role_response,research
role_response__Defensive Coverage__level__teammate2__closest_time,role_response,research
role_response__Defensive Coverage__time__teammate2__closest_time,role_response,research
role_response__Defensive Coverage__fraction__teammate2__closest_time,role_response,research
role_response__Defensive Coverage__level__teammate2__closest_distance,role_response,research
role_response__Defensive Coverage__time__teammate2__closest_distance,role_response,research
role_response__Defensive Coverage__fraction__teammate2__closest_distance,role_response,research
role_response__Defensive Coverage__level__teammate2__ball_distance_advantage,role_response,research
role_response__Defensive Coverage__time__teammate2__ball_distance_advantage,role_response,research
role_response__Defensive Coverage__fraction__teammate2__ball_distance_advantage,role_response,research
role_response__Defensive Coverage__level__teammate3__dx,role_response,research
role_response__Defensive Coverage__time__teammate3__dx,role_response,research
role_response__Defensive Coverage__fraction__teammate3__dx,role_response,research
role_response__Defensive Coverage__level__teammate3__dy,role_response,research
role_response__Defensive Coverage__time__teammate3__dy,role_response,research
role_response__Defensive Coverage__fraction__teammate3__dy,role_response,research
role_response__Defensive Coverage__level__teammate3__distance,role_response,research
role_response__Defensive Coverage__time__teammate3__distance,role_response,research
role_response__Defensive Coverage__fraction__teammate3__distance,role_response,research
role_response__Defensive Coverage__level__teammate3__dvx,role_response,research
role_response__Defensive Coverage__time__teammate3__dvx,role_response,research
role_response__Defensive Coverage__fraction__teammate3__dvx,role_response,research
role_response__Defensive Coverage__level__teammate3__dvy,role_response,research
role_response__Defensive Coverage__time__teammate3__dvy,role_response,research
role_response__Defensive Coverage__fraction__teammate3__dvy,role_response,research
role_response__Defensive Coverage__level__teammate3__closing_speed,role_response,research
role_response__Defensive Coverage__time__teammate3__closing_speed,role_response,research
role_response__Defensive Coverage__fraction__teammate3__closing_speed,role_response,research
role_response__Defensive Coverage__level__teammate3__closest_time,role_response,research
role_response__Defensive Coverage__time__teammate3__closest_time,role_response,research
role_response__Defensive Coverage__fraction__teammate3__closest_time,role_response,research
role_response__Defensive Coverage__level__teammate3__closest_distance,role_response,research
role_response__Defensive Coverage__time__teammate3__closest_distance,role_response,research
role_response__Defensive Coverage__fraction__teammate3__closest_distance,role_response,research
role_response__Defensive Coverage__level__teammate3__ball_distance_advantage,role_response,research
role_response__Defensive Coverage__time__teammate3__ball_distance_advantage,role_response,research
role_response__Defensive Coverage__fraction__teammate3__ball_distance_advantage,role_response,research
role_response__Defensive Coverage__level__teammate4__dx,role_response,research
role_response__Defensive Coverage__time__teammate4__dx,role_response,research
role_response__Defensive Coverage__fraction__teammate4__dx,role_response,research
role_response__Defensive Coverage__level__teammate4__dy,role_response,research
role_response__Defensive Coverage__time__teammate4__dy,role_response,research
role_response__Defensive Coverage__fraction__teammate4__dy,role_response,research
role_response__Defensive Coverage__level__teammate4__distance,role_response,research
role_response__Defensive Coverage__time__teammate4__distance,role_response,research
role_response__Defensive Coverage__fraction__teammate4__distance,role_response,research
role_response__Defensive Coverage__level__teammate4__dvx,role_response,research
role_response__Defensive Coverage__time__teammate4__dvx,role_response,research
role_response__Defensive Coverage__fraction__teammate4__dvx,role_response,research
role_response__Defensive Coverage__level__teammate4__dvy,role_response,research
role_response__Defensive Coverage__time__teammate4__dvy,role_response,research
role_response__Defensive Coverage__fraction__teammate4__dvy,role_response,research
role_response__Defensive Coverage__level__teammate4__closing_speed,role_response,research
role_response__Defensive Coverage__time__teammate4__closing_speed,role_response,research
role_response__Defensive Coverage__fraction__teammate4__closing_speed,role_response,research
role_response__Defensive Coverage__level__teammate4__closest_time,role_response,research
role_response__Defensive Coverage__time__teammate4__closest_time,role_response,research
role_response__Defensive Coverage__fraction__teammate4__closest_time,role_response,research
role_response__Defensive Coverage__level__teammate4__closest_distance,role_response,research
role_response__Defensive Coverage__time__teammate4__closest_distance,role_response,research
role_response__Defensive Coverage__fraction__teammate4__closest_distance,role_response,research
role_response__Defensive Coverage__level__teammate4__ball_distance_advantage,role_response,research
role_response__Defensive Coverage__time__teammate4__ball_distance_advantage,role_response,research
role_response__Defensive Coverage__fraction__teammate4__ball_distance_advantage,role_response,research
role_response__Defensive Coverage__level__teammate5__dx,role_response,research
role_response__Defensive Coverage__time__teammate5__dx,role_response,research
role_response__Defensive Coverage__fraction__teammate5__dx,role_response,research
role_response__Defensive Coverage__level__teammate5__dy,role_response,research
role_response__Defensive Coverage__time__teammate5__dy,role_response,research
role_response__Defensive Coverage__fraction__teammate5__dy,role_response,research
role_response__Defensive Coverage__level__teammate5__distance,role_response,research
role_response__Defensive Coverage__time__teammate5__distance,role_response,research
role_response__Defensive Coverage__fraction__teammate5__distance,role_response,research
role_response__Defensive Coverage__level__teammate5__dvx,role_response,research
role_response__Defensive Coverage__time__teammate5__dvx,role_response,research
role_response__Defensive Coverage__fraction__teammate5__dvx,role_response,research
role_response__Defensive Coverage__level__teammate5__dvy,role_response,research
role_response__Defensive Coverage__time__teammate5__dvy,role_response,research
role_response__Defensive Coverage__fraction__teammate5__dvy,role_response,research
role_response__Defensive Coverage__level__teammate5__closing_speed,role_response,research
role_response__Defensive Coverage__time__teammate5__closing_speed,role_response,research
role_response__Defensive Coverage__fraction__teammate5__closing_speed,role_response,research
role_response__Defensive Coverage__level__teammate5__closest_time,role_response,research
role_response__Defensive Coverage__time__teammate5__closest_time,role_response,research
role_response__Defensive Coverage__fraction__teammate5__closest_time,role_response,research
role_response__Defensive Coverage__level__teammate5__closest_distance,role_response,research
role_response__Defensive Coverage__time__teammate5__closest_distance,role_response,research
role_response__Defensive Coverage__fraction__teammate5__closest_distance,role_response,research
role_response__Defensive Coverage__level__teammate5__ball_distance_advantage,role_response,research
role_response__Defensive Coverage__time__teammate5__ball_distance_advantage,role_response,research
role_response__Defensive Coverage__fraction__teammate5__ball_distance_advantage,role_response,research
role_response__Defensive Coverage__level__teammate6__dx,role_response,research
role_response__Defensive Coverage__time__teammate6__dx,role_response,research
role_response__Defensive Coverage__fraction__teammate6__dx,role_response,research
role_response__Defensive Coverage__level__teammate6__dy,role_response,research
role_response__Defensive Coverage__time__teammate6__dy,role_response,research
role_response__Defensive Coverage__fraction__teammate6__dy,role_response,research
role_response__Defensive Coverage__level__teammate6__distance,role_response,research
role_response__Defensive Coverage__time__teammate6__distance,role_response,research
role_response__Defensive Coverage__fraction__teammate6__distance,role_response,research
role_response__Defensive Coverage__level__teammate6__dvx,role_response,research
role_response__Defensive Coverage__time__teammate6__dvx,role_response,research
role_response__Defensive Coverage__fraction__teammate6__dvx,role_response,research
role_response__Defensive Coverage__level__teammate6__dvy,role_response,research
role_response__Defensive Coverage__time__teammate6__dvy,role_response,research
role_response__Defensive Coverage__fraction__teammate6__dvy,role_response,research
role_response__Defensive Coverage__level__teammate6__closing_speed,role_response,research
role_response__Defensive Coverage__time__teammate6__closing_speed,role_response,research
role_response__Defensive Coverage__fraction__teammate6__closing_speed,role_response,research
role_response__Defensive Coverage__level__teammate6__closest_time,role_response,research
role_response__Defensive Coverage__time__teammate6__closest_time,role_response,research
role_response__Defensive Coverage__fraction__teammate6__closest_time,role_response,research
role_response__Defensive Coverage__level__teammate6__closest_distance,role_response,research
role_response__Defensive Coverage__time__teammate6__closest_distance,role_response,research
role_response__Defensive Coverage__fraction__teammate6__closest_distance,role_response,research
role_response__Defensive Coverage__level__teammate6__ball_distance_advantage,role_response,research
role_response__Defensive Coverage__time__teammate6__ball_distance_advantage,role_response,research
role_response__Defensive Coverage__fraction__teammate6__ball_distance_advantage,role_response,research
role_response__Defensive Coverage__level__opponent1__dx,role_response,research
role_response__Defensive Coverage__time__opponent1__dx,role_response,research
role_response__Defensive Coverage__fraction__opponent1__dx,role_response,research
role_response__Defensive Coverage__level__opponent1__dy,role_response,research
role_response__Defensive Coverage__time__opponent1__dy,role_response,research
role_response__Defensive Coverage__fraction__opponent1__dy,role_response,research
role_response__Defensive Coverage__level__opponent1__distance,role_response,research
role_response__Defensive Coverage__time__opponent1__distance,role_response,research
role_response__Defensive Coverage__fraction__opponent1__distance,role_response,research
role_response__Defensive Coverage__level__opponent1__dvx,role_response,research
role_response__Defensive Coverage__time__opponent1__dvx,role_response,research
role_response__Defensive Coverage__fraction__opponent1__dvx,role_response,research
role_response__Defensive Coverage__level__opponent1__dvy,role_response,research
role_response__Defensive Coverage__time__opponent1__dvy,role_response,research
role_response__Defensive Coverage__fraction__opponent1__dvy,role_response,research
role_response__Defensive Coverage__level__opponent1__closing_speed,role_response,research
role_response__Defensive Coverage__time__opponent1__closing_speed,role_response,research
role_response__Defensive Coverage__fraction__opponent1__closing_speed,role_response,research
role_response__Defensive Coverage__level__opponent1__closest_time,role_response,research
role_response__Defensive Coverage__time__opponent1__closest_time,role_response,research
role_response__Defensive Coverage__fraction__opponent1__closest_time,role_response,research
role_response__Defensive Coverage__level__opponent1__closest_distance,role_response,research
role_response__Defensive Coverage__time__opponent1__closest_distance,role_response,research
role_response__Defensive Coverage__fraction__opponent1__closest_distance,role_response,research
role_response__Defensive Coverage__level__opponent1__ball_distance_advantage,role_response,research
role_response__Defensive Coverage__time__opponent1__ball_distance_advantage,role_response,research
role_response__Defensive Coverage__fraction__opponent1__ball_distance_advantage,role_response,research
role_response__Defensive Coverage__level__opponent2__dx,role_response,research
role_response__Defensive Coverage__time__opponent2__dx,role_response,research
role_response__Defensive Coverage__fraction__opponent2__dx,role_response,research
role_response__Defensive Coverage__level__opponent2__dy,role_response,research
role_response__Defensive Coverage__time__opponent2__dy,role_response,research
role_response__Defensive Coverage__fraction__opponent2__dy,role_response,research
role_response__Defensive Coverage__level__opponent2__distance,role_response,research
role_response__Defensive Coverage__time__opponent2__distance,role_response,research
role_response__Defensive Coverage__fraction__opponent2__distance,role_response,research
role_response__Defensive Coverage__level__opponent2__dvx,role_response,research
role_response__Defensive Coverage__time__opponent2__dvx,role_response,research
role_response__Defensive Coverage__fraction__opponent2__dvx,role_response,research
role_response__Defensive Coverage__level__opponent2__dvy,role_response,research
role_response__Defensive Coverage__time__opponent2__dvy,role_response,research
role_response__Defensive Coverage__fraction__opponent2__dvy,role_response,research
role_response__Defensive Coverage__level__opponent2__closing_speed,role_response,research
role_response__Defensive Coverage__time__opponent2__closing_speed,role_response,research
role_response__Defensive Coverage__fraction__opponent2__closing_speed,role_response,research
role_response__Defensive Coverage__level__opponent2__closest_time,role_response,research
role_response__Defensive Coverage__time__opponent2__closest_time,role_response,research
role_response__Defensive Coverage__fraction__opponent2__closest_time,role_response,research
role_response__Defensive Coverage__level__opponent2__closest_distance,role_response,research
role_response__Defensive Coverage__time__opponent2__closest_distance,role_response,research
role_response__Defensive Coverage__fraction__opponent2__closest_distance,role_response,research
role_response__Defensive Coverage__level__opponent2__ball_distance_advantage,role_response,research
role_response__Defensive Coverage__time__opponent2__ball_distance_advantage,role_response,research
role_response__Defensive Coverage__fraction__opponent2__ball_distance_advantage,role_response,research
role_response__Defensive Coverage__level__opponent3__dx,role_response,research
role_response__Defensive Coverage__time__opponent3__dx,role_response,research
role_response__Defensive Coverage__fraction__opponent3__dx,role_response,research
role_response__Defensive Coverage__level__opponent3__dy,role_response,research
role_response__Defensive Coverage__time__opponent3__dy,role_response,research
role_response__Defensive Coverage__fraction__opponent3__dy,role_response,research
role_response__Defensive Coverage__level__opponent3__distance,role_response,research
role_response__Defensive Coverage__time__opponent3__distance,role_response,research
role_response__Defensive Coverage__fraction__opponent3__distance,role_response,research
role_response__Defensive Coverage__level__opponent3__dvx,role_response,research
role_response__Defensive Coverage__time__opponent3__dvx,role_response,research
role_response__Defensive Coverage__fraction__opponent3__dvx,role_response,research
role_response__Defensive Coverage__level__opponent3__dvy,role_response,research
role_response__Defensive Coverage__time__opponent3__dvy,role_response,research
role_response__Defensive Coverage__fraction__opponent3__dvy,role_response,research
role_response__Defensive Coverage__level__opponent3__closing_speed,role_response,research
role_response__Defensive Coverage__time__opponent3__closing_speed,role_response,research
role_response__Defensive Coverage__fraction__opponent3__closing_speed,role_response,research
role_response__Defensive Coverage__level__opponent3__closest_time,role_response,research
role_response__Defensive Coverage__time__opponent3__closest_time,role_response,research
role_response__Defensive Coverage__fraction__opponent3__closest_time,role_response,research
role_response__Defensive Coverage__level__opponent3__closest_distance,role_response,research
role_response__Defensive Coverage__time__opponent3__closest_distance,role_response,research
role_response__Defensive Coverage__fraction__opponent3__closest_distance,role_response,research
role_response__Defensive Coverage__level__opponent3__ball_distance_advantage,role_response,research
role_response__Defensive Coverage__time__opponent3__ball_distance_advantage,role_response,research
role_response__Defensive Coverage__fraction__opponent3__ball_distance_advantage,role_response,research
role_response__Defensive Coverage__level__opponent4__dx,role_response,research
role_response__Defensive Coverage__time__opponent4__dx,role_response,research
role_response__Defensive Coverage__fraction__opponent4__dx,role_response,research
role_response__Defensive Coverage__level__opponent4__dy,role_response,research
role_response__Defensive Coverage__time__opponent4__dy,role_response,research
role_response__Defensive Coverage__fraction__opponent4__dy,role_response,research
role_response__Defensive Coverage__level__opponent4__distance,role_response,research
role_response__Defensive Coverage__time__opponent4__distance,role_response,research
role_response__Defensive Coverage__fraction__opponent4__distance,role_response,research
role_response__Defensive Coverage__level__opponent4__dvx,role_response,research
role_response__Defensive Coverage__time__opponent4__dvx,role_response,research
role_response__Defensive Coverage__fraction__opponent4__dvx,role_response,research
role_response__Defensive Coverage__level__opponent4__dvy,role_response,research
role_response__Defensive Coverage__time__opponent4__dvy,role_response,research
role_response__Defensive Coverage__fraction__opponent4__dvy,role_response,research
role_response__Defensive Coverage__level__opponent4__closing_speed,role_response,research
role_response__Defensive Coverage__time__opponent4__closing_speed,role_response,research
role_response__Defensive Coverage__fraction__opponent4__closing_speed,role_response,research
role_response__Defensive Coverage__level__opponent4__closest_time,role_response,research
role_response__Defensive Coverage__time__opponent4__closest_time,role_response,research
role_response__Defensive Coverage__fraction__opponent4__closest_time,role_response,research
role_response__Defensive Coverage__level__opponent4__closest_distance,role_response,research
role_response__Defensive Coverage__time__opponent4__closest_distance,role_response,research
role_response__Defensive Coverage__fraction__opponent4__closest_distance,role_response,research
role_response__Defensive Coverage__level__opponent4__ball_distance_advantage,role_response,research
role_response__Defensive Coverage__time__opponent4__ball_distance_advantage,role_response,research
role_response__Defensive Coverage__fraction__opponent4__ball_distance_advantage,role_response,research
role_response__Defensive Coverage__level__opponent5__dx,role_response,research
role_response__Defensive Coverage__time__opponent5__dx,role_response,research
role_response__Defensive Coverage__fraction__opponent5__dx,role_response,research
role_response__Defensive Coverage__level__opponent5__dy,role_response,research
role_response__Defensive Coverage__time__opponent5__dy,role_response,research
role_response__Defensive Coverage__fraction__opponent5__dy,role_response,research
role_response__Defensive Coverage__level__opponent5__distance,role_response,research
role_response__Defensive Coverage__time__opponent5__distance,role_response,research
role_response__Defensive Coverage__fraction__opponent5__distance,role_response,research
role_response__Defensive Coverage__level__opponent5__dvx,role_response,research
role_response__Defensive Coverage__time__opponent5__dvx,role_response,research
role_response__Defensive Coverage__fraction__opponent5__dvx,role_response,research
role_response__Defensive Coverage__level__opponent5__dvy,role_response,research
role_response__Defensive Coverage__time__opponent5__dvy,role_response,research
role_response__Defensive Coverage__fraction__opponent5__dvy,role_response,research
role_response__Defensive Coverage__level__opponent5__closing_speed,role_response,research
role_response__Defensive Coverage__time__opponent5__closing_speed,role_response,research
role_response__Defensive Coverage__fraction__opponent5__closing_speed,role_response,research
role_response__Defensive Coverage__level__opponent5__closest_time,role_response,research
role_response__Defensive Coverage__time__opponent5__closest_time,role_response,research
role_response__Defensive Coverage__fraction__opponent5__closest_time,role_response,research
role_response__Defensive Coverage__level__opponent5__closest_distance,role_response,research
role_response__Defensive Coverage__time__opponent5__closest_distance,role_response,research
role_response__Defensive Coverage__fraction__opponent5__closest_distance,role_response,research
role_response__Defensive Coverage__level__opponent5__ball_distance_advantage,role_response,research
role_response__Defensive Coverage__time__opponent5__ball_distance_advantage,role_response,research
role_response__Defensive Coverage__fraction__opponent5__ball_distance_advantage,role_response,research
role_response__Defensive Coverage__level__opponent6__dx,role_response,research
role_response__Defensive Coverage__time__opponent6__dx,role_response,research
role_response__Defensive Coverage__fraction__opponent6__dx,role_response,research
role_response__Defensive Coverage__level__opponent6__dy,role_response,research
role_response__Defensive Coverage__time__opponent6__dy,role_response,research
role_response__Defensive Coverage__fraction__opponent6__dy,role_response,research
role_response__Defensive Coverage__level__opponent6__distance,role_response,research
role_response__Defensive Coverage__time__opponent6__distance,role_response,research
role_response__Defensive Coverage__fraction__opponent6__distance,role_response,research
role_response__Defensive Coverage__level__opponent6__dvx,role_response,research
role_response__Defensive Coverage__time__opponent6__dvx,role_response,research
role_response__Defensive Coverage__fraction__opponent6__dvx,role_response,research
role_response__Defensive Coverage__level__opponent6__dvy,role_response,research
role_response__Defensive Coverage__time__opponent6__dvy,role_response,research
role_response__Defensive Coverage__fraction__opponent6__dvy,role_response,research
role_response__Defensive Coverage__level__opponent6__closing_speed,role_response,research
role_response__Defensive Coverage__time__opponent6__closing_speed,role_response,research
role_response__Defensive Coverage__fraction__opponent6__closing_speed,role_response,research
role_response__Defensive Coverage__level__opponent6__closest_time,role_response,research
role_response__Defensive Coverage__time__opponent6__closest_time,role_response,research
role_response__Defensive Coverage__fraction__opponent6__closest_time,role_response,research
role_response__Defensive Coverage__level__opponent6__closest_distance,role_response,research
role_response__Defensive Coverage__time__opponent6__closest_distance,role_response,research
role_response__Defensive Coverage__fraction__opponent6__closest_distance,role_response,research
role_response__Defensive Coverage__level__opponent6__ball_distance_advantage,role_response,research
role_response__Defensive Coverage__time__opponent6__ball_distance_advantage,role_response,research
role_response__Defensive Coverage__fraction__opponent6__ball_distance_advantage,role_response,research
role_response__Defensive Coverage__level__receiver1__dx,role_response,research
role_response__Defensive Coverage__time__receiver1__dx,role_response,research
role_response__Defensive Coverage__fraction__receiver1__dx,role_response,research
role_response__Defensive Coverage__level__receiver1__dy,role_response,research
role_response__Defensive Coverage__time__receiver1__dy,role_response,research
role_response__Defensive Coverage__fraction__receiver1__dy,role_response,research
role_response__Defensive Coverage__level__receiver1__distance,role_response,research
role_response__Defensive Coverage__time__receiver1__distance,role_response,research
role_response__Defensive Coverage__fraction__receiver1__distance,role_response,research
role_response__Defensive Coverage__level__receiver1__dvx,role_response,research
role_response__Defensive Coverage__time__receiver1__dvx,role_response,research
role_response__Defensive Coverage__fraction__receiver1__dvx,role_response,research
role_response__Defensive Coverage__level__receiver1__dvy,role_response,research
role_response__Defensive Coverage__time__receiver1__dvy,role_response,research
role_response__Defensive Coverage__fraction__receiver1__dvy,role_response,research
role_response__Defensive Coverage__level__receiver1__closing_speed,role_response,research
role_response__Defensive Coverage__time__receiver1__closing_speed,role_response,research
role_response__Defensive Coverage__fraction__receiver1__closing_speed,role_response,research
role_response__Defensive Coverage__level__receiver1__closest_time,role_response,research
role_response__Defensive Coverage__time__receiver1__closest_time,role_response,research
role_response__Defensive Coverage__fraction__receiver1__closest_time,role_response,research
role_response__Defensive Coverage__level__receiver1__closest_distance,role_response,research
role_response__Defensive Coverage__time__receiver1__closest_distance,role_response,research
role_response__Defensive Coverage__fraction__receiver1__closest_distance,role_response,research
role_response__Defensive Coverage__level__receiver1__ball_distance_advantage,role_response,research
role_response__Defensive Coverage__time__receiver1__ball_distance_advantage,role_response,research
role_response__Defensive Coverage__fraction__receiver1__ball_distance_advantage,role_response,research
role_response__Defensive Coverage__level__passer1__dx,role_response,research
role_response__Defensive Coverage__time__passer1__dx,role_response,research
role_response__Defensive Coverage__fraction__passer1__dx,role_response,research
role_response__Defensive Coverage__level__passer1__dy,role_response,research
role_response__Defensive Coverage__time__passer1__dy,role_response,research
role_response__Defensive Coverage__fraction__passer1__dy,role_response,research
role_response__Defensive Coverage__level__passer1__distance,role_response,research
role_response__Defensive Coverage__time__passer1__distance,role_response,research
role_response__Defensive Coverage__fraction__passer1__distance,role_response,research
role_response__Defensive Coverage__level__passer1__dvx,role_response,research
role_response__Defensive Coverage__time__passer1__dvx,role_response,research
role_response__Defensive Coverage__fraction__passer1__dvx,role_response,research
role_response__Defensive Coverage__level__passer1__dvy,role_response,research
role_response__Defensive Coverage__time__passer1__dvy,role_response,research
role_response__Defensive Coverage__fraction__passer1__dvy,role_response,research
role_response__Defensive Coverage__level__passer1__closing_speed,role_response,research
role_response__Defensive Coverage__time__passer1__closing_speed,role_response,research
role_response__Defensive Coverage__fraction__passer1__closing_speed,role_response,research
role_response__Defensive Coverage__level__passer1__closest_time,role_response,research
role_response__Defensive Coverage__time__passer1__closest_time,role_response,research
role_response__Defensive Coverage__fraction__passer1__closest_time,role_response,research
role_response__Defensive Coverage__level__passer1__closest_distance,role_response,research
role_response__Defensive Coverage__time__passer1__closest_distance,role_response,research
role_response__Defensive Coverage__fraction__passer1__closest_distance,role_response,research
role_response__Defensive Coverage__level__passer1__ball_distance_advantage,role_response,research
role_response__Defensive Coverage__time__passer1__ball_distance_advantage,role_response,research
role_response__Defensive Coverage__fraction__passer1__ball_distance_advantage,role_response,research
role_response__Pass Route__level__lag00__relative_x,role_response,research
role_response__Pass Route__time__lag00__relative_x,role_response,research
role_response__Pass Route__fraction__lag00__relative_x,role_response,research
role_response__Pass Route__level__lag00__relative_y,role_response,research
role_response__Pass Route__time__lag00__relative_y,role_response,research
role_response__Pass Route__fraction__lag00__relative_y,role_response,research
role_response__Pass Route__level__lag00__vx,role_response,research
role_response__Pass Route__time__lag00__vx,role_response,research
role_response__Pass Route__fraction__lag00__vx,role_response,research
role_response__Pass Route__level__lag00__vy,role_response,research
role_response__Pass Route__time__lag00__vy,role_response,research
role_response__Pass Route__fraction__lag00__vy,role_response,research
role_response__Pass Route__level__lag00__ax,role_response,research
role_response__Pass Route__time__lag00__ax,role_response,research
role_response__Pass Route__fraction__lag00__ax,role_response,research
role_response__Pass Route__level__lag00__ay,role_response,research
role_response__Pass Route__time__lag00__ay,role_response,research
role_response__Pass Route__fraction__lag00__ay,role_response,research
role_response__Pass Route__level__lag00__speed,role_response,research
role_response__Pass Route__time__lag00__speed,role_response,research
role_response__Pass Route__fraction__lag00__speed,role_response,research
role_response__Pass Route__level__lag00__acceleration,role_response,research
role_response__Pass Route__time__lag00__acceleration,role_response,research
role_response__Pass Route__fraction__lag00__acceleration,role_response,research
role_response__Pass Route__level__lag00__s,role_response,research
role_response__Pass Route__time__lag00__s,role_response,research
role_response__Pass Route__fraction__lag00__s,role_response,research
role_response__Pass Route__level__lag00__a,role_response,research
role_response__Pass Route__time__lag00__a,role_response,research
role_response__Pass Route__fraction__lag00__a,role_response,research
role_response__Pass Route__level__lag00__dir_sin,role_response,research
role_response__Pass Route__time__lag00__dir_sin,role_response,research
role_response__Pass Route__fraction__lag00__dir_sin,role_response,research
role_response__Pass Route__level__lag00__dir_cos,role_response,research
role_response__Pass Route__time__lag00__dir_cos,role_response,research
role_response__Pass Route__fraction__lag00__dir_cos,role_response,research
role_response__Pass Route__level__lag00__o_sin,role_response,research
role_response__Pass Route__time__lag00__o_sin,role_response,research
role_response__Pass Route__fraction__lag00__o_sin,role_response,research
role_response__Pass Route__level__lag00__o_cos,role_response,research
role_response__Pass Route__time__lag00__o_cos,role_response,research
role_response__Pass Route__fraction__lag00__o_cos,role_response,research
role_response__Pass Route__level__lag00__orientation_alignment,role_response,research
role_response__Pass Route__time__lag00__orientation_alignment,role_response,research
role_response__Pass Route__fraction__lag00__orientation_alignment,role_response,research
role_response__Pass Route__level__lag00__ball_dx,role_response,research
role_response__Pass Route__time__lag00__ball_dx,role_response,research
role_response__Pass Route__fraction__lag00__ball_dx,role_response,research
role_response__Pass Route__level__lag00__ball_dy,role_response,research
role_response__Pass Route__time__lag00__ball_dy,role_response,research
role_response__Pass Route__fraction__lag00__ball_dy,role_response,research
role_response__Pass Route__level__lag00__ball_distance,role_response,research
role_response__Pass Route__time__lag00__ball_distance,role_response,research
role_response__Pass Route__fraction__lag00__ball_distance,role_response,research
role_response__Pass Route__level__lag00__ball_ux,role_response,research
role_response__Pass Route__time__lag00__ball_ux,role_response,research
role_response__Pass Route__fraction__lag00__ball_ux,role_response,research
role_response__Pass Route__level__lag00__ball_uy,role_response,research
role_response__Pass Route__time__lag00__ball_uy,role_response,research
role_response__Pass Route__fraction__lag00__ball_uy,role_response,research
role_response__Pass Route__level__lag00__closing_speed,role_response,research
role_response__Pass Route__time__lag00__closing_speed,role_response,research
role_response__Pass Route__fraction__lag00__closing_speed,role_response,research
role_response__Pass Route__level__lag00__lateral_speed,role_response,research
role_response__Pass Route__time__lag00__lateral_speed,role_response,research
role_response__Pass Route__fraction__lag00__lateral_speed,role_response,research
role_response__Pass Route__level__lag00__radial_acceleration,role_response,research
role_response__Pass Route__time__lag00__radial_acceleration,role_response,research
role_response__Pass Route__fraction__lag00__radial_acceleration,role_response,research
role_response__Pass Route__level__lag00__lateral_acceleration,role_response,research
role_response__Pass Route__time__lag00__lateral_acceleration,role_response,research
role_response__Pass Route__fraction__lag00__lateral_acceleration,role_response,research
role_response__Pass Route__level__lag00__turn_rate,role_response,research
role_response__Pass Route__time__lag00__turn_rate,role_response,research
role_response__Pass Route__fraction__lag00__turn_rate,role_response,research
role_response__Pass Route__level__lag00__jerk,role_response,research
role_response__Pass Route__time__lag00__jerk,role_response,research
role_response__Pass Route__fraction__lag00__jerk,role_response,research
role_response__Pass Route__level__lag00__velocity_alignment,role_response,research
role_response__Pass Route__time__lag00__velocity_alignment,role_response,research
role_response__Pass Route__fraction__lag00__velocity_alignment,role_response,research
role_response__Pass Route__level__lag00__sideline_distance,role_response,research
role_response__Pass Route__time__lag00__sideline_distance,role_response,research
role_response__Pass Route__fraction__lag00__sideline_distance,role_response,research
role_response__Pass Route__level__teammate1__dx,role_response,research
role_response__Pass Route__time__teammate1__dx,role_response,research
role_response__Pass Route__fraction__teammate1__dx,role_response,research
role_response__Pass Route__level__teammate1__dy,role_response,research
role_response__Pass Route__time__teammate1__dy,role_response,research
role_response__Pass Route__fraction__teammate1__dy,role_response,research
role_response__Pass Route__level__teammate1__distance,role_response,research
role_response__Pass Route__time__teammate1__distance,role_response,research
role_response__Pass Route__fraction__teammate1__distance,role_response,research
role_response__Pass Route__level__teammate1__dvx,role_response,research
role_response__Pass Route__time__teammate1__dvx,role_response,research
role_response__Pass Route__fraction__teammate1__dvx,role_response,research
role_response__Pass Route__level__teammate1__dvy,role_response,research
role_response__Pass Route__time__teammate1__dvy,role_response,research
role_response__Pass Route__fraction__teammate1__dvy,role_response,research
role_response__Pass Route__level__teammate1__closing_speed,role_response,research
role_response__Pass Route__time__teammate1__closing_speed,role_response,research
role_response__Pass Route__fraction__teammate1__closing_speed,role_response,research
role_response__Pass Route__level__teammate1__closest_time,role_response,research
role_response__Pass Route__time__teammate1__closest_time,role_response,research
role_response__Pass Route__fraction__teammate1__closest_time,role_response,research
role_response__Pass Route__level__teammate1__closest_distance,role_response,research
role_response__Pass Route__time__teammate1__closest_distance,role_response,research
role_response__Pass Route__fraction__teammate1__closest_distance,role_response,research
role_response__Pass Route__level__teammate1__ball_distance_advantage,role_response,research
role_response__Pass Route__time__teammate1__ball_distance_advantage,role_response,research
role_response__Pass Route__fraction__teammate1__ball_distance_advantage,role_response,research
role_response__Pass Route__level__teammate2__dx,role_response,research
role_response__Pass Route__time__teammate2__dx,role_response,research
role_response__Pass Route__fraction__teammate2__dx,role_response,research
role_response__Pass Route__level__teammate2__dy,role_response,research
role_response__Pass Route__time__teammate2__dy,role_response,research
role_response__Pass Route__fraction__teammate2__dy,role_response,research
role_response__Pass Route__level__teammate2__distance,role_response,research
role_response__Pass Route__time__teammate2__distance,role_response,research
role_response__Pass Route__fraction__teammate2__distance,role_response,research
role_response__Pass Route__level__teammate2__dvx,role_response,research
role_response__Pass Route__time__teammate2__dvx,role_response,research
role_response__Pass Route__fraction__teammate2__dvx,role_response,research
role_response__Pass Route__level__teammate2__dvy,role_response,research
role_response__Pass Route__time__teammate2__dvy,role_response,research
role_response__Pass Route__fraction__teammate2__dvy,role_response,research
role_response__Pass Route__level__teammate2__closing_speed,role_response,research
role_response__Pass Route__time__teammate2__closing_speed,role_response,research
role_response__Pass Route__fraction__teammate2__closing_speed,role_response,research
role_response__Pass Route__level__teammate2__closest_time,role_response,research
role_response__Pass Route__time__teammate2__closest_time,role_response,research
role_response__Pass Route__fraction__teammate2__closest_time,role_response,research
role_response__Pass Route__level__teammate2__closest_distance,role_response,research
role_response__Pass Route__time__teammate2__closest_distance,role_response,research
role_response__Pass Route__fraction__teammate2__closest_distance,role_response,research
role_response__Pass Route__level__teammate2__ball_distance_advantage,role_response,research
role_response__Pass Route__time__teammate2__ball_distance_advantage,role_response,research
role_response__Pass Route__fraction__teammate2__ball_distance_advantage,role_response,research
role_response__Pass Route__level__teammate3__dx,role_response,research
role_response__Pass Route__time__teammate3__dx,role_response,research
role_response__Pass Route__fraction__teammate3__dx,role_response,research
role_response__Pass Route__level__teammate3__dy,role_response,research
role_response__Pass Route__time__teammate3__dy,role_response,research
role_response__Pass Route__fraction__teammate3__dy,role_response,research
role_response__Pass Route__level__teammate3__distance,role_response,research
role_response__Pass Route__time__teammate3__distance,role_response,research
role_response__Pass Route__fraction__teammate3__distance,role_response,research
role_response__Pass Route__level__teammate3__dvx,role_response,research
role_response__Pass Route__time__teammate3__dvx,role_response,research
role_response__Pass Route__fraction__teammate3__dvx,role_response,research
role_response__Pass Route__level__teammate3__dvy,role_response,research
role_response__Pass Route__time__teammate3__dvy,role_response,research
role_response__Pass Route__fraction__teammate3__dvy,role_response,research
role_response__Pass Route__level__teammate3__closing_speed,role_response,research
role_response__Pass Route__time__teammate3__closing_speed,role_response,research
role_response__Pass Route__fraction__teammate3__closing_speed,role_response,research
role_response__Pass Route__level__teammate3__closest_time,role_response,research
role_response__Pass Route__time__teammate3__closest_time,role_response,research
role_response__Pass Route__fraction__teammate3__closest_time,role_response,research
role_response__Pass Route__level__teammate3__closest_distance,role_response,research
role_response__Pass Route__time__teammate3__closest_distance,role_response,research
role_response__Pass Route__fraction__teammate3__closest_distance,role_response,research
role_response__Pass Route__level__teammate3__ball_distance_advantage,role_response,research
role_response__Pass Route__time__teammate3__ball_distance_advantage,role_response,research
role_response__Pass Route__fraction__teammate3__ball_distance_advantage,role_response,research
role_response__Pass Route__level__teammate4__dx,role_response,research
role_response__Pass Route__time__teammate4__dx,role_response,research
role_response__Pass Route__fraction__teammate4__dx,role_response,research
role_response__Pass Route__level__teammate4__dy,role_response,research
role_response__Pass Route__time__teammate4__dy,role_response,research
role_response__Pass Route__fraction__teammate4__dy,role_response,research
role_response__Pass Route__level__teammate4__distance,role_response,research
role_response__Pass Route__time__teammate4__distance,role_response,research
role_response__Pass Route__fraction__teammate4__distance,role_response,research
role_response__Pass Route__level__teammate4__dvx,role_response,research
role_response__Pass Route__time__teammate4__dvx,role_response,research
role_response__Pass Route__fraction__teammate4__dvx,role_response,research
role_response__Pass Route__level__teammate4__dvy,role_response,research
role_response__Pass Route__time__teammate4__dvy,role_response,research
role_response__Pass Route__fraction__teammate4__dvy,role_response,research
role_response__Pass Route__level__teammate4__closing_speed,role_response,research
role_response__Pass Route__time__teammate4__closing_speed,role_response,research
role_response__Pass Route__fraction__teammate4__closing_speed,role_response,research
role_response__Pass Route__level__teammate4__closest_time,role_response,research
role_response__Pass Route__time__teammate4__closest_time,role_response,research
role_response__Pass Route__fraction__teammate4__closest_time,role_response,research
role_response__Pass Route__level__teammate4__closest_distance,role_response,research
role_response__Pass Route__time__teammate4__closest_distance,role_response,research
role_response__Pass Route__fraction__teammate4__closest_distance,role_response,research
role_response__Pass Route__level__teammate4__ball_distance_advantage,role_response,research
role_response__Pass Route__time__teammate4__ball_distance_advantage,role_response,research
role_response__Pass Route__fraction__teammate4__ball_distance_advantage,role_response,research
role_response__Pass Route__level__teammate5__dx,role_response,research
role_response__Pass Route__time__teammate5__dx,role_response,research
role_response__Pass Route__fraction__teammate5__dx,role_response,research
role_response__Pass Route__level__teammate5__dy,role_response,research
role_response__Pass Route__time__teammate5__dy,role_response,research
role_response__Pass Route__fraction__teammate5__dy,role_response,research
role_response__Pass Route__level__teammate5__distance,role_response,research
role_response__Pass Route__time__teammate5__distance,role_response,research
role_response__Pass Route__fraction__teammate5__distance,role_response,research
role_response__Pass Route__level__teammate5__dvx,role_response,research
role_response__Pass Route__time__teammate5__dvx,role_response,research
role_response__Pass Route__fraction__teammate5__dvx,role_response,research
role_response__Pass Route__level__teammate5__dvy,role_response,research
role_response__Pass Route__time__teammate5__dvy,role_response,research
role_response__Pass Route__fraction__teammate5__dvy,role_response,research
role_response__Pass Route__level__teammate5__closing_speed,role_response,research
role_response__Pass Route__time__teammate5__closing_speed,role_response,research
role_response__Pass Route__fraction__teammate5__closing_speed,role_response,research
role_response__Pass Route__level__teammate5__closest_time,role_response,research
role_response__Pass Route__time__teammate5__closest_time,role_response,research
role_response__Pass Route__fraction__teammate5__closest_time,role_response,research
role_response__Pass Route__level__teammate5__closest_distance,role_response,research
role_response__Pass Route__time__teammate5__closest_distance,role_response,research
role_response__Pass Route__fraction__teammate5__closest_distance,role_response,research
role_response__Pass Route__level__teammate5__ball_distance_advantage,role_response,research
role_response__Pass Route__time__teammate5__ball_distance_advantage,role_response,research
role_response__Pass Route__fraction__teammate5__ball_distance_advantage,role_response,research
role_response__Pass Route__level__teammate6__dx,role_response,research
role_response__Pass Route__time__teammate6__dx,role_response,research
role_response__Pass Route__fraction__teammate6__dx,role_response,research
role_response__Pass Route__level__teammate6__dy,role_response,research
role_response__Pass Route__time__teammate6__dy,role_response,research
role_response__Pass Route__fraction__teammate6__dy,role_response,research
role_response__Pass Route__level__teammate6__distance,role_response,research
role_response__Pass Route__time__teammate6__distance,role_response,research
role_response__Pass Route__fraction__teammate6__distance,role_response,research
role_response__Pass Route__level__teammate6__dvx,role_response,research
role_response__Pass Route__time__teammate6__dvx,role_response,research
role_response__Pass Route__fraction__teammate6__dvx,role_response,research
role_response__Pass Route__level__teammate6__dvy,role_response,research
role_response__Pass Route__time__teammate6__dvy,role_response,research
role_response__Pass Route__fraction__teammate6__dvy,role_response,research
role_response__Pass Route__level__teammate6__closing_speed,role_response,research
role_response__Pass Route__time__teammate6__closing_speed,role_response,research
role_response__Pass Route__fraction__teammate6__closing_speed,role_response,research
role_response__Pass Route__level__teammate6__closest_time,role_response,research
role_response__Pass Route__time__teammate6__closest_time,role_response,research
role_response__Pass Route__fraction__teammate6__closest_time,role_response,research
role_response__Pass Route__level__teammate6__closest_distance,role_response,research
role_response__Pass Route__time__teammate6__closest_distance,role_response,research
role_response__Pass Route__fraction__teammate6__closest_distance,role_response,research
role_response__Pass Route__level__teammate6__ball_distance_advantage,role_response,research
role_response__Pass Route__time__teammate6__ball_distance_advantage,role_response,research
role_response__Pass Route__fraction__teammate6__ball_distance_advantage,role_response,research
role_response__Pass Route__level__opponent1__dx,role_response,research
role_response__Pass Route__time__opponent1__dx,role_response,research
role_response__Pass Route__fraction__opponent1__dx,role_response,research
role_response__Pass Route__level__opponent1__dy,role_response,research
role_response__Pass Route__time__opponent1__dy,role_response,research
role_response__Pass Route__fraction__opponent1__dy,role_response,research
role_response__Pass Route__level__opponent1__distance,role_response,research
role_response__Pass Route__time__opponent1__distance,role_response,research
role_response__Pass Route__fraction__opponent1__distance,role_response,research
role_response__Pass Route__level__opponent1__dvx,role_response,research
role_response__Pass Route__time__opponent1__dvx,role_response,research
role_response__Pass Route__fraction__opponent1__dvx,role_response,research
role_response__Pass Route__level__opponent1__dvy,role_response,research
role_response__Pass Route__time__opponent1__dvy,role_response,research
role_response__Pass Route__fraction__opponent1__dvy,role_response,research
role_response__Pass Route__level__opponent1__closing_speed,role_response,research
role_response__Pass Route__time__opponent1__closing_speed,role_response,research
role_response__Pass Route__fraction__opponent1__closing_speed,role_response,research
role_response__Pass Route__level__opponent1__closest_time,role_response,research
role_response__Pass Route__time__opponent1__closest_time,role_response,research
role_response__Pass Route__fraction__opponent1__closest_time,role_response,research
role_response__Pass Route__level__opponent1__closest_distance,role_response,research
role_response__Pass Route__time__opponent1__closest_distance,role_response,research
role_response__Pass Route__fraction__opponent1__closest_distance,role_response,research
role_response__Pass Route__level__opponent1__ball_distance_advantage,role_response,research
role_response__Pass Route__time__opponent1__ball_distance_advantage,role_response,research
role_response__Pass Route__fraction__opponent1__ball_distance_advantage,role_response,research
role_response__Pass Route__level__opponent2__dx,role_response,research
role_response__Pass Route__time__opponent2__dx,role_response,research
role_response__Pass Route__fraction__opponent2__dx,role_response,research
role_response__Pass Route__level__opponent2__dy,role_response,research
role_response__Pass Route__time__opponent2__dy,role_response,research
role_response__Pass Route__fraction__opponent2__dy,role_response,research
role_response__Pass Route__level__opponent2__distance,role_response,research
role_response__Pass Route__time__opponent2__distance,role_response,research
role_response__Pass Route__fraction__opponent2__distance,role_response,research
role_response__Pass Route__level__opponent2__dvx,role_response,research
role_response__Pass Route__time__opponent2__dvx,role_response,research
role_response__Pass Route__fraction__opponent2__dvx,role_response,research
role_response__Pass Route__level__opponent2__dvy,role_response,research
role_response__Pass Route__time__opponent2__dvy,role_response,research
role_response__Pass Route__fraction__opponent2__dvy,role_response,research
role_response__Pass Route__level__opponent2__closing_speed,role_response,research
role_response__Pass Route__time__opponent2__closing_speed,role_response,research
role_response__Pass Route__fraction__opponent2__closing_speed,role_response,research
role_response__Pass Route__level__opponent2__closest_time,role_response,research
role_response__Pass Route__time__opponent2__closest_time,role_response,research
role_response__Pass Route__fraction__opponent2__closest_time,role_response,research
role_response__Pass Route__level__opponent2__closest_distance,role_response,research
role_response__Pass Route__time__opponent2__closest_distance,role_response,research
role_response__Pass Route__fraction__opponent2__closest_distance,role_response,research
role_response__Pass Route__level__opponent2__ball_distance_advantage,role_response,research
role_response__Pass Route__time__opponent2__ball_distance_advantage,role_response,research
role_response__Pass Route__fraction__opponent2__ball_distance_advantage,role_response,research
role_response__Pass Route__level__opponent3__dx,role_response,research
role_response__Pass Route__time__opponent3__dx,role_response,research
role_response__Pass Route__fraction__opponent3__dx,role_response,research
role_response__Pass Route__level__opponent3__dy,role_response,research
role_response__Pass Route__time__opponent3__dy,role_response,research
role_response__Pass Route__fraction__opponent3__dy,role_response,research
role_response__Pass Route__level__opponent3__distance,role_response,research
role_response__Pass Route__time__opponent3__distance,role_response,research
role_response__Pass Route__fraction__opponent3__distance,role_response,research
role_response__Pass Route__level__opponent3__dvx,role_response,research
role_response__Pass Route__time__opponent3__dvx,role_response,research
role_response__Pass Route__fraction__opponent3__dvx,role_response,research
role_response__Pass Route__level__opponent3__dvy,role_response,research
role_response__Pass Route__time__opponent3__dvy,role_response,research
role_response__Pass Route__fraction__opponent3__dvy,role_response,research
role_response__Pass Route__level__opponent3__closing_speed,role_response,research
role_response__Pass Route__time__opponent3__closing_speed,role_response,research
role_response__Pass Route__fraction__opponent3__closing_speed,role_response,research
role_response__Pass Route__level__opponent3__closest_time,role_response,research
role_response__Pass Route__time__opponent3__closest_time,role_response,research
role_response__Pass Route__fraction__opponent3__closest_time,role_response,research
role_response__Pass Route__level__opponent3__closest_distance,role_response,research
role_response__Pass Route__time__opponent3__closest_distance,role_response,research
role_response__Pass Route__fraction__opponent3__closest_distance,role_response,research
role_response__Pass Route__level__opponent3__ball_distance_advantage,role_response,research
role_response__Pass Route__time__opponent3__ball_distance_advantage,role_response,research
role_response__Pass Route__fraction__opponent3__ball_distance_advantage,role_response,research
role_response__Pass Route__level__opponent4__dx,role_response,research
role_response__Pass Route__time__opponent4__dx,role_response,research
role_response__Pass Route__fraction__opponent4__dx,role_response,research
role_response__Pass Route__level__opponent4__dy,role_response,research
role_response__Pass Route__time__opponent4__dy,role_response,research
role_response__Pass Route__fraction__opponent4__dy,role_response,research
role_response__Pass Route__level__opponent4__distance,role_response,research
role_response__Pass Route__time__opponent4__distance,role_response,research
role_response__Pass Route__fraction__opponent4__distance,role_response,research
role_response__Pass Route__level__opponent4__dvx,role_response,research
role_response__Pass Route__time__opponent4__dvx,role_response,research
role_response__Pass Route__fraction__opponent4__dvx,role_response,research
role_response__Pass Route__level__opponent4__dvy,role_response,research
role_response__Pass Route__time__opponent4__dvy,role_response,research
role_response__Pass Route__fraction__opponent4__dvy,role_response,research
role_response__Pass Route__level__opponent4__closing_speed,role_response,research
role_response__Pass Route__time__opponent4__closing_speed,role_response,research
role_response__Pass Route__fraction__opponent4__closing_speed,role_response,research
role_response__Pass Route__level__opponent4__closest_time,role_response,research
role_response__Pass Route__time__opponent4__closest_time,role_response,research
role_response__Pass Route__fraction__opponent4__closest_time,role_response,research
role_response__Pass Route__level__opponent4__closest_distance,role_response,research
role_response__Pass Route__time__opponent4__closest_distance,role_response,research
role_response__Pass Route__fraction__opponent4__closest_distance,role_response,research
role_response__Pass Route__level__opponent4__ball_distance_advantage,role_response,research
role_response__Pass Route__time__opponent4__ball_distance_advantage,role_response,research
role_response__Pass Route__fraction__opponent4__ball_distance_advantage,role_response,research
role_response__Pass Route__level__opponent5__dx,role_response,research
role_response__Pass Route__time__opponent5__dx,role_response,research
role_response__Pass Route__fraction__opponent5__dx,role_response,research
role_response__Pass Route__level__opponent5__dy,role_response,research
role_response__Pass Route__time__opponent5__dy,role_response,research
role_response__Pass Route__fraction__opponent5__dy,role_response,research
role_response__Pass Route__level__opponent5__distance,role_response,research
role_response__Pass Route__time__opponent5__distance,role_response,research
role_response__Pass Route__fraction__opponent5__distance,role_response,research
role_response__Pass Route__level__opponent5__dvx,role_response,research
role_response__Pass Route__time__opponent5__dvx,role_response,research
role_response__Pass Route__fraction__opponent5__dvx,role_response,research
role_response__Pass Route__level__opponent5__dvy,role_response,research
role_response__Pass Route__time__opponent5__dvy,role_response,research
role_response__Pass Route__fraction__opponent5__dvy,role_response,research
role_response__Pass Route__level__opponent5__closing_speed,role_response,research
role_response__Pass Route__time__opponent5__closing_speed,role_response,research
role_response__Pass Route__fraction__opponent5__closing_speed,role_response,research
role_response__Pass Route__level__opponent5__closest_time,role_response,research
role_response__Pass Route__time__opponent5__closest_time,role_response,research
role_response__Pass Route__fraction__opponent5__closest_time,role_response,research
role_response__Pass Route__level__opponent5__closest_distance,role_response,research
role_response__Pass Route__time__opponent5__closest_distance,role_response,research
role_response__Pass Route__fraction__opponent5__closest_distance,role_response,research
role_response__Pass Route__level__opponent5__ball_distance_advantage,role_response,research
role_response__Pass Route__time__opponent5__ball_distance_advantage,role_response,research
role_response__Pass Route__fraction__opponent5__ball_distance_advantage,role_response,research
role_response__Pass Route__level__opponent6__dx,role_response,research
role_response__Pass Route__time__opponent6__dx,role_response,research
role_response__Pass Route__fraction__opponent6__dx,role_response,research
role_response__Pass Route__level__opponent6__dy,role_response,research
role_response__Pass Route__time__opponent6__dy,role_response,research
role_response__Pass Route__fraction__opponent6__dy,role_response,research
role_response__Pass Route__level__opponent6__distance,role_response,research
role_response__Pass Route__time__opponent6__distance,role_response,research
role_response__Pass Route__fraction__opponent6__distance,role_response,research
role_response__Pass Route__level__opponent6__dvx,role_response,research
role_response__Pass Route__time__opponent6__dvx,role_response,research
role_response__Pass Route__fraction__opponent6__dvx,role_response,research
role_response__Pass Route__level__opponent6__dvy,role_response,research
role_response__Pass Route__time__opponent6__dvy,role_response,research
role_response__Pass Route__fraction__opponent6__dvy,role_response,research
role_response__Pass Route__level__opponent6__closing_speed,role_response,research
role_response__Pass Route__time__opponent6__closing_speed,role_response,research
role_response__Pass Route__fraction__opponent6__closing_speed,role_response,research
role_response__Pass Route__level__opponent6__closest_time,role_response,research
role_response__Pass Route__time__opponent6__closest_time,role_response,research
role_response__Pass Route__fraction__opponent6__closest_time,role_response,research
role_response__Pass Route__level__opponent6__closest_distance,role_response,research
role_response__Pass Route__time__opponent6__closest_distance,role_response,research
role_response__Pass Route__fraction__opponent6__closest_distance,role_response,research
role_response__Pass Route__level__opponent6__ball_distance_advantage,role_response,research
role_response__Pass Route__time__opponent6__ball_distance_advantage,role_response,research
role_response__Pass Route__fraction__opponent6__ball_distance_advantage,role_response,research
role_response__Pass Route__level__receiver1__dx,role_response,research
role_response__Pass Route__time__receiver1__dx,role_response,research
role_response__Pass Route__fraction__receiver1__dx,role_response,research
role_response__Pass Route__level__receiver1__dy,role_response,research
role_response__Pass Route__time__receiver1__dy,role_response,research
role_response__Pass Route__fraction__receiver1__dy,role_response,research
role_response__Pass Route__level__receiver1__distance,role_response,research
role_response__Pass Route__time__receiver1__distance,role_response,research
role_response__Pass Route__fraction__receiver1__distance,role_response,research
role_response__Pass Route__level__receiver1__dvx,role_response,research
role_response__Pass Route__time__receiver1__dvx,role_response,research
role_response__Pass Route__fraction__receiver1__dvx,role_response,research
role_response__Pass Route__level__receiver1__dvy,role_response,research
role_response__Pass Route__time__receiver1__dvy,role_response,research
role_response__Pass Route__fraction__receiver1__dvy,role_response,research
role_response__Pass Route__level__receiver1__closing_speed,role_response,research
role_response__Pass Route__time__receiver1__closing_speed,role_response,research
role_response__Pass Route__fraction__receiver1__closing_speed,role_response,research
role_response__Pass Route__level__receiver1__closest_time,role_response,research
role_response__Pass Route__time__receiver1__closest_time,role_response,research
role_response__Pass Route__fraction__receiver1__closest_time,role_response,research
role_response__Pass Route__level__receiver1__closest_distance,role_response,research
role_response__Pass Route__time__receiver1__closest_distance,role_response,research
role_response__Pass Route__fraction__receiver1__closest_distance,role_response,research
role_response__Pass Route__level__receiver1__ball_distance_advantage,role_response,research
role_response__Pass Route__time__receiver1__ball_distance_advantage,role_response,research
role_response__Pass Route__fraction__receiver1__ball_distance_advantage,role_response,research
role_response__Pass Route__level__passer1__dx,role_response,research
role_response__Pass Route__time__passer1__dx,role_response,research
role_response__Pass Route__fraction__passer1__dx,role_response,research
role_response__Pass Route__level__passer1__dy,role_response,research
role_response__Pass Route__time__passer1__dy,role_response,research
role_response__Pass Route__fraction__passer1__dy,role_response,research
role_response__Pass Route__level__passer1__distance,role_response,research
role_response__Pass Route__time__passer1__distance,role_response,research
role_response__Pass Route__fraction__passer1__distance,role_response,research
role_response__Pass Route__level__passer1__dvx,role_response,research
role_response__Pass Route__time__passer1__dvx,role_response,research
role_response__Pass Route__fraction__passer1__dvx,role_response,research
role_response__Pass Route__level__passer1__dvy,role_response,research
role_response__Pass Route__time__passer1__dvy,role_response,research
role_response__Pass Route__fraction__passer1__dvy,role_response,research
role_response__Pass Route__level__passer1__closing_speed,role_response,research
role_response__Pass Route__time__passer1__closing_speed,role_response,research
role_response__Pass Route__fraction__passer1__closing_speed,role_response,research
role_response__Pass Route__level__passer1__closest_time,role_response,research
role_response__Pass Route__time__passer1__closest_time,role_response,research
role_response__Pass Route__fraction__passer1__closest_time,role_response,research
role_response__Pass Route__level__passer1__closest_distance,role_response,research
role_response__Pass Route__time__passer1__closest_distance,role_response,research
role_response__Pass Route__fraction__passer1__closest_distance,role_response,research
role_response__Pass Route__level__passer1__ball_distance_advantage,role_response,research
role_response__Pass Route__time__passer1__ball_distance_advantage,role_response,research
role_response__Pass Route__fraction__passer1__ball_distance_advantage,role_response,research
role_response__Passer__level__lag00__relative_x,role_response,research
role_response__Passer__time__lag00__relative_x,role_response,research
role_response__Passer__fraction__lag00__relative_x,role_response,research
role_response__Passer__level__lag00__relative_y,role_response,research
role_response__Passer__time__lag00__relative_y,role_response,research
role_response__Passer__fraction__lag00__relative_y,role_response,research
role_response__Passer__level__lag00__vx,role_response,research
role_response__Passer__time__lag00__vx,role_response,research
role_response__Passer__fraction__lag00__vx,role_response,research
role_response__Passer__level__lag00__vy,role_response,research
role_response__Passer__time__lag00__vy,role_response,research
role_response__Passer__fraction__lag00__vy,role_response,research
role_response__Passer__level__lag00__ax,role_response,research
role_response__Passer__time__lag00__ax,role_response,research
role_response__Passer__fraction__lag00__ax,role_response,research
role_response__Passer__level__lag00__ay,role_response,research
role_response__Passer__time__lag00__ay,role_response,research
role_response__Passer__fraction__lag00__ay,role_response,research
role_response__Passer__level__lag00__speed,role_response,research
role_response__Passer__time__lag00__speed,role_response,research
role_response__Passer__fraction__lag00__speed,role_response,research
role_response__Passer__level__lag00__acceleration,role_response,research
role_response__Passer__time__lag00__acceleration,role_response,research
role_response__Passer__fraction__lag00__acceleration,role_response,research
role_response__Passer__level__lag00__s,role_response,research
role_response__Passer__time__lag00__s,role_response,research
role_response__Passer__fraction__lag00__s,role_response,research
role_response__Passer__level__lag00__a,role_response,research
role_response__Passer__time__lag00__a,role_response,research
role_response__Passer__fraction__lag00__a,role_response,research
role_response__Passer__level__lag00__dir_sin,role_response,research
role_response__Passer__time__lag00__dir_sin,role_response,research
role_response__Passer__fraction__lag00__dir_sin,role_response,research
role_response__Passer__level__lag00__dir_cos,role_response,research
role_response__Passer__time__lag00__dir_cos,role_response,research
role_response__Passer__fraction__lag00__dir_cos,role_response,research
role_response__Passer__level__lag00__o_sin,role_response,research
role_response__Passer__time__lag00__o_sin,role_response,research
role_response__Passer__fraction__lag00__o_sin,role_response,research
role_response__Passer__level__lag00__o_cos,role_response,research
role_response__Passer__time__lag00__o_cos,role_response,research
role_response__Passer__fraction__lag00__o_cos,role_response,research
role_response__Passer__level__lag00__orientation_alignment,role_response,research
role_response__Passer__time__lag00__orientation_alignment,role_response,research
role_response__Passer__fraction__lag00__orientation_alignment,role_response,research
role_response__Passer__level__lag00__ball_dx,role_response,research
role_response__Passer__time__lag00__ball_dx,role_response,research
role_response__Passer__fraction__lag00__ball_dx,role_response,research
role_response__Passer__level__lag00__ball_dy,role_response,research
role_response__Passer__time__lag00__ball_dy,role_response,research
role_response__Passer__fraction__lag00__ball_dy,role_response,research
role_response__Passer__level__lag00__ball_distance,role_response,research
role_response__Passer__time__lag00__ball_distance,role_response,research
role_response__Passer__fraction__lag00__ball_distance,role_response,research
role_response__Passer__level__lag00__ball_ux,role_response,research
role_response__Passer__time__lag00__ball_ux,role_response,research
role_response__Passer__fraction__lag00__ball_ux,role_response,research
role_response__Passer__level__lag00__ball_uy,role_response,research
role_response__Passer__time__lag00__ball_uy,role_response,research
role_response__Passer__fraction__lag00__ball_uy,role_response,research
role_response__Passer__level__lag00__closing_speed,role_response,research
role_response__Passer__time__lag00__closing_speed,role_response,research
role_response__Passer__fraction__lag00__closing_speed,role_response,research
role_response__Passer__level__lag00__lateral_speed,role_response,research
role_response__Passer__time__lag00__lateral_speed,role_response,research
role_response__Passer__fraction__lag00__lateral_speed,role_response,research
role_response__Passer__level__lag00__radial_acceleration,role_response,research
role_response__Passer__time__lag00__radial_acceleration,role_response,research
role_response__Passer__fraction__lag00__radial_acceleration,role_response,research
role_response__Passer__level__lag00__lateral_acceleration,role_response,research
role_response__Passer__time__lag00__lateral_acceleration,role_response,research
role_response__Passer__fraction__lag00__lateral_acceleration,role_response,research
role_response__Passer__level__lag00__turn_rate,role_response,research
role_response__Passer__time__lag00__turn_rate,role_response,research
role_response__Passer__fraction__lag00__turn_rate,role_response,research
role_response__Passer__level__lag00__jerk,role_response,research
role_response__Passer__time__lag00__jerk,role_response,research
role_response__Passer__fraction__lag00__jerk,role_response,research
role_response__Passer__level__lag00__velocity_alignment,role_response,research
role_response__Passer__time__lag00__velocity_alignment,role_response,research
role_response__Passer__fraction__lag00__velocity_alignment,role_response,research
role_response__Passer__level__lag00__sideline_distance,role_response,research
role_response__Passer__time__lag00__sideline_distance,role_response,research
role_response__Passer__fraction__lag00__sideline_distance,role_response,research
role_response__Passer__level__teammate1__dx,role_response,research
role_response__Passer__time__teammate1__dx,role_response,research
role_response__Passer__fraction__teammate1__dx,role_response,research
role_response__Passer__level__teammate1__dy,role_response,research
role_response__Passer__time__teammate1__dy,role_response,research
role_response__Passer__fraction__teammate1__dy,role_response,research
role_response__Passer__level__teammate1__distance,role_response,research
role_response__Passer__time__teammate1__distance,role_response,research
role_response__Passer__fraction__teammate1__distance,role_response,research
role_response__Passer__level__teammate1__dvx,role_response,research
role_response__Passer__time__teammate1__dvx,role_response,research
role_response__Passer__fraction__teammate1__dvx,role_response,research
role_response__Passer__level__teammate1__dvy,role_response,research
role_response__Passer__time__teammate1__dvy,role_response,research
role_response__Passer__fraction__teammate1__dvy,role_response,research
role_response__Passer__level__teammate1__closing_speed,role_response,research
role_response__Passer__time__teammate1__closing_speed,role_response,research
role_response__Passer__fraction__teammate1__closing_speed,role_response,research
role_response__Passer__level__teammate1__closest_time,role_response,research
role_response__Passer__time__teammate1__closest_time,role_response,research
role_response__Passer__fraction__teammate1__closest_time,role_response,research
role_response__Passer__level__teammate1__closest_distance,role_response,research
role_response__Passer__time__teammate1__closest_distance,role_response,research
role_response__Passer__fraction__teammate1__closest_distance,role_response,research
role_response__Passer__level__teammate1__ball_distance_advantage,role_response,research
role_response__Passer__time__teammate1__ball_distance_advantage,role_response,research
role_response__Passer__fraction__teammate1__ball_distance_advantage,role_response,research
role_response__Passer__level__teammate2__dx,role_response,research
role_response__Passer__time__teammate2__dx,role_response,research
role_response__Passer__fraction__teammate2__dx,role_response,research
role_response__Passer__level__teammate2__dy,role_response,research
role_response__Passer__time__teammate2__dy,role_response,research
role_response__Passer__fraction__teammate2__dy,role_response,research
role_response__Passer__level__teammate2__distance,role_response,research
role_response__Passer__time__teammate2__distance,role_response,research
role_response__Passer__fraction__teammate2__distance,role_response,research
role_response__Passer__level__teammate2__dvx,role_response,research
role_response__Passer__time__teammate2__dvx,role_response,research
role_response__Passer__fraction__teammate2__dvx,role_response,research
role_response__Passer__level__teammate2__dvy,role_response,research
role_response__Passer__time__teammate2__dvy,role_response,research
role_response__Passer__fraction__teammate2__dvy,role_response,research
role_response__Passer__level__teammate2__closing_speed,role_response,research
role_response__Passer__time__teammate2__closing_speed,role_response,research
role_response__Passer__fraction__teammate2__closing_speed,role_response,research
role_response__Passer__level__teammate2__closest_time,role_response,research
role_response__Passer__time__teammate2__closest_time,role_response,research
role_response__Passer__fraction__teammate2__closest_time,role_response,research
role_response__Passer__level__teammate2__closest_distance,role_response,research
role_response__Passer__time__teammate2__closest_distance,role_response,research
role_response__Passer__fraction__teammate2__closest_distance,role_response,research
role_response__Passer__level__teammate2__ball_distance_advantage,role_response,research
role_response__Passer__time__teammate2__ball_distance_advantage,role_response,research
role_response__Passer__fraction__teammate2__ball_distance_advantage,role_response,research
role_response__Passer__level__teammate3__dx,role_response,research
role_response__Passer__time__teammate3__dx,role_response,research
role_response__Passer__fraction__teammate3__dx,role_response,research
role_response__Passer__level__teammate3__dy,role_response,research
role_response__Passer__time__teammate3__dy,role_response,research
role_response__Passer__fraction__teammate3__dy,role_response,research
role_response__Passer__level__teammate3__distance,role_response,research
role_response__Passer__time__teammate3__distance,role_response,research
role_response__Passer__fraction__teammate3__distance,role_response,research
role_response__Passer__level__teammate3__dvx,role_response,research
role_response__Passer__time__teammate3__dvx,role_response,research
role_response__Passer__fraction__teammate3__dvx,role_response,research
role_response__Passer__level__teammate3__dvy,role_response,research
role_response__Passer__time__teammate3__dvy,role_response,research
role_response__Passer__fraction__teammate3__dvy,role_response,research
role_response__Passer__level__teammate3__closing_speed,role_response,research
role_response__Passer__time__teammate3__closing_speed,role_response,research
role_response__Passer__fraction__teammate3__closing_speed,role_response,research
role_response__Passer__level__teammate3__closest_time,role_response,research
role_response__Passer__time__teammate3__closest_time,role_response,research
role_response__Passer__fraction__teammate3__closest_time,role_response,research
role_response__Passer__level__teammate3__closest_distance,role_response,research
role_response__Passer__time__teammate3__closest_distance,role_response,research
role_response__Passer__fraction__teammate3__closest_distance,role_response,research
role_response__Passer__level__teammate3__ball_distance_advantage,role_response,research
role_response__Passer__time__teammate3__ball_distance_advantage,role_response,research
role_response__Passer__fraction__teammate3__ball_distance_advantage,role_response,research
role_response__Passer__level__teammate4__dx,role_response,research
role_response__Passer__time__teammate4__dx,role_response,research
role_response__Passer__fraction__teammate4__dx,role_response,research
role_response__Passer__level__teammate4__dy,role_response,research
role_response__Passer__time__teammate4__dy,role_response,research
role_response__Passer__fraction__teammate4__dy,role_response,research
role_response__Passer__level__teammate4__distance,role_response,research
role_response__Passer__time__teammate4__distance,role_response,research
role_response__Passer__fraction__teammate4__distance,role_response,research
role_response__Passer__level__teammate4__dvx,role_response,research
role_response__Passer__time__teammate4__dvx,role_response,research
role_response__Passer__fraction__teammate4__dvx,role_response,research
role_response__Passer__level__teammate4__dvy,role_response,research
role_response__Passer__time__teammate4__dvy,role_response,research
role_response__Passer__fraction__teammate4__dvy,role_response,research
role_response__Passer__level__teammate4__closing_speed,role_response,research
role_response__Passer__time__teammate4__closing_speed,role_response,research
role_response__Passer__fraction__teammate4__closing_speed,role_response,research
role_response__Passer__level__teammate4__closest_time,role_response,research
role_response__Passer__time__teammate4__closest_time,role_response,research
role_response__Passer__fraction__teammate4__closest_time,role_response,research
role_response__Passer__level__teammate4__closest_distance,role_response,research
role_response__Passer__time__teammate4__closest_distance,role_response,research
role_response__Passer__fraction__teammate4__closest_distance,role_response,research
role_response__Passer__level__teammate4__ball_distance_advantage,role_response,research
role_response__Passer__time__teammate4__ball_distance_advantage,role_response,research
role_response__Passer__fraction__teammate4__ball_distance_advantage,role_response,research
role_response__Passer__level__teammate5__dx,role_response,research
role_response__Passer__time__teammate5__dx,role_response,research
role_response__Passer__fraction__teammate5__dx,role_response,research
role_response__Passer__level__teammate5__dy,role_response,research
role_response__Passer__time__teammate5__dy,role_response,research
role_response__Passer__fraction__teammate5__dy,role_response,research
role_response__Passer__level__teammate5__distance,role_response,research
role_response__Passer__time__teammate5__distance,role_response,research
role_response__Passer__fraction__teammate5__distance,role_response,research
role_response__Passer__level__teammate5__dvx,role_response,research
role_response__Passer__time__teammate5__dvx,role_response,research
role_response__Passer__fraction__teammate5__dvx,role_response,research
role_response__Passer__level__teammate5__dvy,role_response,research
role_response__Passer__time__teammate5__dvy,role_response,research
role_response__Passer__fraction__teammate5__dvy,role_response,research
role_response__Passer__level__teammate5__closing_speed,role_response,research
role_response__Passer__time__teammate5__closing_speed,role_response,research
role_response__Passer__fraction__teammate5__closing_speed,role_response,research
role_response__Passer__level__teammate5__closest_time,role_response,research
role_response__Passer__time__teammate5__closest_time,role_response,research
role_response__Passer__fraction__teammate5__closest_time,role_response,research
role_response__Passer__level__teammate5__closest_distance,role_response,research
role_response__Passer__time__teammate5__closest_distance,role_response,research
role_response__Passer__fraction__teammate5__closest_distance,role_response,research
role_response__Passer__level__teammate5__ball_distance_advantage,role_response,research
role_response__Passer__time__teammate5__ball_distance_advantage,role_response,research
role_response__Passer__fraction__teammate5__ball_distance_advantage,role_response,research
role_response__Passer__level__teammate6__dx,role_response,research
role_response__Passer__time__teammate6__dx,role_response,research
role_response__Passer__fraction__teammate6__dx,role_response,research
role_response__Passer__level__teammate6__dy,role_response,research
role_response__Passer__time__teammate6__dy,role_response,research
role_response__Passer__fraction__teammate6__dy,role_response,research
role_response__Passer__level__teammate6__distance,role_response,research
role_response__Passer__time__teammate6__distance,role_response,research
role_response__Passer__fraction__teammate6__distance,role_response,research
role_response__Passer__level__teammate6__dvx,role_response,research
role_response__Passer__time__teammate6__dvx,role_response,research
role_response__Passer__fraction__teammate6__dvx,role_response,research
role_response__Passer__level__teammate6__dvy,role_response,research
role_response__Passer__time__teammate6__dvy,role_response,research
role_response__Passer__fraction__teammate6__dvy,role_response,research
role_response__Passer__level__teammate6__closing_speed,role_response,research
role_response__Passer__time__teammate6__closing_speed,role_response,research
role_response__Passer__fraction__teammate6__closing_speed,role_response,research
role_response__Passer__level__teammate6__closest_time,role_response,research
role_response__Passer__time__teammate6__closest_time,role_response,research
role_response__Passer__fraction__teammate6__closest_time,role_response,research
role_response__Passer__level__teammate6__closest_distance,role_response,research
role_response__Passer__time__teammate6__closest_distance,role_response,research
role_response__Passer__fraction__teammate6__closest_distance,role_response,research
role_response__Passer__level__teammate6__ball_distance_advantage,role_response,research
role_response__Passer__time__teammate6__ball_distance_advantage,role_response,research
role_response__Passer__fraction__teammate6__ball_distance_advantage,role_response,research
role_response__Passer__level__opponent1__dx,role_response,research
role_response__Passer__time__opponent1__dx,role_response,research
role_response__Passer__fraction__opponent1__dx,role_response,research
role_response__Passer__level__opponent1__dy,role_response,research
role_response__Passer__time__opponent1__dy,role_response,research
role_response__Passer__fraction__opponent1__dy,role_response,research
role_response__Passer__level__opponent1__distance,role_response,research
role_response__Passer__time__opponent1__distance,role_response,research
role_response__Passer__fraction__opponent1__distance,role_response,research
role_response__Passer__level__opponent1__dvx,role_response,research
role_response__Passer__time__opponent1__dvx,role_response,research
role_response__Passer__fraction__opponent1__dvx,role_response,research
role_response__Passer__level__opponent1__dvy,role_response,research
role_response__Passer__time__opponent1__dvy,role_response,research
role_response__Passer__fraction__opponent1__dvy,role_response,research
role_response__Passer__level__opponent1__closing_speed,role_response,research
role_response__Passer__time__opponent1__closing_speed,role_response,research
role_response__Passer__fraction__opponent1__closing_speed,role_response,research
role_response__Passer__level__opponent1__closest_time,role_response,research
role_response__Passer__time__opponent1__closest_time,role_response,research
role_response__Passer__fraction__opponent1__closest_time,role_response,research
role_response__Passer__level__opponent1__closest_distance,role_response,research
role_response__Passer__time__opponent1__closest_distance,role_response,research
role_response__Passer__fraction__opponent1__closest_distance,role_response,research
role_response__Passer__level__opponent1__ball_distance_advantage,role_response,research
role_response__Passer__time__opponent1__ball_distance_advantage,role_response,research
role_response__Passer__fraction__opponent1__ball_distance_advantage,role_response,research
role_response__Passer__level__opponent2__dx,role_response,research
role_response__Passer__time__opponent2__dx,role_response,research
role_response__Passer__fraction__opponent2__dx,role_response,research
role_response__Passer__level__opponent2__dy,role_response,research
role_response__Passer__time__opponent2__dy,role_response,research
role_response__Passer__fraction__opponent2__dy,role_response,research
role_response__Passer__level__opponent2__distance,role_response,research
role_response__Passer__time__opponent2__distance,role_response,research
role_response__Passer__fraction__opponent2__distance,role_response,research
role_response__Passer__level__opponent2__dvx,role_response,research
role_response__Passer__time__opponent2__dvx,role_response,research
role_response__Passer__fraction__opponent2__dvx,role_response,research
role_response__Passer__level__opponent2__dvy,role_response,research
role_response__Passer__time__opponent2__dvy,role_response,research
role_response__Passer__fraction__opponent2__dvy,role_response,research
role_response__Passer__level__opponent2__closing_speed,role_response,research
role_response__Passer__time__opponent2__closing_speed,role_response,research
role_response__Passer__fraction__opponent2__closing_speed,role_response,research
role_response__Passer__level__opponent2__closest_time,role_response,research
role_response__Passer__time__opponent2__closest_time,role_response,research
role_response__Passer__fraction__opponent2__closest_time,role_response,research
role_response__Passer__level__opponent2__closest_distance,role_response,research
role_response__Passer__time__opponent2__closest_distance,role_response,research
role_response__Passer__fraction__opponent2__closest_distance,role_response,research
role_response__Passer__level__opponent2__ball_distance_advantage,role_response,research
role_response__Passer__time__opponent2__ball_distance_advantage,role_response,research
role_response__Passer__fraction__opponent2__ball_distance_advantage,role_response,research
role_response__Passer__level__opponent3__dx,role_response,research
role_response__Passer__time__opponent3__dx,role_response,research
role_response__Passer__fraction__opponent3__dx,role_response,research
role_response__Passer__level__opponent3__dy,role_response,research
role_response__Passer__time__opponent3__dy,role_response,research
role_response__Passer__fraction__opponent3__dy,role_response,research
role_response__Passer__level__opponent3__distance,role_response,research
role_response__Passer__time__opponent3__distance,role_response,research
role_response__Passer__fraction__opponent3__distance,role_response,research
role_response__Passer__level__opponent3__dvx,role_response,research
role_response__Passer__time__opponent3__dvx,role_response,research
role_response__Passer__fraction__opponent3__dvx,role_response,research
role_response__Passer__level__opponent3__dvy,role_response,research
role_response__Passer__time__opponent3__dvy,role_response,research
role_response__Passer__fraction__opponent3__dvy,role_response,research
role_response__Passer__level__opponent3__closing_speed,role_response,research
role_response__Passer__time__opponent3__closing_speed,role_response,research
role_response__Passer__fraction__opponent3__closing_speed,role_response,research
role_response__Passer__level__opponent3__closest_time,role_response,research
role_response__Passer__time__opponent3__closest_time,role_response,research
role_response__Passer__fraction__opponent3__closest_time,role_response,research
role_response__Passer__level__opponent3__closest_distance,role_response,research
role_response__Passer__time__opponent3__closest_distance,role_response,research
role_response__Passer__fraction__opponent3__closest_distance,role_response,research
role_response__Passer__level__opponent3__ball_distance_advantage,role_response,research
role_response__Passer__time__opponent3__ball_distance_advantage,role_response,research
role_response__Passer__fraction__opponent3__ball_distance_advantage,role_response,research
role_response__Passer__level__opponent4__dx,role_response,research
role_response__Passer__time__opponent4__dx,role_response,research
role_response__Passer__fraction__opponent4__dx,role_response,research
role_response__Passer__level__opponent4__dy,role_response,research
role_response__Passer__time__opponent4__dy,role_response,research
role_response__Passer__fraction__opponent4__dy,role_response,research
role_response__Passer__level__opponent4__distance,role_response,research
role_response__Passer__time__opponent4__distance,role_response,research
role_response__Passer__fraction__opponent4__distance,role_response,research
role_response__Passer__level__opponent4__dvx,role_response,research
role_response__Passer__time__opponent4__dvx,role_response,research
role_response__Passer__fraction__opponent4__dvx,role_response,research
role_response__Passer__level__opponent4__dvy,role_response,research
role_response__Passer__time__opponent4__dvy,role_response,research
role_response__Passer__fraction__opponent4__dvy,role_response,research
role_response__Passer__level__opponent4__closing_speed,role_response,research
role_response__Passer__time__opponent4__closing_speed,role_response,research
role_response__Passer__fraction__opponent4__closing_speed,role_response,research
role_response__Passer__level__opponent4__closest_time,role_response,research
role_response__Passer__time__opponent4__closest_time,role_response,research
role_response__Passer__fraction__opponent4__closest_time,role_response,research
role_response__Passer__level__opponent4__closest_distance,role_response,research
role_response__Passer__time__opponent4__closest_distance,role_response,research
role_response__Passer__fraction__opponent4__closest_distance,role_response,research
role_response__Passer__level__opponent4__ball_distance_advantage,role_response,research
role_response__Passer__time__opponent4__ball_distance_advantage,role_response,research
role_response__Passer__fraction__opponent4__ball_distance_advantage,role_response,research
role_response__Passer__level__opponent5__dx,role_response,research
role_response__Passer__time__opponent5__dx,role_response,research
role_response__Passer__fraction__opponent5__dx,role_response,research
role_response__Passer__level__opponent5__dy,role_response,research
role_response__Passer__time__opponent5__dy,role_response,research
role_response__Passer__fraction__opponent5__dy,role_response,research
role_response__Passer__level__opponent5__distance,role_response,research
role_response__Passer__time__opponent5__distance,role_response,research
role_response__Passer__fraction__opponent5__distance,role_response,research
role_response__Passer__level__opponent5__dvx,role_response,research
role_response__Passer__time__opponent5__dvx,role_response,research
role_response__Passer__fraction__opponent5__dvx,role_response,research
role_response__Passer__level__opponent5__dvy,role_response,research
role_response__Passer__time__opponent5__dvy,role_response,research
role_response__Passer__fraction__opponent5__dvy,role_response,research
role_response__Passer__level__opponent5__closing_speed,role_response,research
role_response__Passer__time__opponent5__closing_speed,role_response,research
role_response__Passer__fraction__opponent5__closing_speed,role_response,research
role_response__Passer__level__opponent5__closest_time,role_response,research
role_response__Passer__time__opponent5__closest_time,role_response,research
role_response__Passer__fraction__opponent5__closest_time,role_response,research
role_response__Passer__level__opponent5__closest_distance,role_response,research
role_response__Passer__time__opponent5__closest_distance,role_response,research
role_response__Passer__fraction__opponent5__closest_distance,role_response,research
role_response__Passer__level__opponent5__ball_distance_advantage,role_response,research
role_response__Passer__time__opponent5__ball_distance_advantage,role_response,research
role_response__Passer__fraction__opponent5__ball_distance_advantage,role_response,research
role_response__Passer__level__opponent6__dx,role_response,research
role_response__Passer__time__opponent6__dx,role_response,research
role_response__Passer__fraction__opponent6__dx,role_response,research
role_response__Passer__level__opponent6__dy,role_response,research
role_response__Passer__time__opponent6__dy,role_response,research
role_response__Passer__fraction__opponent6__dy,role_response,research
role_response__Passer__level__opponent6__distance,role_response,research
role_response__Passer__time__opponent6__distance,role_response,research
role_response__Passer__fraction__opponent6__distance,role_response,research
role_response__Passer__level__opponent6__dvx,role_response,research
role_response__Passer__time__opponent6__dvx,role_response,research
role_response__Passer__fraction__opponent6__dvx,role_response,research
role_response__Passer__level__opponent6__dvy,role_response,research
role_response__Passer__time__opponent6__dvy,role_response,research
role_response__Passer__fraction__opponent6__dvy,role_response,research
role_response__Passer__level__opponent6__closing_speed,role_response,research
role_response__Passer__time__opponent6__closing_speed,role_response,research
role_response__Passer__fraction__opponent6__closing_speed,role_response,research
role_response__Passer__level__opponent6__closest_time,role_response,research
role_response__Passer__time__opponent6__closest_time,role_response,research
role_response__Passer__fraction__opponent6__closest_time,role_response,research
role_response__Passer__level__opponent6__closest_distance,role_response,research
role_response__Passer__time__opponent6__closest_distance,role_response,research
role_response__Passer__fraction__opponent6__closest_distance,role_response,research
role_response__Passer__level__opponent6__ball_distance_advantage,role_response,research
role_response__Passer__time__opponent6__ball_distance_advantage,role_response,research
role_response__Passer__fraction__opponent6__ball_distance_advantage,role_response,research
role_response__Passer__level__receiver1__dx,role_response,research
role_response__Passer__time__receiver1__dx,role_response,research
role_response__Passer__fraction__receiver1__dx,role_response,research
role_response__Passer__level__receiver1__dy,role_response,research
role_response__Passer__time__receiver1__dy,role_response,research
role_response__Passer__fraction__receiver1__dy,role_response,research
role_response__Passer__level__receiver1__distance,role_response,research
role_response__Passer__time__receiver1__distance,role_response,research
role_response__Passer__fraction__receiver1__distance,role_response,research
role_response__Passer__level__receiver1__dvx,role_response,research
role_response__Passer__time__receiver1__dvx,role_response,research
role_response__Passer__fraction__receiver1__dvx,role_response,research
role_response__Passer__level__receiver1__dvy,role_response,research
role_response__Passer__time__receiver1__dvy,role_response,research
role_response__Passer__fraction__receiver1__dvy,role_response,research
role_response__Passer__level__receiver1__closing_speed,role_response,research
role_response__Passer__time__receiver1__closing_speed,role_response,research
role_response__Passer__fraction__receiver1__closing_speed,role_response,research
role_response__Passer__level__receiver1__closest_time,role_response,research
role_response__Passer__time__receiver1__closest_time,role_response,research
role_response__Passer__fraction__receiver1__closest_time,role_response,research
role_response__Passer__level__receiver1__closest_distance,role_response,research
role_response__Passer__time__receiver1__closest_distance,role_response,research
role_response__Passer__fraction__receiver1__closest_distance,role_response,research
role_response__Passer__level__receiver1__ball_distance_advantage,role_response,research
role_response__Passer__time__receiver1__ball_distance_advantage,role_response,research
role_response__Passer__fraction__receiver1__ball_distance_advantage,role_response,research
role_response__Passer__level__passer1__dx,role_response,research
role_response__Passer__time__passer1__dx,role_response,research
role_response__Passer__fraction__passer1__dx,role_response,research
role_response__Passer__level__passer1__dy,role_response,research
role_response__Passer__time__passer1__dy,role_response,research
role_response__Passer__fraction__passer1__dy,role_response,research
role_response__Passer__level__passer1__distance,role_response,research
role_response__Passer__time__passer1__distance,role_response,research
role_response__Passer__fraction__passer1__distance,role_response,research
role_response__Passer__level__passer1__dvx,role_response,research
role_response__Passer__time__passer1__dvx,role_response,research
role_response__Passer__fraction__passer1__dvx,role_response,research
role_response__Passer__level__passer1__dvy,role_response,research
role_response__Passer__time__passer1__dvy,role_response,research
role_response__Passer__fraction__passer1__dvy,role_response,research
role_response__Passer__level__passer1__closing_speed,role_response,research
role_response__Passer__time__passer1__closing_speed,role_response,research
role_response__Passer__fraction__passer1__closing_speed,role_response,research
role_response__Passer__level__passer1__closest_time,role_response,research
role_response__Passer__time__passer1__closest_time,role_response,research
role_response__Passer__fraction__passer1__closest_time,role_response,research
role_response__Passer__level__passer1__closest_distance,role_response,research
role_response__Passer__time__passer1__closest_distance,role_response,research
role_response__Passer__fraction__passer1__closest_distance,role_response,research
role_response__Passer__level__passer1__ball_distance_advantage,role_response,research
role_response__Passer__time__passer1__ball_distance_advantage,role_response,research
role_response__Passer__fraction__passer1__ball_distance_advantage,role_response,research
geometry__teammate1__projected_dx,projected_geometry,research
geometry__teammate1__projected_dy,projected_geometry,research
geometry__teammate1__projected_distance,projected_geometry,research
geometry__teammate1__projected_closing,projected_geometry,research
geometry__teammate1__landing_longitudinal,projected_geometry,research
geometry__teammate1__landing_lateral,projected_geometry,research
geometry__teammate1__arrival_distance,projected_geometry,research
geometry__teammate2__projected_dx,projected_geometry,research
geometry__teammate2__projected_dy,projected_geometry,research
geometry__teammate2__projected_distance,projected_geometry,research
geometry__teammate2__projected_closing,projected_geometry,research
geometry__teammate2__landing_longitudinal,projected_geometry,research
geometry__teammate2__landing_lateral,projected_geometry,research
geometry__teammate2__arrival_distance,projected_geometry,research
geometry__teammate3__projected_dx,projected_geometry,research
geometry__teammate3__projected_dy,projected_geometry,research
geometry__teammate3__projected_distance,projected_geometry,research
geometry__teammate3__projected_closing,projected_geometry,research
geometry__teammate3__landing_longitudinal,projected_geometry,research
geometry__teammate3__landing_lateral,projected_geometry,research
geometry__teammate3__arrival_distance,projected_geometry,research
geometry__teammate4__projected_dx,projected_geometry,research
geometry__teammate4__projected_dy,projected_geometry,research
geometry__teammate4__projected_distance,projected_geometry,research
geometry__teammate4__projected_closing,projected_geometry,research
geometry__teammate4__landing_longitudinal,projected_geometry,research
geometry__teammate4__landing_lateral,projected_geometry,research
geometry__teammate4__arrival_distance,projected_geometry,research
geometry__teammate5__projected_dx,projected_geometry,research
geometry__teammate5__projected_dy,projected_geometry,research
geometry__teammate5__projected_distance,projected_geometry,research
geometry__teammate5__projected_closing,projected_geometry,research
geometry__teammate5__landing_longitudinal,projected_geometry,research
geometry__teammate5__landing_lateral,projected_geometry,research
geometry__teammate5__arrival_distance,projected_geometry,research
geometry__teammate6__projected_dx,projected_geometry,research
geometry__teammate6__projected_dy,projected_geometry,research
geometry__teammate6__projected_distance,projected_geometry,research
geometry__teammate6__projected_closing,projected_geometry,research
geometry__teammate6__landing_longitudinal,projected_geometry,research
geometry__teammate6__landing_lateral,projected_geometry,research
geometry__teammate6__arrival_distance,projected_geometry,research
geometry__opponent1__projected_dx,projected_geometry,research
geometry__opponent1__projected_dy,projected_geometry,research
geometry__opponent1__projected_distance,projected_geometry,research
geometry__opponent1__projected_closing,projected_geometry,research
geometry__opponent1__landing_longitudinal,projected_geometry,research
geometry__opponent1__landing_lateral,projected_geometry,research
geometry__opponent1__arrival_distance,projected_geometry,research
geometry__opponent2__projected_dx,projected_geometry,research
geometry__opponent2__projected_dy,projected_geometry,research
geometry__opponent2__projected_distance,projected_geometry,research
geometry__opponent2__projected_closing,projected_geometry,research
geometry__opponent2__landing_longitudinal,projected_geometry,research
geometry__opponent2__landing_lateral,projected_geometry,research
geometry__opponent2__arrival_distance,projected_geometry,research
geometry__opponent3__projected_dx,projected_geometry,research
geometry__opponent3__projected_dy,projected_geometry,research
geometry__opponent3__projected_distance,projected_geometry,research
geometry__opponent3__projected_closing,projected_geometry,research
geometry__opponent3__landing_longitudinal,projected_geometry,research
geometry__opponent3__landing_lateral,projected_geometry,research
geometry__opponent3__arrival_distance,projected_geometry,research
geometry__opponent4__projected_dx,projected_geometry,research
geometry__opponent4__projected_dy,projected_geometry,research
geometry__opponent4__projected_distance,projected_geometry,research
geometry__opponent4__projected_closing,projected_geometry,research
geometry__opponent4__landing_longitudinal,projected_geometry,research
geometry__opponent4__landing_lateral,projected_geometry,research
geometry__opponent4__arrival_distance,projected_geometry,research
geometry__opponent5__projected_dx,projected_geometry,research
geometry__opponent5__projected_dy,projected_geometry,research
geometry__opponent5__projected_distance,projected_geometry,research
geometry__opponent5__projected_closing,projected_geometry,research
geometry__opponent5__landing_longitudinal,projected_geometry,research
geometry__opponent5__landing_lateral,projected_geometry,research
geometry__opponent5__arrival_distance,projected_geometry,research
geometry__opponent6__projected_dx,projected_geometry,research
geometry__opponent6__projected_dy,projected_geometry,research
geometry__opponent6__projected_distance,projected_geometry,research
geometry__opponent6__projected_closing,projected_geometry,research
geometry__opponent6__landing_longitudinal,projected_geometry,research
geometry__opponent6__landing_lateral,projected_geometry,research
geometry__opponent6__arrival_distance,projected_geometry,research
geometry__receiver1__projected_dx,projected_geometry,research
geometry__receiver1__projected_dy,projected_geometry,research
geometry__receiver1__projected_distance,projected_geometry,research
geometry__receiver1__projected_closing,projected_geometry,research
geometry__receiver1__landing_longitudinal,projected_geometry,research
geometry__receiver1__landing_lateral,projected_geometry,research
geometry__receiver1__arrival_distance,projected_geometry,research
geometry__passer1__projected_dx,projected_geometry,research
geometry__passer1__projected_dy,projected_geometry,research
geometry__passer1__projected_distance,projected_geometry,research
geometry__passer1__projected_closing,projected_geometry,research
geometry__passer1__landing_longitudinal,projected_geometry,research
geometry__passer1__landing_lateral,projected_geometry,research
geometry__passer1__arrival_distance,projected_geometry,research
prior__player__log_count,player_history,research
prior__player__cold_start,player_history,research
prior__player__velocity_error_x,player_history,research
prior__player__velocity_error_y,player_history,research
prior__player__dispersion,player_history,research
prior__role__log_count,player_history,research
prior__role__cold_start,player_history,research
prior__role__velocity_error_x,player_history,research
prior__role__velocity_error_y,player_history,research
prior__role__dispersion,player_history,research
metadata__height_inches,metadata,context
metadata__weight_pounds,metadata,context
metadata__age_years,metadata,context
metadata__height_present,metadata,context
metadata__weight_present,metadata,context
metadata__age_present,metadata,context
metadata__weight_per_height_squared,metadata,context
metadata__position__QB,metadata,context
metadata__position__RB,metadata,context
metadata__position__FB,metadata,context
metadata__position__WR,metadata,context
metadata__position__TE,metadata,context
metadata__position__T,metadata,context
metadata__position__G,metadata,context
metadata__position__C,metadata,context
metadata__position__DE,metadata,context
metadata__position__DT,metadata,context
metadata__position__NT,metadata,context
metadata__position__OLB,metadata,context
metadata__position__ILB,metadata,context
metadata__position__MLB,metadata,context
metadata__position__LB,metadata,context
metadata__position__CB,metadata,context
metadata__position__FS,metadata,context
metadata__position__SS,metadata,context
metadata__position__S,metadata,context
metadata__position__Unknown,metadata,context
robust03__vx__median,robust_history,context
robust03__vx__iqr,robust_history,context
robust03__vx__tail_span,robust_history,context
robust03__vy__median,robust_history,context
robust03__vy__iqr,robust_history,context
robust03__vy__tail_span,robust_history,context
robust03__speed__median,robust_history,context
robust03__speed__iqr,robust_history,context
robust03__speed__tail_span,robust_history,context
robust03__acceleration__median,robust_history,context
robust03__acceleration__iqr,robust_history,context
robust03__acceleration__tail_span,robust_history,context
robust03__closing_speed__median,robust_history,context
robust03__closing_speed__iqr,robust_history,context
robust03__closing_speed__tail_span,robust_history,context
robust03__lateral_speed__median,robust_history,context
robust03__lateral_speed__iqr,robust_history,context
robust03__lateral_speed__tail_span,robust_history,context
robust03__radial_acceleration__median,robust_history,context
robust03__radial_acceleration__iqr,robust_history,context
robust03__radial_acceleration__tail_span,robust_history,context
robust03__lateral_acceleration__median,robust_history,context
robust03__lateral_acceleration__iqr,robust_history,context
robust03__lateral_acceleration__tail_span,robust_history,context
robust03__turn_rate__median,robust_history,context
robust03__turn_rate__iqr,robust_history,context
robust03__turn_rate__tail_span,robust_history,context
robust03__jerk__median,robust_history,context
robust03__jerk__iqr,robust_history,context
robust03__jerk__tail_span,robust_history,context
robust03__ball_distance__median,robust_history,context
robust03__ball_distance__iqr,robust_history,context
robust03__ball_distance__tail_span,robust_history,context
robust03__ball_ux__median,robust_history,context
robust03__ball_ux__iqr,robust_history,context
robust03__ball_ux__tail_span,robust_history,context
robust08__vx__median,robust_history,context
robust08__vx__iqr,robust_history,context
robust08__vx__tail_span,robust_history,context
robust08__vy__median,robust_history,context
robust08__vy__iqr,robust_history,context
robust08__vy__tail_span,robust_history,context
robust08__speed__median,robust_history,context
robust08__speed__iqr,robust_history,context
robust08__speed__tail_span,robust_history,context
robust08__acceleration__median,robust_history,context
robust08__acceleration__iqr,robust_history,context
robust08__acceleration__tail_span,robust_history,context
robust08__closing_speed__median,robust_history,context
robust08__closing_speed__iqr,robust_history,context
robust08__closing_speed__tail_span,robust_history,context
robust08__lateral_speed__median,robust_history,context
robust08__lateral_speed__iqr,robust_history,context
robust08__lateral_speed__tail_span,robust_history,context
robust08__radial_acceleration__median,robust_history,context
robust08__radial_acceleration__iqr,robust_history,context
robust08__radial_acceleration__tail_span,robust_history,context
robust08__lateral_acceleration__median,robust_history,context
robust08__lateral_acceleration__iqr,robust_history,context
robust08__lateral_acceleration__tail_span,robust_history,context
robust08__turn_rate__median,robust_history,context
robust08__turn_rate__iqr,robust_history,context
robust08__turn_rate__tail_span,robust_history,context
robust08__jerk__median,robust_history,context
robust08__jerk__iqr,robust_history,context
robust08__jerk__tail_span,robust_history,context
robust08__ball_distance__median,robust_history,context
robust08__ball_distance__iqr,robust_history,context
robust08__ball_distance__tail_span,robust_history,context
robust08__ball_ux__median,robust_history,context
robust08__ball_ux__iqr,robust_history,context
robust08__ball_ux__tail_span,robust_history,context
robust20__vx__median,robust_history,context
robust20__vx__iqr,robust_history,context
robust20__vx__tail_span,robust_history,context
robust20__vy__median,robust_history,context
robust20__vy__iqr,robust_history,context
robust20__vy__tail_span,robust_history,context
robust20__speed__median,robust_history,context
robust20__speed__iqr,robust_history,context
robust20__speed__tail_span,robust_history,context
robust20__acceleration__median,robust_history,context
robust20__acceleration__iqr,robust_history,context
robust20__acceleration__tail_span,robust_history,context
robust20__closing_speed__median,robust_history,context
robust20__closing_speed__iqr,robust_history,context
robust20__closing_speed__tail_span,robust_history,context
robust20__lateral_speed__median,robust_history,context
robust20__lateral_speed__iqr,robust_history,context
robust20__lateral_speed__tail_span,robust_history,context
robust20__radial_acceleration__median,robust_history,context
robust20__radial_acceleration__iqr,robust_history,context
robust20__radial_acceleration__tail_span,robust_history,context
robust20__lateral_acceleration__median,robust_history,context
robust20__lateral_acceleration__iqr,robust_history,context
robust20__lateral_acceleration__tail_span,robust_history,context
robust20__turn_rate__median,robust_history,context
robust20__turn_rate__iqr,robust_history,context
robust20__turn_rate__tail_span,robust_history,context
robust20__jerk__median,robust_history,context
robust20__jerk__iqr,robust_history,context
robust20__jerk__tail_span,robust_history,context
robust20__ball_distance__median,robust_history,context
robust20__ball_distance__iqr,robust_history,context
robust20__ball_distance__tail_span,robust_history,context
robust20__ball_ux__median,robust_history,context
robust20__ball_ux__iqr,robust_history,context
robust20__ball_ux__tail_span,robust_history,context
robust40__vx__median,robust_history,context
robust40__vx__iqr,robust_history,context
robust40__vx__tail_span,robust_history,context
robust40__vy__median,robust_history,context
robust40__vy__iqr,robust_history,context
robust40__vy__tail_span,robust_history,context
robust40__speed__median,robust_history,context
robust40__speed__iqr,robust_history,context
robust40__speed__tail_span,robust_history,context
robust40__acceleration__median,robust_history,context
robust40__acceleration__iqr,robust_history,context
robust40__acceleration__tail_span,robust_history,context
robust40__closing_speed__median,robust_history,context
robust40__closing_speed__iqr,robust_history,context
robust40__closing_speed__tail_span,robust_history,context
robust40__lateral_speed__median,robust_history,context
robust40__lateral_speed__iqr,robust_history,context
robust40__lateral_speed__tail_span,robust_history,context
robust40__radial_acceleration__median,robust_history,context
robust40__radial_acceleration__iqr,robust_history,context
robust40__radial_acceleration__tail_span,robust_history,context
robust40__lateral_acceleration__median,robust_history,context
robust40__lateral_acceleration__iqr,robust_history,context
robust40__lateral_acceleration__tail_span,robust_history,context
robust40__turn_rate__median,robust_history,context
robust40__turn_rate__iqr,robust_history,context
robust40__turn_rate__tail_span,robust_history,context
robust40__jerk__median,robust_history,context
robust40__jerk__iqr,robust_history,context
robust40__jerk__tail_span,robust_history,context
robust40__ball_distance__median,robust_history,context
robust40__ball_distance__iqr,robust_history,context
robust40__ball_distance__tail_span,robust_history,context
robust40__ball_ux__median,robust_history,context
robust40__ball_ux__iqr,robust_history,context
robust40__ball_ux__tail_span,robust_history,context
matched__opponent1__w03__dx__mean,matched_history,context
matched__opponent1__w03__dx__std,matched_history,context
matched__opponent1__w03__dx__change,matched_history,context
matched__opponent1__w03__dy__mean,matched_history,context
matched__opponent1__w03__dy__std,matched_history,context
matched__opponent1__w03__dy__change,matched_history,context
matched__opponent1__w03__distance__mean,matched_history,context
matched__opponent1__w03__distance__std,matched_history,context
matched__opponent1__w03__distance__change,matched_history,context
matched__opponent1__w03__dvx__mean,matched_history,context
matched__opponent1__w03__dvx__std,matched_history,context
matched__opponent1__w03__dvx__change,matched_history,context
matched__opponent1__w03__dvy__mean,matched_history,context
matched__opponent1__w03__dvy__std,matched_history,context
matched__opponent1__w03__dvy__change,matched_history,context
matched__opponent1__w03__closing__mean,matched_history,context
matched__opponent1__w03__closing__std,matched_history,context
matched__opponent1__w03__closing__change,matched_history,context
matched__opponent1__w08__dx__mean,matched_history,context
matched__opponent1__w08__dx__std,matched_history,context
matched__opponent1__w08__dx__change,matched_history,context
matched__opponent1__w08__dy__mean,matched_history,context
matched__opponent1__w08__dy__std,matched_history,context
matched__opponent1__w08__dy__change,matched_history,context
matched__opponent1__w08__distance__mean,matched_history,context
matched__opponent1__w08__distance__std,matched_history,context
matched__opponent1__w08__distance__change,matched_history,context
matched__opponent1__w08__dvx__mean,matched_history,context
matched__opponent1__w08__dvx__std,matched_history,context
matched__opponent1__w08__dvx__change,matched_history,context
matched__opponent1__w08__dvy__mean,matched_history,context
matched__opponent1__w08__dvy__std,matched_history,context
matched__opponent1__w08__dvy__change,matched_history,context
matched__opponent1__w08__closing__mean,matched_history,context
matched__opponent1__w08__closing__std,matched_history,context
matched__opponent1__w08__closing__change,matched_history,context
matched__opponent1__w20__dx__mean,matched_history,context
matched__opponent1__w20__dx__std,matched_history,context
matched__opponent1__w20__dx__change,matched_history,context
matched__opponent1__w20__dy__mean,matched_history,context
matched__opponent1__w20__dy__std,matched_history,context
matched__opponent1__w20__dy__change,matched_history,context
matched__opponent1__w20__distance__mean,matched_history,context
matched__opponent1__w20__distance__std,matched_history,context
matched__opponent1__w20__distance__change,matched_history,context
matched__opponent1__w20__dvx__mean,matched_history,context
matched__opponent1__w20__dvx__std,matched_history,context
matched__opponent1__w20__dvx__change,matched_history,context
matched__opponent1__w20__dvy__mean,matched_history,context
matched__opponent1__w20__dvy__std,matched_history,context
matched__opponent1__w20__dvy__change,matched_history,context
matched__opponent1__w20__closing__mean,matched_history,context
matched__opponent1__w20__closing__std,matched_history,context
matched__opponent1__w20__closing__change,matched_history,context
matched__opponent2__w03__dx__mean,matched_history,context
matched__opponent2__w03__dx__std,matched_history,context
matched__opponent2__w03__dx__change,matched_history,context
matched__opponent2__w03__dy__mean,matched_history,context
matched__opponent2__w03__dy__std,matched_history,context
matched__opponent2__w03__dy__change,matched_history,context
matched__opponent2__w03__distance__mean,matched_history,context
matched__opponent2__w03__distance__std,matched_history,context
matched__opponent2__w03__distance__change,matched_history,context
matched__opponent2__w03__dvx__mean,matched_history,context
matched__opponent2__w03__dvx__std,matched_history,context
matched__opponent2__w03__dvx__change,matched_history,context
matched__opponent2__w03__dvy__mean,matched_history,context
matched__opponent2__w03__dvy__std,matched_history,context
matched__opponent2__w03__dvy__change,matched_history,context
matched__opponent2__w03__closing__mean,matched_history,context
matched__opponent2__w03__closing__std,matched_history,context
matched__opponent2__w03__closing__change,matched_history,context
matched__opponent2__w08__dx__mean,matched_history,context
matched__opponent2__w08__dx__std,matched_history,context
matched__opponent2__w08__dx__change,matched_history,context
matched__opponent2__w08__dy__mean,matched_history,context
matched__opponent2__w08__dy__std,matched_history,context
matched__opponent2__w08__dy__change,matched_history,context
matched__opponent2__w08__distance__mean,matched_history,context
matched__opponent2__w08__distance__std,matched_history,context
matched__opponent2__w08__distance__change,matched_history,context
matched__opponent2__w08__dvx__mean,matched_history,context
matched__opponent2__w08__dvx__std,matched_history,context
matched__opponent2__w08__dvx__change,matched_history,context
matched__opponent2__w08__dvy__mean,matched_history,context
matched__opponent2__w08__dvy__std,matched_history,context
matched__opponent2__w08__dvy__change,matched_history,context
matched__opponent2__w08__closing__mean,matched_history,context
matched__opponent2__w08__closing__std,matched_history,context
matched__opponent2__w08__closing__change,matched_history,context
matched__opponent2__w20__dx__mean,matched_history,context
matched__opponent2__w20__dx__std,matched_history,context
matched__opponent2__w20__dx__change,matched_history,context
matched__opponent2__w20__dy__mean,matched_history,context
matched__opponent2__w20__dy__std,matched_history,context
matched__opponent2__w20__dy__change,matched_history,context
matched__opponent2__w20__distance__mean,matched_history,context
matched__opponent2__w20__distance__std,matched_history,context
matched__opponent2__w20__distance__change,matched_history,context
matched__opponent2__w20__dvx__mean,matched_history,context
matched__opponent2__w20__dvx__std,matched_history,context
matched__opponent2__w20__dvx__change,matched_history,context
matched__opponent2__w20__dvy__mean,matched_history,context
matched__opponent2__w20__dvy__std,matched_history,context
matched__opponent2__w20__dvy__change,matched_history,context
matched__opponent2__w20__closing__mean,matched_history,context
matched__opponent2__w20__closing__std,matched_history,context
matched__opponent2__w20__closing__change,matched_history,context
matched__receiver__w03__dx__mean,matched_history,context
matched__receiver__w03__dx__std,matched_history,context
matched__receiver__w03__dx__change,matched_history,context
matched__receiver__w03__dy__mean,matched_history,context
matched__receiver__w03__dy__std,matched_history,context
matched__receiver__w03__dy__change,matched_history,context
matched__receiver__w03__distance__mean,matched_history,context
matched__receiver__w03__distance__std,matched_history,context
matched__receiver__w03__distance__change,matched_history,context
matched__receiver__w03__dvx__mean,matched_history,context
matched__receiver__w03__dvx__std,matched_history,context
matched__receiver__w03__dvx__change,matched_history,context
matched__receiver__w03__dvy__mean,matched_history,context
matched__receiver__w03__dvy__std,matched_history,context
matched__receiver__w03__dvy__change,matched_history,context
matched__receiver__w03__closing__mean,matched_history,context
matched__receiver__w03__closing__std,matched_history,context
matched__receiver__w03__closing__change,matched_history,context
matched__receiver__w08__dx__mean,matched_history,context
matched__receiver__w08__dx__std,matched_history,context
matched__receiver__w08__dx__change,matched_history,context
matched__receiver__w08__dy__mean,matched_history,context
matched__receiver__w08__dy__std,matched_history,context
matched__receiver__w08__dy__change,matched_history,context
matched__receiver__w08__distance__mean,matched_history,context
matched__receiver__w08__distance__std,matched_history,context
matched__receiver__w08__distance__change,matched_history,context
matched__receiver__w08__dvx__mean,matched_history,context
matched__receiver__w08__dvx__std,matched_history,context
matched__receiver__w08__dvx__change,matched_history,context
matched__receiver__w08__dvy__mean,matched_history,context
matched__receiver__w08__dvy__std,matched_history,context
matched__receiver__w08__dvy__change,matched_history,context
matched__receiver__w08__closing__mean,matched_history,context
matched__receiver__w08__closing__std,matched_history,context
matched__receiver__w08__closing__change,matched_history,context
matched__receiver__w20__dx__mean,matched_history,context
matched__receiver__w20__dx__std,matched_history,context
matched__receiver__w20__dx__change,matched_history,context
matched__receiver__w20__dy__mean,matched_history,context
matched__receiver__w20__dy__std,matched_history,context
matched__receiver__w20__dy__change,matched_history,context
matched__receiver__w20__distance__mean,matched_history,context
matched__receiver__w20__distance__std,matched_history,context
matched__receiver__w20__distance__change,matched_history,context
matched__receiver__w20__dvx__mean,matched_history,context
matched__receiver__w20__dvx__std,matched_history,context
matched__receiver__w20__dvx__change,matched_history,context
matched__receiver__w20__dvy__mean,matched_history,context
matched__receiver__w20__dvy__std,matched_history,context
matched__receiver__w20__dvy__change,matched_history,context
matched__receiver__w20__closing__mean,matched_history,context
matched__receiver__w20__closing__std,matched_history,context
matched__receiver__w20__closing__change,matched_history,context
matched__opponent1__w03__coverage,matched_history,context
matched__opponent1__w08__coverage,matched_history,context
matched__opponent1__w20__coverage,matched_history,context
matched__opponent2__w03__coverage,matched_history,context
matched__opponent2__w08__coverage,matched_history,context
matched__opponent2__w20__coverage,matched_history,context
matched__receiver__w03__coverage,matched_history,context
matched__receiver__w08__coverage,matched_history,context
matched__receiver__w20__coverage,matched_history,context
peer__speed__side_percentile,peer_context,context
peer__speed__side_difference,peer_context,context
peer__speed__play_percentile,peer_context,context
peer__ball_distance__side_percentile,peer_context,context
peer__ball_distance__side_difference,peer_context,context
peer__ball_distance__play_percentile,peer_context,context
peer__x__side_percentile,peer_context,context
peer__x__side_difference,peer_context,context
peer__x__play_percentile,peer_context,context
peer__y__side_percentile,peer_context,context
peer__y__side_difference,peer_context,context
peer__y__play_percentile,peer_context,context
reach__required_vx,reachability,context
reach__required_vy,reachability,context
reach__required_ax,reachability,context
reach__required_ay,reachability,context
reach__required_speed,reachability,context
reach__speed_margin,reachability,context
reach__heading_cross,reachability,context
reach__reported_vx_gap,reachability,context
reach__reported_vy_gap,reachability,context
reach__within_3yps,reachability,context
reach__within_6yps,reachability,context
reach__within_9yps,reachability,context
reach__within_12yps,reachability,context
time__metadata__height_inches,metadata,context
time__metadata__weight_pounds,metadata,context
time__metadata__age_years,metadata,context
time__metadata__height_present,metadata,context
time__metadata__weight_present,metadata,context
time__metadata__age_present,metadata,context
time__metadata__weight_per_height_squared,metadata,context
time__metadata__position__QB,metadata,context
time__metadata__position__RB,metadata,context
time__metadata__position__FB,metadata,context
time__metadata__position__WR,metadata,context
time__metadata__position__TE,metadata,context
time__metadata__position__T,metadata,context
time__metadata__position__G,metadata,context
time__metadata__position__C,metadata,context
time__metadata__position__DE,metadata,context
time__metadata__position__DT,metadata,context
time__metadata__position__NT,metadata,context
time__metadata__position__OLB,metadata,context
time__metadata__position__ILB,metadata,context
time__metadata__position__MLB,metadata,context
time__metadata__position__LB,metadata,context
time__metadata__position__CB,metadata,context
time__metadata__position__FS,metadata,context
time__metadata__position__SS,metadata,context
time__metadata__position__S,metadata,context
time__metadata__position__Unknown,metadata,context
time__robust03__vx__median,robust_history,context
time__robust03__vx__iqr,robust_history,context
time__robust03__vx__tail_span,robust_history,context
time__robust03__vy__median,robust_history,context
time__robust03__vy__iqr,robust_history,context
time__robust03__vy__tail_span,robust_history,context
time__robust03__speed__median,robust_history,context
time__robust03__speed__iqr,robust_history,context
time__robust03__speed__tail_span,robust_history,context
time__robust03__acceleration__median,robust_history,context
time__robust03__acceleration__iqr,robust_history,context
time__robust03__acceleration__tail_span,robust_history,context
time__robust03__closing_speed__median,robust_history,context
time__robust03__closing_speed__iqr,robust_history,context
time__robust03__closing_speed__tail_span,robust_history,context
time__robust03__lateral_speed__median,robust_history,context
time__robust03__lateral_speed__iqr,robust_history,context
time__robust03__lateral_speed__tail_span,robust_history,context
time__robust03__radial_acceleration__median,robust_history,context
time__robust03__radial_acceleration__iqr,robust_history,context
time__robust03__radial_acceleration__tail_span,robust_history,context
time__robust03__lateral_acceleration__median,robust_history,context
time__robust03__lateral_acceleration__iqr,robust_history,context
time__robust03__lateral_acceleration__tail_span,robust_history,context
time__robust03__turn_rate__median,robust_history,context
time__robust03__turn_rate__iqr,robust_history,context
time__robust03__turn_rate__tail_span,robust_history,context
time__robust03__jerk__median,robust_history,context
time__robust03__jerk__iqr,robust_history,context
time__robust03__jerk__tail_span,robust_history,context
time__robust03__ball_distance__median,robust_history,context
time__robust03__ball_distance__iqr,robust_history,context
time__robust03__ball_distance__tail_span,robust_history,context
time__robust03__ball_ux__median,robust_history,context
time__robust03__ball_ux__iqr,robust_history,context
time__robust03__ball_ux__tail_span,robust_history,context
time__robust08__vx__median,robust_history,context
time__robust08__vx__iqr,robust_history,context
time__robust08__vx__tail_span,robust_history,context
time__robust08__vy__median,robust_history,context
time__robust08__vy__iqr,robust_history,context
time__robust08__vy__tail_span,robust_history,context
time__robust08__speed__median,robust_history,context
time__robust08__speed__iqr,robust_history,context
time__robust08__speed__tail_span,robust_history,context
time__robust08__acceleration__median,robust_history,context
time__robust08__acceleration__iqr,robust_history,context
time__robust08__acceleration__tail_span,robust_history,context
time__robust08__closing_speed__median,robust_history,context
time__robust08__closing_speed__iqr,robust_history,context
time__robust08__closing_speed__tail_span,robust_history,context
time__robust08__lateral_speed__median,robust_history,context
time__robust08__lateral_speed__iqr,robust_history,context
time__robust08__lateral_speed__tail_span,robust_history,context
time__robust08__radial_acceleration__median,robust_history,context
time__robust08__radial_acceleration__iqr,robust_history,context
time__robust08__radial_acceleration__tail_span,robust_history,context
time__robust08__lateral_acceleration__median,robust_history,context
time__robust08__lateral_acceleration__iqr,robust_history,context
time__robust08__lateral_acceleration__tail_span,robust_history,context
time__robust08__turn_rate__median,robust_history,context
time__robust08__turn_rate__iqr,robust_history,context
time__robust08__turn_rate__tail_span,robust_history,context
time__robust08__jerk__median,robust_history,context
time__robust08__jerk__iqr,robust_history,context
time__robust08__jerk__tail_span,robust_history,context
time__robust08__ball_distance__median,robust_history,context
time__robust08__ball_distance__iqr,robust_history,context
time__robust08__ball_distance__tail_span,robust_history,context
time__robust08__ball_ux__median,robust_history,context
time__robust08__ball_ux__iqr,robust_history,context
time__robust08__ball_ux__tail_span,robust_history,context
time__robust20__vx__median,robust_history,context
time__robust20__vx__iqr,robust_history,context
time__robust20__vx__tail_span,robust_history,context
time__robust20__vy__median,robust_history,context
time__robust20__vy__iqr,robust_history,context
time__robust20__vy__tail_span,robust_history,context
time__robust20__speed__median,robust_history,context
time__robust20__speed__iqr,robust_history,context
time__robust20__speed__tail_span,robust_history,context
time__robust20__acceleration__median,robust_history,context
time__robust20__acceleration__iqr,robust_history,context
time__robust20__acceleration__tail_span,robust_history,context
time__robust20__closing_speed__median,robust_history,context
time__robust20__closing_speed__iqr,robust_history,context
time__robust20__closing_speed__tail_span,robust_history,context
time__robust20__lateral_speed__median,robust_history,context
time__robust20__lateral_speed__iqr,robust_history,context
time__robust20__lateral_speed__tail_span,robust_history,context
time__robust20__radial_acceleration__median,robust_history,context
time__robust20__radial_acceleration__iqr,robust_history,context
time__robust20__radial_acceleration__tail_span,robust_history,context
time__robust20__lateral_acceleration__median,robust_history,context
time__robust20__lateral_acceleration__iqr,robust_history,context
time__robust20__lateral_acceleration__tail_span,robust_history,context
time__robust20__turn_rate__median,robust_history,context
time__robust20__turn_rate__iqr,robust_history,context
time__robust20__turn_rate__tail_span,robust_history,context
time__robust20__jerk__median,robust_history,context
time__robust20__jerk__iqr,robust_history,context
time__robust20__jerk__tail_span,robust_history,context
time__robust20__ball_distance__median,robust_history,context
time__robust20__ball_distance__iqr,robust_history,context
time__robust20__ball_distance__tail_span,robust_history,context
time__robust20__ball_ux__median,robust_history,context
time__robust20__ball_ux__iqr,robust_history,context
time__robust20__ball_ux__tail_span,robust_history,context
time__robust40__vx__median,robust_history,context
time__robust40__vx__iqr,robust_history,context
time__robust40__vx__tail_span,robust_history,context
time__robust40__vy__median,robust_history,context
time__robust40__vy__iqr,robust_history,context
time__robust40__vy__tail_span,robust_history,context
time__robust40__speed__median,robust_history,context
time__robust40__speed__iqr,robust_history,context
time__robust40__speed__tail_span,robust_history,context
time__robust40__acceleration__median,robust_history,context
time__robust40__acceleration__iqr,robust_history,context
time__robust40__acceleration__tail_span,robust_history,context
time__robust40__closing_speed__median,robust_history,context
time__robust40__closing_speed__iqr,robust_history,context
time__robust40__closing_speed__tail_span,robust_history,context
time__robust40__lateral_speed__median,robust_history,context
time__robust40__lateral_speed__iqr,robust_history,context
time__robust40__lateral_speed__tail_span,robust_history,context
time__robust40__radial_acceleration__median,robust_history,context
time__robust40__radial_acceleration__iqr,robust_history,context
time__robust40__radial_acceleration__tail_span,robust_history,context
time__robust40__lateral_acceleration__median,robust_history,context
time__robust40__lateral_acceleration__iqr,robust_history,context
time__robust40__lateral_acceleration__tail_span,robust_history,context
time__robust40__turn_rate__median,robust_history,context
time__robust40__turn_rate__iqr,robust_history,context
time__robust40__turn_rate__tail_span,robust_history,context
time__robust40__jerk__median,robust_history,context
time__robust40__jerk__iqr,robust_history,context
time__robust40__jerk__tail_span,robust_history,context
time__robust40__ball_distance__median,robust_history,context
time__robust40__ball_distance__iqr,robust_history,context
time__robust40__ball_distance__tail_span,robust_history,context
time__robust40__ball_ux__median,robust_history,context
time__robust40__ball_ux__iqr,robust_history,context
time__robust40__ball_ux__tail_span,robust_history,context
time__matched__opponent1__w03__dx__mean,matched_history,context
time__matched__opponent1__w03__dx__std,matched_history,context
time__matched__opponent1__w03__dx__change,matched_history,context
time__matched__opponent1__w03__dy__mean,matched_history,context
time__matched__opponent1__w03__dy__std,matched_history,context
time__matched__opponent1__w03__dy__change,matched_history,context
time__matched__opponent1__w03__distance__mean,matched_history,context
time__matched__opponent1__w03__distance__std,matched_history,context
time__matched__opponent1__w03__distance__change,matched_history,context
time__matched__opponent1__w03__dvx__mean,matched_history,context
time__matched__opponent1__w03__dvx__std,matched_history,context
time__matched__opponent1__w03__dvx__change,matched_history,context
time__matched__opponent1__w03__dvy__mean,matched_history,context
time__matched__opponent1__w03__dvy__std,matched_history,context
time__matched__opponent1__w03__dvy__change,matched_history,context
time__matched__opponent1__w03__closing__mean,matched_history,context
time__matched__opponent1__w03__closing__std,matched_history,context
time__matched__opponent1__w03__closing__change,matched_history,context
time__matched__opponent1__w08__dx__mean,matched_history,context
time__matched__opponent1__w08__dx__std,matched_history,context
time__matched__opponent1__w08__dx__change,matched_history,context
time__matched__opponent1__w08__dy__mean,matched_history,context
time__matched__opponent1__w08__dy__std,matched_history,context
time__matched__opponent1__w08__dy__change,matched_history,context
time__matched__opponent1__w08__distance__mean,matched_history,context
time__matched__opponent1__w08__distance__std,matched_history,context
time__matched__opponent1__w08__distance__change,matched_history,context
time__matched__opponent1__w08__dvx__mean,matched_history,context
time__matched__opponent1__w08__dvx__std,matched_history,context
time__matched__opponent1__w08__dvx__change,matched_history,context
time__matched__opponent1__w08__dvy__mean,matched_history,context
time__matched__opponent1__w08__dvy__std,matched_history,context
time__matched__opponent1__w08__dvy__change,matched_history,context
time__matched__opponent1__w08__closing__mean,matched_history,context
time__matched__opponent1__w08__closing__std,matched_history,context
time__matched__opponent1__w08__closing__change,matched_history,context
time__matched__opponent1__w20__dx__mean,matched_history,context
time__matched__opponent1__w20__dx__std,matched_history,context
time__matched__opponent1__w20__dx__change,matched_history,context
time__matched__opponent1__w20__dy__mean,matched_history,context
time__matched__opponent1__w20__dy__std,matched_history,context
time__matched__opponent1__w20__dy__change,matched_history,context
time__matched__opponent1__w20__distance__mean,matched_history,context
time__matched__opponent1__w20__distance__std,matched_history,context
time__matched__opponent1__w20__distance__change,matched_history,context
time__matched__opponent1__w20__dvx__mean,matched_history,context
time__matched__opponent1__w20__dvx__std,matched_history,context
time__matched__opponent1__w20__dvx__change,matched_history,context
time__matched__opponent1__w20__dvy__mean,matched_history,context
time__matched__opponent1__w20__dvy__std,matched_history,context
time__matched__opponent1__w20__dvy__change,matched_history,context
time__matched__opponent1__w20__closing__mean,matched_history,context
time__matched__opponent1__w20__closing__std,matched_history,context
time__matched__opponent1__w20__closing__change,matched_history,context
time__matched__opponent2__w03__dx__mean,matched_history,context
time__matched__opponent2__w03__dx__std,matched_history,context
time__matched__opponent2__w03__dx__change,matched_history,context
time__matched__opponent2__w03__dy__mean,matched_history,context
time__matched__opponent2__w03__dy__std,matched_history,context
time__matched__opponent2__w03__dy__change,matched_history,context
time__matched__opponent2__w03__distance__mean,matched_history,context
time__matched__opponent2__w03__distance__std,matched_history,context
time__matched__opponent2__w03__distance__change,matched_history,context
time__matched__opponent2__w03__dvx__mean,matched_history,context
time__matched__opponent2__w03__dvx__std,matched_history,context
time__matched__opponent2__w03__dvx__change,matched_history,context
time__matched__opponent2__w03__dvy__mean,matched_history,context
time__matched__opponent2__w03__dvy__std,matched_history,context
time__matched__opponent2__w03__dvy__change,matched_history,context
time__matched__opponent2__w03__closing__mean,matched_history,context
time__matched__opponent2__w03__closing__std,matched_history,context
time__matched__opponent2__w03__closing__change,matched_history,context
time__matched__opponent2__w08__dx__mean,matched_history,context
time__matched__opponent2__w08__dx__std,matched_history,context
time__matched__opponent2__w08__dx__change,matched_history,context
time__matched__opponent2__w08__dy__mean,matched_history,context
time__matched__opponent2__w08__dy__std,matched_history,context
time__matched__opponent2__w08__dy__change,matched_history,context
time__matched__opponent2__w08__distance__mean,matched_history,context
time__matched__opponent2__w08__distance__std,matched_history,context
time__matched__opponent2__w08__distance__change,matched_history,context
time__matched__opponent2__w08__dvx__mean,matched_history,context
time__matched__opponent2__w08__dvx__std,matched_history,context
time__matched__opponent2__w08__dvx__change,matched_history,context
time__matched__opponent2__w08__dvy__mean,matched_history,context
time__matched__opponent2__w08__dvy__std,matched_history,context
time__matched__opponent2__w08__dvy__change,matched_history,context
time__matched__opponent2__w08__closing__mean,matched_history,context
time__matched__opponent2__w08__closing__std,matched_history,context
time__matched__opponent2__w08__closing__change,matched_history,context
time__matched__opponent2__w20__dx__mean,matched_history,context
time__matched__opponent2__w20__dx__std,matched_history,context
time__matched__opponent2__w20__dx__change,matched_history,context
time__matched__opponent2__w20__dy__mean,matched_history,context
time__matched__opponent2__w20__dy__std,matched_history,context
time__matched__opponent2__w20__dy__change,matched_history,context
time__matched__opponent2__w20__distance__mean,matched_history,context
time__matched__opponent2__w20__distance__std,matched_history,context
time__matched__opponent2__w20__distance__change,matched_history,context
time__matched__opponent2__w20__dvx__mean,matched_history,context
time__matched__opponent2__w20__dvx__std,matched_history,context
time__matched__opponent2__w20__dvx__change,matched_history,context
time__matched__opponent2__w20__dvy__mean,matched_history,context
time__matched__opponent2__w20__dvy__std,matched_history,context
time__matched__opponent2__w20__dvy__change,matched_history,context
time__matched__opponent2__w20__closing__mean,matched_history,context
time__matched__opponent2__w20__closing__std,matched_history,context
time__matched__opponent2__w20__closing__change,matched_history,context
time__matched__receiver__w03__dx__mean,matched_history,context
time__matched__receiver__w03__dx__std,matched_history,context
time__matched__receiver__w03__dx__change,matched_history,context
time__matched__receiver__w03__dy__mean,matched_history,context
time__matched__receiver__w03__dy__std,matched_history,context
time__matched__receiver__w03__dy__change,matched_history,context
time__matched__receiver__w03__distance__mean,matched_history,context
time__matched__receiver__w03__distance__std,matched_history,context
time__matched__receiver__w03__distance__change,matched_history,context
time__matched__receiver__w03__dvx__mean,matched_history,context
time__matched__receiver__w03__dvx__std,matched_history,context
time__matched__receiver__w03__dvx__change,matched_history,context
time__matched__receiver__w03__dvy__mean,matched_history,context
time__matched__receiver__w03__dvy__std,matched_history,context
time__matched__receiver__w03__dvy__change,matched_history,context
time__matched__receiver__w03__closing__mean,matched_history,context
time__matched__receiver__w03__closing__std,matched_history,context
time__matched__receiver__w03__closing__change,matched_history,context
time__matched__receiver__w08__dx__mean,matched_history,context
time__matched__receiver__w08__dx__std,matched_history,context
time__matched__receiver__w08__dx__change,matched_history,context
time__matched__receiver__w08__dy__mean,matched_history,context
time__matched__receiver__w08__dy__std,matched_history,context
time__matched__receiver__w08__dy__change,matched_history,context
time__matched__receiver__w08__distance__mean,matched_history,context
time__matched__receiver__w08__distance__std,matched_history,context
time__matched__receiver__w08__distance__change,matched_history,context
time__matched__receiver__w08__dvx__mean,matched_history,context
time__matched__receiver__w08__dvx__std,matched_history,context
time__matched__receiver__w08__dvx__change,matched_history,context
time__matched__receiver__w08__dvy__mean,matched_history,context
time__matched__receiver__w08__dvy__std,matched_history,context
time__matched__receiver__w08__dvy__change,matched_history,context
time__matched__receiver__w08__closing__mean,matched_history,context
time__matched__receiver__w08__closing__std,matched_history,context
time__matched__receiver__w08__closing__change,matched_history,context
time__matched__receiver__w20__dx__mean,matched_history,context
time__matched__receiver__w20__dx__std,matched_history,context
time__matched__receiver__w20__dx__change,matched_history,context
time__matched__receiver__w20__dy__mean,matched_history,context
time__matched__receiver__w20__dy__std,matched_history,context
time__matched__receiver__w20__dy__change,matched_history,context
time__matched__receiver__w20__distance__mean,matched_history,context
time__matched__receiver__w20__distance__std,matched_history,context
time__matched__receiver__w20__distance__change,matched_history,context
time__matched__receiver__w20__dvx__mean,matched_history,context
time__matched__receiver__w20__dvx__std,matched_history,context
time__matched__receiver__w20__dvx__change,matched_history,context
time__matched__receiver__w20__dvy__mean,matched_history,context
time__matched__receiver__w20__dvy__std,matched_history,context
time__matched__receiver__w20__dvy__change,matched_history,context
time__matched__receiver__w20__closing__mean,matched_history,context
time__matched__receiver__w20__closing__std,matched_history,context
time__matched__receiver__w20__closing__change,matched_history,context
time__matched__opponent1__w03__coverage,matched_history,context
time__matched__opponent1__w08__coverage,matched_history,context
time__matched__opponent1__w20__coverage,matched_history,context
time__matched__opponent2__w03__coverage,matched_history,context
time__matched__opponent2__w08__coverage,matched_history,context
time__matched__opponent2__w20__coverage,matched_history,context
time__matched__receiver__w03__coverage,matched_history,context
time__matched__receiver__w08__coverage,matched_history,context
time__matched__receiver__w20__coverage,matched_history,context
time__peer__speed__side_percentile,peer_context,context
time__peer__speed__side_difference,peer_context,context
time__peer__speed__play_percentile,peer_context,context
time__peer__ball_distance__side_percentile,peer_context,context
time__peer__ball_distance__side_difference,peer_context,context
time__peer__ball_distance__play_percentile,peer_context,context
time__peer__x__side_percentile,peer_context,context
time__peer__x__side_difference,peer_context,context
time__peer__x__play_percentile,peer_context,context
time__peer__y__side_percentile,peer_context,context
time__peer__y__side_difference,peer_context,context
time__peer__y__play_percentile,peer_context,context
time__reach__required_vx,reachability,context
time__reach__required_vy,reachability,context
time__reach__required_ax,reachability,context
time__reach__required_ay,reachability,context
time__reach__required_speed,reachability,context
time__reach__speed_margin,reachability,context
time__reach__heading_cross,reachability,context
time__reach__reported_vx_gap,reachability,context
time__reach__reported_vy_gap,reachability,context
time__reach__within_3yps,reachability,context
time__reach__within_6yps,reachability,context
time__reach__within_9yps,reachability,context
time__reach__within_12yps,reachability,context
fraction__metadata__height_inches,metadata,context
fraction__metadata__weight_pounds,metadata,context
fraction__metadata__age_years,metadata,context
fraction__metadata__height_present,metadata,context
fraction__metadata__weight_present,metadata,context
fraction__metadata__age_present,metadata,context
fraction__metadata__weight_per_height_squared,metadata,context
fraction__metadata__position__QB,metadata,context
fraction__metadata__position__RB,metadata,context
fraction__metadata__position__FB,metadata,context
fraction__metadata__position__WR,metadata,context
fraction__metadata__position__TE,metadata,context
fraction__metadata__position__T,metadata,context
fraction__metadata__position__G,metadata,context
fraction__metadata__position__C,metadata,context
fraction__metadata__position__DE,metadata,context
fraction__metadata__position__DT,metadata,context
fraction__metadata__position__NT,metadata,context
fraction__metadata__position__OLB,metadata,context
fraction__metadata__position__ILB,metadata,context
fraction__metadata__position__MLB,metadata,context
fraction__metadata__position__LB,metadata,context
fraction__metadata__position__CB,metadata,context
fraction__metadata__position__FS,metadata,context
fraction__metadata__position__SS,metadata,context
fraction__metadata__position__S,metadata,context
fraction__metadata__position__Unknown,metadata,context
fraction__robust03__vx__median,robust_history,context
fraction__robust03__vx__iqr,robust_history,context
fraction__robust03__vx__tail_span,robust_history,context
fraction__robust03__vy__median,robust_history,context
fraction__robust03__vy__iqr,robust_history,context
fraction__robust03__vy__tail_span,robust_history,context
fraction__robust03__speed__median,robust_history,context
fraction__robust03__speed__iqr,robust_history,context
fraction__robust03__speed__tail_span,robust_history,context
fraction__robust03__acceleration__median,robust_history,context
fraction__robust03__acceleration__iqr,robust_history,context
fraction__robust03__acceleration__tail_span,robust_history,context
fraction__robust03__closing_speed__median,robust_history,context
fraction__robust03__closing_speed__iqr,robust_history,context
fraction__robust03__closing_speed__tail_span,robust_history,context
fraction__robust03__lateral_speed__median,robust_history,context
fraction__robust03__lateral_speed__iqr,robust_history,context
fraction__robust03__lateral_speed__tail_span,robust_history,context
fraction__robust03__radial_acceleration__median,robust_history,context
fraction__robust03__radial_acceleration__iqr,robust_history,context
fraction__robust03__radial_acceleration__tail_span,robust_history,context
fraction__robust03__lateral_acceleration__median,robust_history,context
fraction__robust03__lateral_acceleration__iqr,robust_history,context
fraction__robust03__lateral_acceleration__tail_span,robust_history,context
fraction__robust03__turn_rate__median,robust_history,context
fraction__robust03__turn_rate__iqr,robust_history,context
fraction__robust03__turn_rate__tail_span,robust_history,context
fraction__robust03__jerk__median,robust_history,context
fraction__robust03__jerk__iqr,robust_history,context
fraction__robust03__jerk__tail_span,robust_history,context
fraction__robust03__ball_distance__median,robust_history,context
fraction__robust03__ball_distance__iqr,robust_history,context
fraction__robust03__ball_distance__tail_span,robust_history,context
fraction__robust03__ball_ux__median,robust_history,context
fraction__robust03__ball_ux__iqr,robust_history,context
fraction__robust03__ball_ux__tail_span,robust_history,context
fraction__robust08__vx__median,robust_history,context
fraction__robust08__vx__iqr,robust_history,context
fraction__robust08__vx__tail_span,robust_history,context
fraction__robust08__vy__median,robust_history,context
fraction__robust08__vy__iqr,robust_history,context
fraction__robust08__vy__tail_span,robust_history,context
fraction__robust08__speed__median,robust_history,context
fraction__robust08__speed__iqr,robust_history,context
fraction__robust08__speed__tail_span,robust_history,context
fraction__robust08__acceleration__median,robust_history,context
fraction__robust08__acceleration__iqr,robust_history,context
fraction__robust08__acceleration__tail_span,robust_history,context
fraction__robust08__closing_speed__median,robust_history,context
fraction__robust08__closing_speed__iqr,robust_history,context
fraction__robust08__closing_speed__tail_span,robust_history,context
fraction__robust08__lateral_speed__median,robust_history,context
fraction__robust08__lateral_speed__iqr,robust_history,context
fraction__robust08__lateral_speed__tail_span,robust_history,context
fraction__robust08__radial_acceleration__median,robust_history,context
fraction__robust08__radial_acceleration__iqr,robust_history,context
fraction__robust08__radial_acceleration__tail_span,robust_history,context
fraction__robust08__lateral_acceleration__median,robust_history,context
fraction__robust08__lateral_acceleration__iqr,robust_history,context
fraction__robust08__lateral_acceleration__tail_span,robust_history,context
fraction__robust08__turn_rate__median,robust_history,context
fraction__robust08__turn_rate__iqr,robust_history,context
fraction__robust08__turn_rate__tail_span,robust_history,context
fraction__robust08__jerk__median,robust_history,context
fraction__robust08__jerk__iqr,robust_history,context
fraction__robust08__jerk__tail_span,robust_history,context
fraction__robust08__ball_distance__median,robust_history,context
fraction__robust08__ball_distance__iqr,robust_history,context
fraction__robust08__ball_distance__tail_span,robust_history,context
fraction__robust08__ball_ux__median,robust_history,context
fraction__robust08__ball_ux__iqr,robust_history,context
fraction__robust08__ball_ux__tail_span,robust_history,context
fraction__robust20__vx__median,robust_history,context
fraction__robust20__vx__iqr,robust_history,context
fraction__robust20__vx__tail_span,robust_history,context
fraction__robust20__vy__median,robust_history,context
fraction__robust20__vy__iqr,robust_history,context
fraction__robust20__vy__tail_span,robust_history,context
fraction__robust20__speed__median,robust_history,context
fraction__robust20__speed__iqr,robust_history,context
fraction__robust20__speed__tail_span,robust_history,context
fraction__robust20__acceleration__median,robust_history,context
fraction__robust20__acceleration__iqr,robust_history,context
fraction__robust20__acceleration__tail_span,robust_history,context
fraction__robust20__closing_speed__median,robust_history,context
fraction__robust20__closing_speed__iqr,robust_history,context
fraction__robust20__closing_speed__tail_span,robust_history,context
fraction__robust20__lateral_speed__median,robust_history,context
fraction__robust20__lateral_speed__iqr,robust_history,context
fraction__robust20__lateral_speed__tail_span,robust_history,context
fraction__robust20__radial_acceleration__median,robust_history,context
fraction__robust20__radial_acceleration__iqr,robust_history,context
fraction__robust20__radial_acceleration__tail_span,robust_history,context
fraction__robust20__lateral_acceleration__median,robust_history,context
fraction__robust20__lateral_acceleration__iqr,robust_history,context
fraction__robust20__lateral_acceleration__tail_span,robust_history,context
fraction__robust20__turn_rate__median,robust_history,context
fraction__robust20__turn_rate__iqr,robust_history,context
fraction__robust20__turn_rate__tail_span,robust_history,context
fraction__robust20__jerk__median,robust_history,context
fraction__robust20__jerk__iqr,robust_history,context
fraction__robust20__jerk__tail_span,robust_history,context
fraction__robust20__ball_distance__median,robust_history,context
fraction__robust20__ball_distance__iqr,robust_history,context
fraction__robust20__ball_distance__tail_span,robust_history,context
fraction__robust20__ball_ux__median,robust_history,context
fraction__robust20__ball_ux__iqr,robust_history,context
fraction__robust20__ball_ux__tail_span,robust_history,context
fraction__robust40__vx__median,robust_history,context
fraction__robust40__vx__iqr,robust_history,context
fraction__robust40__vx__tail_span,robust_history,context
fraction__robust40__vy__median,robust_history,context
fraction__robust40__vy__iqr,robust_history,context
fraction__robust40__vy__tail_span,robust_history,context
fraction__robust40__speed__median,robust_history,context
fraction__robust40__speed__iqr,robust_history,context
fraction__robust40__speed__tail_span,robust_history,context
fraction__robust40__acceleration__median,robust_history,context
fraction__robust40__acceleration__iqr,robust_history,context
fraction__robust40__acceleration__tail_span,robust_history,context
fraction__robust40__closing_speed__median,robust_history,context
fraction__robust40__closing_speed__iqr,robust_history,context
fraction__robust40__closing_speed__tail_span,robust_history,context
fraction__robust40__lateral_speed__median,robust_history,context
fraction__robust40__lateral_speed__iqr,robust_history,context
fraction__robust40__lateral_speed__tail_span,robust_history,context
fraction__robust40__radial_acceleration__median,robust_history,context
fraction__robust40__radial_acceleration__iqr,robust_history,context
fraction__robust40__radial_acceleration__tail_span,robust_history,context
fraction__robust40__lateral_acceleration__median,robust_history,context
fraction__robust40__lateral_acceleration__iqr,robust_history,context
fraction__robust40__lateral_acceleration__tail_span,robust_history,context
fraction__robust40__turn_rate__median,robust_history,context
fraction__robust40__turn_rate__iqr,robust_history,context
fraction__robust40__turn_rate__tail_span,robust_history,context
fraction__robust40__jerk__median,robust_history,context
fraction__robust40__jerk__iqr,robust_history,context
fraction__robust40__jerk__tail_span,robust_history,context
fraction__robust40__ball_distance__median,robust_history,context
fraction__robust40__ball_distance__iqr,robust_history,context
fraction__robust40__ball_distance__tail_span,robust_history,context
fraction__robust40__ball_ux__median,robust_history,context
fraction__robust40__ball_ux__iqr,robust_history,context
fraction__robust40__ball_ux__tail_span,robust_history,context
fraction__matched__opponent1__w03__dx__mean,matched_history,context
fraction__matched__opponent1__w03__dx__std,matched_history,context
fraction__matched__opponent1__w03__dx__change,matched_history,context
fraction__matched__opponent1__w03__dy__mean,matched_history,context
fraction__matched__opponent1__w03__dy__std,matched_history,context
fraction__matched__opponent1__w03__dy__change,matched_history,context
fraction__matched__opponent1__w03__distance__mean,matched_history,context
fraction__matched__opponent1__w03__distance__std,matched_history,context
fraction__matched__opponent1__w03__distance__change,matched_history,context
fraction__matched__opponent1__w03__dvx__mean,matched_history,context
fraction__matched__opponent1__w03__dvx__std,matched_history,context
fraction__matched__opponent1__w03__dvx__change,matched_history,context
fraction__matched__opponent1__w03__dvy__mean,matched_history,context
fraction__matched__opponent1__w03__dvy__std,matched_history,context
fraction__matched__opponent1__w03__dvy__change,matched_history,context
fraction__matched__opponent1__w03__closing__mean,matched_history,context
fraction__matched__opponent1__w03__closing__std,matched_history,context
fraction__matched__opponent1__w03__closing__change,matched_history,context
fraction__matched__opponent1__w08__dx__mean,matched_history,context
fraction__matched__opponent1__w08__dx__std,matched_history,context
fraction__matched__opponent1__w08__dx__change,matched_history,context
fraction__matched__opponent1__w08__dy__mean,matched_history,context
fraction__matched__opponent1__w08__dy__std,matched_history,context
fraction__matched__opponent1__w08__dy__change,matched_history,context
fraction__matched__opponent1__w08__distance__mean,matched_history,context
fraction__matched__opponent1__w08__distance__std,matched_history,context
fraction__matched__opponent1__w08__distance__change,matched_history,context
fraction__matched__opponent1__w08__dvx__mean,matched_history,context
fraction__matched__opponent1__w08__dvx__std,matched_history,context
fraction__matched__opponent1__w08__dvx__change,matched_history,context
fraction__matched__opponent1__w08__dvy__mean,matched_history,context
fraction__matched__opponent1__w08__dvy__std,matched_history,context
fraction__matched__opponent1__w08__dvy__change,matched_history,context
fraction__matched__opponent1__w08__closing__mean,matched_history,context
fraction__matched__opponent1__w08__closing__std,matched_history,context
fraction__matched__opponent1__w08__closing__change,matched_history,context
fraction__matched__opponent1__w20__dx__mean,matched_history,context
fraction__matched__opponent1__w20__dx__std,matched_history,context
fraction__matched__opponent1__w20__dx__change,matched_history,context
fraction__matched__opponent1__w20__dy__mean,matched_history,context
fraction__matched__opponent1__w20__dy__std,matched_history,context
fraction__matched__opponent1__w20__dy__change,matched_history,context
fraction__matched__opponent1__w20__distance__mean,matched_history,context
fraction__matched__opponent1__w20__distance__std,matched_history,context
fraction__matched__opponent1__w20__distance__change,matched_history,context
fraction__matched__opponent1__w20__dvx__mean,matched_history,context
fraction__matched__opponent1__w20__dvx__std,matched_history,context
fraction__matched__opponent1__w20__dvx__change,matched_history,context
fraction__matched__opponent1__w20__dvy__mean,matched_history,context
fraction__matched__opponent1__w20__dvy__std,matched_history,context
fraction__matched__opponent1__w20__dvy__change,matched_history,context
fraction__matched__opponent1__w20__closing__mean,matched_history,context
fraction__matched__opponent1__w20__closing__std,matched_history,context
fraction__matched__opponent1__w20__closing__change,matched_history,context
fraction__matched__opponent2__w03__dx__mean,matched_history,context
fraction__matched__opponent2__w03__dx__std,matched_history,context
fraction__matched__opponent2__w03__dx__change,matched_history,context
fraction__matched__opponent2__w03__dy__mean,matched_history,context
fraction__matched__opponent2__w03__dy__std,matched_history,context
fraction__matched__opponent2__w03__dy__change,matched_history,context
fraction__matched__opponent2__w03__distance__mean,matched_history,context
fraction__matched__opponent2__w03__distance__std,matched_history,context
fraction__matched__opponent2__w03__distance__change,matched_history,context
fraction__matched__opponent2__w03__dvx__mean,matched_history,context
fraction__matched__opponent2__w03__dvx__std,matched_history,context
fraction__matched__opponent2__w03__dvx__change,matched_history,context
fraction__matched__opponent2__w03__dvy__mean,matched_history,context
fraction__matched__opponent2__w03__dvy__std,matched_history,context
fraction__matched__opponent2__w03__dvy__change,matched_history,context
fraction__matched__opponent2__w03__closing__mean,matched_history,context
fraction__matched__opponent2__w03__closing__std,matched_history,context
fraction__matched__opponent2__w03__closing__change,matched_history,context
fraction__matched__opponent2__w08__dx__mean,matched_history,context
fraction__matched__opponent2__w08__dx__std,matched_history,context
fraction__matched__opponent2__w08__dx__change,matched_history,context
fraction__matched__opponent2__w08__dy__mean,matched_history,context
fraction__matched__opponent2__w08__dy__std,matched_history,context
fraction__matched__opponent2__w08__dy__change,matched_history,context
fraction__matched__opponent2__w08__distance__mean,matched_history,context
fraction__matched__opponent2__w08__distance__std,matched_history,context
fraction__matched__opponent2__w08__distance__change,matched_history,context
fraction__matched__opponent2__w08__dvx__mean,matched_history,context
fraction__matched__opponent2__w08__dvx__std,matched_history,context
fraction__matched__opponent2__w08__dvx__change,matched_history,context
fraction__matched__opponent2__w08__dvy__mean,matched_history,context
fraction__matched__opponent2__w08__dvy__std,matched_history,context
fraction__matched__opponent2__w08__dvy__change,matched_history,context
fraction__matched__opponent2__w08__closing__mean,matched_history,context
fraction__matched__opponent2__w08__closing__std,matched_history,context
fraction__matched__opponent2__w08__closing__change,matched_history,context
fraction__matched__opponent2__w20__dx__mean,matched_history,context
fraction__matched__opponent2__w20__dx__std,matched_history,context
fraction__matched__opponent2__w20__dx__change,matched_history,context
fraction__matched__opponent2__w20__dy__mean,matched_history,context
fraction__matched__opponent2__w20__dy__std,matched_history,context
fraction__matched__opponent2__w20__dy__change,matched_history,context
fraction__matched__opponent2__w20__distance__mean,matched_history,context
fraction__matched__opponent2__w20__distance__std,matched_history,context
fraction__matched__opponent2__w20__distance__change,matched_history,context
fraction__matched__opponent2__w20__dvx__mean,matched_history,context
fraction__matched__opponent2__w20__dvx__std,matched_history,context
fraction__matched__opponent2__w20__dvx__change,matched_history,context
fraction__matched__opponent2__w20__dvy__mean,matched_history,context
fraction__matched__opponent2__w20__dvy__std,matched_history,context
fraction__matched__opponent2__w20__dvy__change,matched_history,context
fraction__matched__opponent2__w20__closing__mean,matched_history,context
fraction__matched__opponent2__w20__closing__std,matched_history,context
fraction__matched__opponent2__w20__closing__change,matched_history,context
fraction__matched__receiver__w03__dx__mean,matched_history,context
fraction__matched__receiver__w03__dx__std,matched_history,context
fraction__matched__receiver__w03__dx__change,matched_history,context
fraction__matched__receiver__w03__dy__mean,matched_history,context
fraction__matched__receiver__w03__dy__std,matched_history,context
fraction__matched__receiver__w03__dy__change,matched_history,context
fraction__matched__receiver__w03__distance__mean,matched_history,context
fraction__matched__receiver__w03__distance__std,matched_history,context
fraction__matched__receiver__w03__distance__change,matched_history,context
fraction__matched__receiver__w03__dvx__mean,matched_history,context
fraction__matched__receiver__w03__dvx__std,matched_history,context
fraction__matched__receiver__w03__dvx__change,matched_history,context
fraction__matched__receiver__w03__dvy__mean,matched_history,context
fraction__matched__receiver__w03__dvy__std,matched_history,context
fraction__matched__receiver__w03__dvy__change,matched_history,context
fraction__matched__receiver__w03__closing__mean,matched_history,context
fraction__matched__receiver__w03__closing__std,matched_history,context
fraction__matched__receiver__w03__closing__change,matched_history,context
fraction__matched__receiver__w08__dx__mean,matched_history,context
fraction__matched__receiver__w08__dx__std,matched_history,context
fraction__matched__receiver__w08__dx__change,matched_history,context
fraction__matched__receiver__w08__dy__mean,matched_history,context
fraction__matched__receiver__w08__dy__std,matched_history,context
fraction__matched__receiver__w08__dy__change,matched_history,context
fraction__matched__receiver__w08__distance__mean,matched_history,context
fraction__matched__receiver__w08__distance__std,matched_history,context
fraction__matched__receiver__w08__distance__change,matched_history,context
fraction__matched__receiver__w08__dvx__mean,matched_history,context
fraction__matched__receiver__w08__dvx__std,matched_history,context
fraction__matched__receiver__w08__dvx__change,matched_history,context
fraction__matched__receiver__w08__dvy__mean,matched_history,context
fraction__matched__receiver__w08__dvy__std,matched_history,context
fraction__matched__receiver__w08__dvy__change,matched_history,context
fraction__matched__receiver__w08__closing__mean,matched_history,context
fraction__matched__receiver__w08__closing__std,matched_history,context
fraction__matched__receiver__w08__closing__change,matched_history,context
fraction__matched__receiver__w20__dx__mean,matched_history,context
fraction__matched__receiver__w20__dx__std,matched_history,context
fraction__matched__receiver__w20__dx__change,matched_history,context
fraction__matched__receiver__w20__dy__mean,matched_history,context
fraction__matched__receiver__w20__dy__std,matched_history,context
fraction__matched__receiver__w20__dy__change,matched_history,context
fraction__matched__receiver__w20__distance__mean,matched_history,context
fraction__matched__receiver__w20__distance__std,matched_history,context
fraction__matched__receiver__w20__distance__change,matched_history,context
fraction__matched__receiver__w20__dvx__mean,matched_history,context
fraction__matched__receiver__w20__dvx__std,matched_history,context
fraction__matched__receiver__w20__dvx__change,matched_history,context
fraction__matched__receiver__w20__dvy__mean,matched_history,context
fraction__matched__receiver__w20__dvy__std,matched_history,context
fraction__matched__receiver__w20__dvy__change,matched_history,context
fraction__matched__receiver__w20__closing__mean,matched_history,context
fraction__matched__receiver__w20__closing__std,matched_history,context
fraction__matched__receiver__w20__closing__change,matched_history,context
fraction__matched__opponent1__w03__coverage,matched_history,context
fraction__matched__opponent1__w08__coverage,matched_history,context
fraction__matched__opponent1__w20__coverage,matched_history,context
fraction__matched__opponent2__w03__coverage,matched_history,context
fraction__matched__opponent2__w08__coverage,matched_history,context
fraction__matched__opponent2__w20__coverage,matched_history,context
fraction__matched__receiver__w03__coverage,matched_history,context
fraction__matched__receiver__w08__coverage,matched_history,context
fraction__matched__receiver__w20__coverage,matched_history,context
fraction__peer__speed__side_percentile,peer_context,context
fraction__peer__speed__side_difference,peer_context,context
fraction__peer__speed__play_percentile,peer_context,context
fraction__peer__ball_distance__side_percentile,peer_context,context
fraction__peer__ball_distance__side_difference,peer_context,context
fraction__peer__ball_distance__play_percentile,peer_context,context
fraction__peer__x__side_percentile,peer_context,context
fraction__peer__x__side_difference,peer_context,context
fraction__peer__x__play_percentile,peer_context,context
fraction__peer__y__side_percentile,peer_context,context
fraction__peer__y__side_difference,peer_context,context
fraction__peer__y__play_percentile,peer_context,context
fraction__reach__required_vx,reachability,context
fraction__reach__required_vy,reachability,context
fraction__reach__required_ax,reachability,context
fraction__reach__required_ay,reachability,context
fraction__reach__required_speed,reachability,context
fraction__reach__speed_margin,reachability,context
fraction__reach__heading_cross,reachability,context
fraction__reach__reported_vx_gap,reachability,context
fraction__reach__reported_vy_gap,reachability,context
fraction__reach__within_3yps,reachability,context
fraction__reach__within_6yps,reachability,context
fraction__reach__within_9yps,reachability,context
fraction__reach__within_12yps,reachability,context
fraction_squared__metadata__height_inches,metadata,context
fraction_squared__metadata__weight_pounds,metadata,context
fraction_squared__metadata__age_years,metadata,context
fraction_squared__metadata__height_present,metadata,context
fraction_squared__metadata__weight_present,metadata,context
fraction_squared__metadata__age_present,metadata,context
fraction_squared__metadata__weight_per_height_squared,metadata,context
fraction_squared__metadata__position__QB,metadata,context
fraction_squared__metadata__position__RB,metadata,context
fraction_squared__metadata__position__FB,metadata,context
fraction_squared__metadata__position__WR,metadata,context
fraction_squared__metadata__position__TE,metadata,context
fraction_squared__metadata__position__T,metadata,context
fraction_squared__metadata__position__G,metadata,context
fraction_squared__metadata__position__C,metadata,context
fraction_squared__metadata__position__DE,metadata,context
fraction_squared__metadata__position__DT,metadata,context
fraction_squared__metadata__position__NT,metadata,context
fraction_squared__metadata__position__OLB,metadata,context
fraction_squared__metadata__position__ILB,metadata,context
fraction_squared__metadata__position__MLB,metadata,context
fraction_squared__metadata__position__LB,metadata,context
fraction_squared__metadata__position__CB,metadata,context
fraction_squared__metadata__position__FS,metadata,context
fraction_squared__metadata__position__SS,metadata,context
fraction_squared__metadata__position__S,metadata,context
fraction_squared__metadata__position__Unknown,metadata,context
fraction_squared__robust03__vx__median,robust_history,context
fraction_squared__robust03__vx__iqr,robust_history,context
fraction_squared__robust03__vx__tail_span,robust_history,context
fraction_squared__robust03__vy__median,robust_history,context
fraction_squared__robust03__vy__iqr,robust_history,context
fraction_squared__robust03__vy__tail_span,robust_history,context
fraction_squared__robust03__speed__median,robust_history,context
fraction_squared__robust03__speed__iqr,robust_history,context
fraction_squared__robust03__speed__tail_span,robust_history,context
fraction_squared__robust03__acceleration__median,robust_history,context
fraction_squared__robust03__acceleration__iqr,robust_history,context
fraction_squared__robust03__acceleration__tail_span,robust_history,context
fraction_squared__robust03__closing_speed__median,robust_history,context
fraction_squared__robust03__closing_speed__iqr,robust_history,context
fraction_squared__robust03__closing_speed__tail_span,robust_history,context
fraction_squared__robust03__lateral_speed__median,robust_history,context
fraction_squared__robust03__lateral_speed__iqr,robust_history,context
fraction_squared__robust03__lateral_speed__tail_span,robust_history,context
fraction_squared__robust03__radial_acceleration__median,robust_history,context
fraction_squared__robust03__radial_acceleration__iqr,robust_history,context
fraction_squared__robust03__radial_acceleration__tail_span,robust_history,context
fraction_squared__robust03__lateral_acceleration__median,robust_history,context
fraction_squared__robust03__lateral_acceleration__iqr,robust_history,context
fraction_squared__robust03__lateral_acceleration__tail_span,robust_history,context
fraction_squared__robust03__turn_rate__median,robust_history,context
fraction_squared__robust03__turn_rate__iqr,robust_history,context
fraction_squared__robust03__turn_rate__tail_span,robust_history,context
fraction_squared__robust03__jerk__median,robust_history,context
fraction_squared__robust03__jerk__iqr,robust_history,context
fraction_squared__robust03__jerk__tail_span,robust_history,context
fraction_squared__robust03__ball_distance__median,robust_history,context
fraction_squared__robust03__ball_distance__iqr,robust_history,context
fraction_squared__robust03__ball_distance__tail_span,robust_history,context
fraction_squared__robust03__ball_ux__median,robust_history,context
fraction_squared__robust03__ball_ux__iqr,robust_history,context
fraction_squared__robust03__ball_ux__tail_span,robust_history,context
fraction_squared__robust08__vx__median,robust_history,context
fraction_squared__robust08__vx__iqr,robust_history,context
fraction_squared__robust08__vx__tail_span,robust_history,context
fraction_squared__robust08__vy__median,robust_history,context
fraction_squared__robust08__vy__iqr,robust_history,context
fraction_squared__robust08__vy__tail_span,robust_history,context
fraction_squared__robust08__speed__median,robust_history,context
fraction_squared__robust08__speed__iqr,robust_history,context
fraction_squared__robust08__speed__tail_span,robust_history,context
fraction_squared__robust08__acceleration__median,robust_history,context
fraction_squared__robust08__acceleration__iqr,robust_history,context
fraction_squared__robust08__acceleration__tail_span,robust_history,context
fraction_squared__robust08__closing_speed__median,robust_history,context
fraction_squared__robust08__closing_speed__iqr,robust_history,context
fraction_squared__robust08__closing_speed__tail_span,robust_history,context
fraction_squared__robust08__lateral_speed__median,robust_history,context
fraction_squared__robust08__lateral_speed__iqr,robust_history,context
fraction_squared__robust08__lateral_speed__tail_span,robust_history,context
fraction_squared__robust08__radial_acceleration__median,robust_history,context
fraction_squared__robust08__radial_acceleration__iqr,robust_history,context
fraction_squared__robust08__radial_acceleration__tail_span,robust_history,context
fraction_squared__robust08__lateral_acceleration__median,robust_history,context
fraction_squared__robust08__lateral_acceleration__iqr,robust_history,context
fraction_squared__robust08__lateral_acceleration__tail_span,robust_history,context
fraction_squared__robust08__turn_rate__median,robust_history,context
fraction_squared__robust08__turn_rate__iqr,robust_history,context
fraction_squared__robust08__turn_rate__tail_span,robust_history,context
fraction_squared__robust08__jerk__median,robust_history,context
fraction_squared__robust08__jerk__iqr,robust_history,context
fraction_squared__robust08__jerk__tail_span,robust_history,context
fraction_squared__robust08__ball_distance__median,robust_history,context
fraction_squared__robust08__ball_distance__iqr,robust_history,context
fraction_squared__robust08__ball_distance__tail_span,robust_history,context
fraction_squared__robust08__ball_ux__median,robust_history,context
fraction_squared__robust08__ball_ux__iqr,robust_history,context
fraction_squared__robust08__ball_ux__tail_span,robust_history,context
fraction_squared__robust20__vx__median,robust_history,context
fraction_squared__robust20__vx__iqr,robust_history,context
fraction_squared__robust20__vx__tail_span,robust_history,context
fraction_squared__robust20__vy__median,robust_history,context
fraction_squared__robust20__vy__iqr,robust_history,context
fraction_squared__robust20__vy__tail_span,robust_history,context
fraction_squared__robust20__speed__median,robust_history,context
fraction_squared__robust20__speed__iqr,robust_history,context
fraction_squared__robust20__speed__tail_span,robust_history,context
fraction_squared__robust20__acceleration__median,robust_history,context
fraction_squared__robust20__acceleration__iqr,robust_history,context
fraction_squared__robust20__acceleration__tail_span,robust_history,context
fraction_squared__robust20__closing_speed__median,robust_history,context
fraction_squared__robust20__closing_speed__iqr,robust_history,context
fraction_squared__robust20__closing_speed__tail_span,robust_history,context
fraction_squared__robust20__lateral_speed__median,robust_history,context
fraction_squared__robust20__lateral_speed__iqr,robust_history,context
fraction_squared__robust20__lateral_speed__tail_span,robust_history,context
fraction_squared__robust20__radial_acceleration__median,robust_history,context
fraction_squared__robust20__radial_acceleration__iqr,robust_history,context
fraction_squared__robust20__radial_acceleration__tail_span,robust_history,context
fraction_squared__robust20__lateral_acceleration__median,robust_history,context
fraction_squared__robust20__lateral_acceleration__iqr,robust_history,context
fraction_squared__robust20__lateral_acceleration__tail_span,robust_history,context
fraction_squared__robust20__turn_rate__median,robust_history,context
fraction_squared__robust20__turn_rate__iqr,robust_history,context
fraction_squared__robust20__turn_rate__tail_span,robust_history,context
fraction_squared__robust20__jerk__median,robust_history,context
fraction_squared__robust20__jerk__iqr,robust_history,context
fraction_squared__robust20__jerk__tail_span,robust_history,context
fraction_squared__robust20__ball_distance__median,robust_history,context
fraction_squared__robust20__ball_distance__iqr,robust_history,context
fraction_squared__robust20__ball_distance__tail_span,robust_history,context
fraction_squared__robust20__ball_ux__median,robust_history,context
fraction_squared__robust20__ball_ux__iqr,robust_history,context
fraction_squared__robust20__ball_ux__tail_span,robust_history,context
fraction_squared__robust40__vx__median,robust_history,context
fraction_squared__robust40__vx__iqr,robust_history,context
fraction_squared__robust40__vx__tail_span,robust_history,context
fraction_squared__robust40__vy__median,robust_history,context
fraction_squared__robust40__vy__iqr,robust_history,context
fraction_squared__robust40__vy__tail_span,robust_history,context
fraction_squared__robust40__speed__median,robust_history,context
fraction_squared__robust40__speed__iqr,robust_history,context
fraction_squared__robust40__speed__tail_span,robust_history,context
fraction_squared__robust40__acceleration__median,robust_history,context
fraction_squared__robust40__acceleration__iqr,robust_history,context
fraction_squared__robust40__acceleration__tail_span,robust_history,context
fraction_squared__robust40__closing_speed__median,robust_history,context
fraction_squared__robust40__closing_speed__iqr,robust_history,context
fraction_squared__robust40__closing_speed__tail_span,robust_history,context
fraction_squared__robust40__lateral_speed__median,robust_history,context
fraction_squared__robust40__lateral_speed__iqr,robust_history,context
fraction_squared__robust40__lateral_speed__tail_span,robust_history,context
fraction_squared__robust40__radial_acceleration__median,robust_history,context
fraction_squared__robust40__radial_acceleration__iqr,robust_history,context
fraction_squared__robust40__radial_acceleration__tail_span,robust_history,context
fraction_squared__robust40__lateral_acceleration__median,robust_history,context
fraction_squared__robust40__lateral_acceleration__iqr,robust_history,context
fraction_squared__robust40__lateral_acceleration__tail_span,robust_history,context
fraction_squared__robust40__turn_rate__median,robust_history,context
fraction_squared__robust40__turn_rate__iqr,robust_history,context
fraction_squared__robust40__turn_rate__tail_span,robust_history,context
fraction_squared__robust40__jerk__median,robust_history,context
fraction_squared__robust40__jerk__iqr,robust_history,context
fraction_squared__robust40__jerk__tail_span,robust_history,context
fraction_squared__robust40__ball_distance__median,robust_history,context
fraction_squared__robust40__ball_distance__iqr,robust_history,context
fraction_squared__robust40__ball_distance__tail_span,robust_history,context
fraction_squared__robust40__ball_ux__median,robust_history,context
fraction_squared__robust40__ball_ux__iqr,robust_history,context
fraction_squared__robust40__ball_ux__tail_span,robust_history,context
fraction_squared__matched__opponent1__w03__dx__mean,matched_history,context
fraction_squared__matched__opponent1__w03__dx__std,matched_history,context
fraction_squared__matched__opponent1__w03__dx__change,matched_history,context
fraction_squared__matched__opponent1__w03__dy__mean,matched_history,context
fraction_squared__matched__opponent1__w03__dy__std,matched_history,context
fraction_squared__matched__opponent1__w03__dy__change,matched_history,context
fraction_squared__matched__opponent1__w03__distance__mean,matched_history,context
fraction_squared__matched__opponent1__w03__distance__std,matched_history,context
fraction_squared__matched__opponent1__w03__distance__change,matched_history,context
fraction_squared__matched__opponent1__w03__dvx__mean,matched_history,context
fraction_squared__matched__opponent1__w03__dvx__std,matched_history,context
fraction_squared__matched__opponent1__w03__dvx__change,matched_history,context
fraction_squared__matched__opponent1__w03__dvy__mean,matched_history,context
fraction_squared__matched__opponent1__w03__dvy__std,matched_history,context
fraction_squared__matched__opponent1__w03__dvy__change,matched_history,context
fraction_squared__matched__opponent1__w03__closing__mean,matched_history,context
fraction_squared__matched__opponent1__w03__closing__std,matched_history,context
fraction_squared__matched__opponent1__w03__closing__change,matched_history,context
fraction_squared__matched__opponent1__w08__dx__mean,matched_history,context
fraction_squared__matched__opponent1__w08__dx__std,matched_history,context
fraction_squared__matched__opponent1__w08__dx__change,matched_history,context
fraction_squared__matched__opponent1__w08__dy__mean,matched_history,context
fraction_squared__matched__opponent1__w08__dy__std,matched_history,context
fraction_squared__matched__opponent1__w08__dy__change,matched_history,context
fraction_squared__matched__opponent1__w08__distance__mean,matched_history,context
fraction_squared__matched__opponent1__w08__distance__std,matched_history,context
fraction_squared__matched__opponent1__w08__distance__change,matched_history,context
fraction_squared__matched__opponent1__w08__dvx__mean,matched_history,context
fraction_squared__matched__opponent1__w08__dvx__std,matched_history,context
fraction_squared__matched__opponent1__w08__dvx__change,matched_history,context
fraction_squared__matched__opponent1__w08__dvy__mean,matched_history,context
fraction_squared__matched__opponent1__w08__dvy__std,matched_history,context
fraction_squared__matched__opponent1__w08__dvy__change,matched_history,context
fraction_squared__matched__opponent1__w08__closing__mean,matched_history,context
fraction_squared__matched__opponent1__w08__closing__std,matched_history,context
fraction_squared__matched__opponent1__w08__closing__change,matched_history,context
fraction_squared__matched__opponent1__w20__dx__mean,matched_history,context
fraction_squared__matched__opponent1__w20__dx__std,matched_history,context
fraction_squared__matched__opponent1__w20__dx__change,matched_history,context
fraction_squared__matched__opponent1__w20__dy__mean,matched_history,context
fraction_squared__matched__opponent1__w20__dy__std,matched_history,context
fraction_squared__matched__opponent1__w20__dy__change,matched_history,context
fraction_squared__matched__opponent1__w20__distance__mean,matched_history,context
fraction_squared__matched__opponent1__w20__distance__std,matched_history,context
fraction_squared__matched__opponent1__w20__distance__change,matched_history,context
fraction_squared__matched__opponent1__w20__dvx__mean,matched_history,context
fraction_squared__matched__opponent1__w20__dvx__std,matched_history,context
fraction_squared__matched__opponent1__w20__dvx__change,matched_history,context
fraction_squared__matched__opponent1__w20__dvy__mean,matched_history,context
fraction_squared__matched__opponent1__w20__dvy__std,matched_history,context
fraction_squared__matched__opponent1__w20__dvy__change,matched_history,context
fraction_squared__matched__opponent1__w20__closing__mean,matched_history,context
fraction_squared__matched__opponent1__w20__closing__std,matched_history,context
fraction_squared__matched__opponent1__w20__closing__change,matched_history,context
fraction_squared__matched__opponent2__w03__dx__mean,matched_history,context
fraction_squared__matched__opponent2__w03__dx__std,matched_history,context
fraction_squared__matched__opponent2__w03__dx__change,matched_history,context
fraction_squared__matched__opponent2__w03__dy__mean,matched_history,context
fraction_squared__matched__opponent2__w03__dy__std,matched_history,context
fraction_squared__matched__opponent2__w03__dy__change,matched_history,context
fraction_squared__matched__opponent2__w03__distance__mean,matched_history,context
fraction_squared__matched__opponent2__w03__distance__std,matched_history,context
fraction_squared__matched__opponent2__w03__distance__change,matched_history,context
fraction_squared__matched__opponent2__w03__dvx__mean,matched_history,context
fraction_squared__matched__opponent2__w03__dvx__std,matched_history,context
fraction_squared__matched__opponent2__w03__dvx__change,matched_history,context
fraction_squared__matched__opponent2__w03__dvy__mean,matched_history,context
fraction_squared__matched__opponent2__w03__dvy__std,matched_history,context
fraction_squared__matched__opponent2__w03__dvy__change,matched_history,context
fraction_squared__matched__opponent2__w03__closing__mean,matched_history,context
fraction_squared__matched__opponent2__w03__closing__std,matched_history,context
fraction_squared__matched__opponent2__w03__closing__change,matched_history,context
fraction_squared__matched__opponent2__w08__dx__mean,matched_history,context
fraction_squared__matched__opponent2__w08__dx__std,matched_history,context
fraction_squared__matched__opponent2__w08__dx__change,matched_history,context
fraction_squared__matched__opponent2__w08__dy__mean,matched_history,context
fraction_squared__matched__opponent2__w08__dy__std,matched_history,context
fraction_squared__matched__opponent2__w08__dy__change,matched_history,context
fraction_squared__matched__opponent2__w08__distance__mean,matched_history,context
fraction_squared__matched__opponent2__w08__distance__std,matched_history,context
fraction_squared__matched__opponent2__w08__distance__change,matched_history,context
fraction_squared__matched__opponent2__w08__dvx__mean,matched_history,context
fraction_squared__matched__opponent2__w08__dvx__std,matched_history,context
fraction_squared__matched__opponent2__w08__dvx__change,matched_history,context
fraction_squared__matched__opponent2__w08__dvy__mean,matched_history,context
fraction_squared__matched__opponent2__w08__dvy__std,matched_history,context
fraction_squared__matched__opponent2__w08__dvy__change,matched_history,context
fraction_squared__matched__opponent2__w08__closing__mean,matched_history,context
fraction_squared__matched__opponent2__w08__closing__std,matched_history,context
fraction_squared__matched__opponent2__w08__closing__change,matched_history,context
fraction_squared__matched__opponent2__w20__dx__mean,matched_history,context
fraction_squared__matched__opponent2__w20__dx__std,matched_history,context
fraction_squared__matched__opponent2__w20__dx__change,matched_history,context
fraction_squared__matched__opponent2__w20__dy__mean,matched_history,context
fraction_squared__matched__opponent2__w20__dy__std,matched_history,context
fraction_squared__matched__opponent2__w20__dy__change,matched_history,context
fraction_squared__matched__opponent2__w20__distance__mean,matched_history,context
fraction_squared__matched__opponent2__w20__distance__std,matched_history,context
fraction_squared__matched__opponent2__w20__distance__change,matched_history,context
fraction_squared__matched__opponent2__w20__dvx__mean,matched_history,context
fraction_squared__matched__opponent2__w20__dvx__std,matched_history,context
fraction_squared__matched__opponent2__w20__dvx__change,matched_history,context
fraction_squared__matched__opponent2__w20__dvy__mean,matched_history,context
fraction_squared__matched__opponent2__w20__dvy__std,matched_history,context
fraction_squared__matched__opponent2__w20__dvy__change,matched_history,context
fraction_squared__matched__opponent2__w20__closing__mean,matched_history,context
fraction_squared__matched__opponent2__w20__closing__std,matched_history,context
fraction_squared__matched__opponent2__w20__closing__change,matched_history,context
fraction_squared__matched__receiver__w03__dx__mean,matched_history,context
fraction_squared__matched__receiver__w03__dx__std,matched_history,context
fraction_squared__matched__receiver__w03__dx__change,matched_history,context
fraction_squared__matched__receiver__w03__dy__mean,matched_history,context
fraction_squared__matched__receiver__w03__dy__std,matched_history,context
fraction_squared__matched__receiver__w03__dy__change,matched_history,context
fraction_squared__matched__receiver__w03__distance__mean,matched_history,context
fraction_squared__matched__receiver__w03__distance__std,matched_history,context
fraction_squared__matched__receiver__w03__distance__change,matched_history,context
fraction_squared__matched__receiver__w03__dvx__mean,matched_history,context
fraction_squared__matched__receiver__w03__dvx__std,matched_history,context
fraction_squared__matched__receiver__w03__dvx__change,matched_history,context
fraction_squared__matched__receiver__w03__dvy__mean,matched_history,context
fraction_squared__matched__receiver__w03__dvy__std,matched_history,context
fraction_squared__matched__receiver__w03__dvy__change,matched_history,context
fraction_squared__matched__receiver__w03__closing__mean,matched_history,context
fraction_squared__matched__receiver__w03__closing__std,matched_history,context
fraction_squared__matched__receiver__w03__closing__change,matched_history,context
fraction_squared__matched__receiver__w08__dx__mean,matched_history,context
fraction_squared__matched__receiver__w08__dx__std,matched_history,context
fraction_squared__matched__receiver__w08__dx__change,matched_history,context
fraction_squared__matched__receiver__w08__dy__mean,matched_history,context
fraction_squared__matched__receiver__w08__dy__std,matched_history,context
fraction_squared__matched__receiver__w08__dy__change,matched_history,context
fraction_squared__matched__receiver__w08__distance__mean,matched_history,context
fraction_squared__matched__receiver__w08__distance__std,matched_history,context
fraction_squared__matched__receiver__w08__distance__change,matched_history,context
fraction_squared__matched__receiver__w08__dvx__mean,matched_history,context
fraction_squared__matched__receiver__w08__dvx__std,matched_history,context
fraction_squared__matched__receiver__w08__dvx__change,matched_history,context
fraction_squared__matched__receiver__w08__dvy__mean,matched_history,context
fraction_squared__matched__receiver__w08__dvy__std,matched_history,context
fraction_squared__matched__receiver__w08__dvy__change,matched_history,context
fraction_squared__matched__receiver__w08__closing__mean,matched_history,context
fraction_squared__matched__receiver__w08__closing__std,matched_history,context
fraction_squared__matched__receiver__w08__closing__change,matched_history,context
fraction_squared__matched__receiver__w20__dx__mean,matched_history,context
fraction_squared__matched__receiver__w20__dx__std,matched_history,context
fraction_squared__matched__receiver__w20__dx__change,matched_history,context
fraction_squared__matched__receiver__w20__dy__mean,matched_history,context
fraction_squared__matched__receiver__w20__dy__std,matched_history,context
fraction_squared__matched__receiver__w20__dy__change,matched_history,context
fraction_squared__matched__receiver__w20__distance__mean,matched_history,context
fraction_squared__matched__receiver__w20__distance__std,matched_history,context
fraction_squared__matched__receiver__w20__distance__change,matched_history,context
fraction_squared__matched__receiver__w20__dvx__mean,matched_history,context
fraction_squared__matched__receiver__w20__dvx__std,matched_history,context
fraction_squared__matched__receiver__w20__dvx__change,matched_history,context
fraction_squared__matched__receiver__w20__dvy__mean,matched_history,context
fraction_squared__matched__receiver__w20__dvy__std,matched_history,context
fraction_squared__matched__receiver__w20__dvy__change,matched_history,context
fraction_squared__matched__receiver__w20__closing__mean,matched_history,context
fraction_squared__matched__receiver__w20__closing__std,matched_history,context
fraction_squared__matched__receiver__w20__closing__change,matched_history,context
fraction_squared__matched__opponent1__w03__coverage,matched_history,context
fraction_squared__matched__opponent1__w08__coverage,matched_history,context
fraction_squared__matched__opponent1__w20__coverage,matched_history,context
fraction_squared__matched__opponent2__w03__coverage,matched_history,context
fraction_squared__matched__opponent2__w08__coverage,matched_history,context
fraction_squared__matched__opponent2__w20__coverage,matched_history,context
fraction_squared__matched__receiver__w03__coverage,matched_history,context
fraction_squared__matched__receiver__w08__coverage,matched_history,context
fraction_squared__matched__receiver__w20__coverage,matched_history,context
fraction_squared__peer__speed__side_percentile,peer_context,context
fraction_squared__peer__speed__side_difference,peer_context,context
fraction_squared__peer__speed__play_percentile,peer_context,context
fraction_squared__peer__ball_distance__side_percentile,peer_context,context
fraction_squared__peer__ball_distance__side_difference,peer_context,context
fraction_squared__peer__ball_distance__play_percentile,peer_context,context
fraction_squared__peer__x__side_percentile,peer_context,context
fraction_squared__peer__x__side_difference,peer_context,context
fraction_squared__peer__x__play_percentile,peer_context,context
fraction_squared__peer__y__side_percentile,peer_context,context
fraction_squared__peer__y__side_difference,peer_context,context
fraction_squared__peer__y__play_percentile,peer_context,context
fraction_squared__reach__required_vx,reachability,context
fraction_squared__reach__required_vy,reachability,context
fraction_squared__reach__required_ax,reachability,context
fraction_squared__reach__required_ay,reachability,context
fraction_squared__reach__required_speed,reachability,context
fraction_squared__reach__speed_margin,reachability,context
fraction_squared__reach__heading_cross,reachability,context
fraction_squared__reach__reported_vx_gap,reachability,context
fraction_squared__reach__reported_vy_gap,reachability,context
fraction_squared__reach__within_3yps,reachability,context
fraction_squared__reach__within_6yps,reachability,context
fraction_squared__reach__within_9yps,reachability,context
fraction_squared__reach__within_12yps,reachability,context
level__pool__teammate__2yd__dx__mean,graph_pool,representation
level__pool__teammate__2yd__dx__std,graph_pool,representation
level__pool__teammate__2yd__dy__mean,graph_pool,representation
level__pool__teammate__2yd__dy__std,graph_pool,representation
level__pool__teammate__2yd__dvx__mean,graph_pool,representation
level__pool__teammate__2yd__dvx__std,graph_pool,representation
level__pool__teammate__2yd__dvy__mean,graph_pool,representation
level__pool__teammate__2yd__dvy__std,graph_pool,representation
level__pool__teammate__2yd__closing_speed__mean,graph_pool,representation
level__pool__teammate__2yd__closing_speed__std,graph_pool,representation
level__pool__teammate__2yd__closest_distance__mean,graph_pool,representation
level__pool__teammate__2yd__closest_distance__std,graph_pool,representation
level__pool__teammate__2yd__ball_distance_advantage__mean,graph_pool,representation
level__pool__teammate__2yd__ball_distance_advantage__std,graph_pool,representation
level__pool__teammate__2yd__heading_alignment__mean,graph_pool,representation
level__pool__teammate__2yd__heading_alignment__std,graph_pool,representation
level__pool__teammate__2yd__age_seconds__mean,graph_pool,representation
level__pool__teammate__2yd__age_seconds__std,graph_pool,representation
level__pool__teammate__2yd__relative_speed__mean,graph_pool,representation
level__pool__teammate__2yd__relative_speed__std,graph_pool,representation
level__pool__teammate__2yd__weight_sum,graph_pool,representation
level__pool__teammate__2yd__effective_neighbours,graph_pool,representation
level__pool__teammate__5yd__dx__mean,graph_pool,representation
level__pool__teammate__5yd__dx__std,graph_pool,representation
level__pool__teammate__5yd__dy__mean,graph_pool,representation
level__pool__teammate__5yd__dy__std,graph_pool,representation
level__pool__teammate__5yd__dvx__mean,graph_pool,representation
level__pool__teammate__5yd__dvx__std,graph_pool,representation
level__pool__teammate__5yd__dvy__mean,graph_pool,representation
level__pool__teammate__5yd__dvy__std,graph_pool,representation
level__pool__teammate__5yd__closing_speed__mean,graph_pool,representation
level__pool__teammate__5yd__closing_speed__std,graph_pool,representation
level__pool__teammate__5yd__closest_distance__mean,graph_pool,representation
level__pool__teammate__5yd__closest_distance__std,graph_pool,representation
level__pool__teammate__5yd__ball_distance_advantage__mean,graph_pool,representation
level__pool__teammate__5yd__ball_distance_advantage__std,graph_pool,representation
level__pool__teammate__5yd__heading_alignment__mean,graph_pool,representation
level__pool__teammate__5yd__heading_alignment__std,graph_pool,representation
level__pool__teammate__5yd__age_seconds__mean,graph_pool,representation
level__pool__teammate__5yd__age_seconds__std,graph_pool,representation
level__pool__teammate__5yd__relative_speed__mean,graph_pool,representation
level__pool__teammate__5yd__relative_speed__std,graph_pool,representation
level__pool__teammate__5yd__weight_sum,graph_pool,representation
level__pool__teammate__5yd__effective_neighbours,graph_pool,representation
level__pool__teammate__10yd__dx__mean,graph_pool,representation
level__pool__teammate__10yd__dx__std,graph_pool,representation
level__pool__teammate__10yd__dy__mean,graph_pool,representation
level__pool__teammate__10yd__dy__std,graph_pool,representation
level__pool__teammate__10yd__dvx__mean,graph_pool,representation
level__pool__teammate__10yd__dvx__std,graph_pool,representation
level__pool__teammate__10yd__dvy__mean,graph_pool,representation
level__pool__teammate__10yd__dvy__std,graph_pool,representation
level__pool__teammate__10yd__closing_speed__mean,graph_pool,representation
level__pool__teammate__10yd__closing_speed__std,graph_pool,representation
level__pool__teammate__10yd__closest_distance__mean,graph_pool,representation
level__pool__teammate__10yd__closest_distance__std,graph_pool,representation
level__pool__teammate__10yd__ball_distance_advantage__mean,graph_pool,representation
level__pool__teammate__10yd__ball_distance_advantage__std,graph_pool,representation
level__pool__teammate__10yd__heading_alignment__mean,graph_pool,representation
level__pool__teammate__10yd__heading_alignment__std,graph_pool,representation
level__pool__teammate__10yd__age_seconds__mean,graph_pool,representation
level__pool__teammate__10yd__age_seconds__std,graph_pool,representation
level__pool__teammate__10yd__relative_speed__mean,graph_pool,representation
level__pool__teammate__10yd__relative_speed__std,graph_pool,representation
level__pool__teammate__10yd__weight_sum,graph_pool,representation
level__pool__teammate__10yd__effective_neighbours,graph_pool,representation
level__pool__teammate__20yd__dx__mean,graph_pool,representation
level__pool__teammate__20yd__dx__std,graph_pool,representation
level__pool__teammate__20yd__dy__mean,graph_pool,representation
level__pool__teammate__20yd__dy__std,graph_pool,representation
level__pool__teammate__20yd__dvx__mean,graph_pool,representation
level__pool__teammate__20yd__dvx__std,graph_pool,representation
level__pool__teammate__20yd__dvy__mean,graph_pool,representation
level__pool__teammate__20yd__dvy__std,graph_pool,representation
level__pool__teammate__20yd__closing_speed__mean,graph_pool,representation
level__pool__teammate__20yd__closing_speed__std,graph_pool,representation
level__pool__teammate__20yd__closest_distance__mean,graph_pool,representation
level__pool__teammate__20yd__closest_distance__std,graph_pool,representation
level__pool__teammate__20yd__ball_distance_advantage__mean,graph_pool,representation
level__pool__teammate__20yd__ball_distance_advantage__std,graph_pool,representation
level__pool__teammate__20yd__heading_alignment__mean,graph_pool,representation
level__pool__teammate__20yd__heading_alignment__std,graph_pool,representation
level__pool__teammate__20yd__age_seconds__mean,graph_pool,representation
level__pool__teammate__20yd__age_seconds__std,graph_pool,representation
level__pool__teammate__20yd__relative_speed__mean,graph_pool,representation
level__pool__teammate__20yd__relative_speed__std,graph_pool,representation
level__pool__teammate__20yd__weight_sum,graph_pool,representation
level__pool__teammate__20yd__effective_neighbours,graph_pool,representation
level__pool__opponent__2yd__dx__mean,graph_pool,representation
level__pool__opponent__2yd__dx__std,graph_pool,representation
level__pool__opponent__2yd__dy__mean,graph_pool,representation
level__pool__opponent__2yd__dy__std,graph_pool,representation
level__pool__opponent__2yd__dvx__mean,graph_pool,representation
level__pool__opponent__2yd__dvx__std,graph_pool,representation
level__pool__opponent__2yd__dvy__mean,graph_pool,representation
level__pool__opponent__2yd__dvy__std,graph_pool,representation
level__pool__opponent__2yd__closing_speed__mean,graph_pool,representation
level__pool__opponent__2yd__closing_speed__std,graph_pool,representation
level__pool__opponent__2yd__closest_distance__mean,graph_pool,representation
level__pool__opponent__2yd__closest_distance__std,graph_pool,representation
level__pool__opponent__2yd__ball_distance_advantage__mean,graph_pool,representation
level__pool__opponent__2yd__ball_distance_advantage__std,graph_pool,representation
level__pool__opponent__2yd__heading_alignment__mean,graph_pool,representation
level__pool__opponent__2yd__heading_alignment__std,graph_pool,representation
level__pool__opponent__2yd__age_seconds__mean,graph_pool,representation
level__pool__opponent__2yd__age_seconds__std,graph_pool,representation
level__pool__opponent__2yd__relative_speed__mean,graph_pool,representation
level__pool__opponent__2yd__relative_speed__std,graph_pool,representation
level__pool__opponent__2yd__weight_sum,graph_pool,representation
level__pool__opponent__2yd__effective_neighbours,graph_pool,representation
level__pool__opponent__5yd__dx__mean,graph_pool,representation
level__pool__opponent__5yd__dx__std,graph_pool,representation
level__pool__opponent__5yd__dy__mean,graph_pool,representation
level__pool__opponent__5yd__dy__std,graph_pool,representation
level__pool__opponent__5yd__dvx__mean,graph_pool,representation
level__pool__opponent__5yd__dvx__std,graph_pool,representation
level__pool__opponent__5yd__dvy__mean,graph_pool,representation
level__pool__opponent__5yd__dvy__std,graph_pool,representation
level__pool__opponent__5yd__closing_speed__mean,graph_pool,representation
level__pool__opponent__5yd__closing_speed__std,graph_pool,representation
level__pool__opponent__5yd__closest_distance__mean,graph_pool,representation
level__pool__opponent__5yd__closest_distance__std,graph_pool,representation
level__pool__opponent__5yd__ball_distance_advantage__mean,graph_pool,representation
level__pool__opponent__5yd__ball_distance_advantage__std,graph_pool,representation
level__pool__opponent__5yd__heading_alignment__mean,graph_pool,representation
level__pool__opponent__5yd__heading_alignment__std,graph_pool,representation
level__pool__opponent__5yd__age_seconds__mean,graph_pool,representation
level__pool__opponent__5yd__age_seconds__std,graph_pool,representation
level__pool__opponent__5yd__relative_speed__mean,graph_pool,representation
level__pool__opponent__5yd__relative_speed__std,graph_pool,representation
level__pool__opponent__5yd__weight_sum,graph_pool,representation
level__pool__opponent__5yd__effective_neighbours,graph_pool,representation
level__pool__opponent__10yd__dx__mean,graph_pool,representation
level__pool__opponent__10yd__dx__std,graph_pool,representation
level__pool__opponent__10yd__dy__mean,graph_pool,representation
level__pool__opponent__10yd__dy__std,graph_pool,representation
level__pool__opponent__10yd__dvx__mean,graph_pool,representation
level__pool__opponent__10yd__dvx__std,graph_pool,representation
level__pool__opponent__10yd__dvy__mean,graph_pool,representation
level__pool__opponent__10yd__dvy__std,graph_pool,representation
level__pool__opponent__10yd__closing_speed__mean,graph_pool,representation
level__pool__opponent__10yd__closing_speed__std,graph_pool,representation
level__pool__opponent__10yd__closest_distance__mean,graph_pool,representation
level__pool__opponent__10yd__closest_distance__std,graph_pool,representation
level__pool__opponent__10yd__ball_distance_advantage__mean,graph_pool,representation
level__pool__opponent__10yd__ball_distance_advantage__std,graph_pool,representation
level__pool__opponent__10yd__heading_alignment__mean,graph_pool,representation
level__pool__opponent__10yd__heading_alignment__std,graph_pool,representation
level__pool__opponent__10yd__age_seconds__mean,graph_pool,representation
level__pool__opponent__10yd__age_seconds__std,graph_pool,representation
level__pool__opponent__10yd__relative_speed__mean,graph_pool,representation
level__pool__opponent__10yd__relative_speed__std,graph_pool,representation
level__pool__opponent__10yd__weight_sum,graph_pool,representation
level__pool__opponent__10yd__effective_neighbours,graph_pool,representation
level__pool__opponent__20yd__dx__mean,graph_pool,representation
level__pool__opponent__20yd__dx__std,graph_pool,representation
level__pool__opponent__20yd__dy__mean,graph_pool,representation
level__pool__opponent__20yd__dy__std,graph_pool,representation
level__pool__opponent__20yd__dvx__mean,graph_pool,representation
level__pool__opponent__20yd__dvx__std,graph_pool,representation
level__pool__opponent__20yd__dvy__mean,graph_pool,representation
level__pool__opponent__20yd__dvy__std,graph_pool,representation
level__pool__opponent__20yd__closing_speed__mean,graph_pool,representation
level__pool__opponent__20yd__closing_speed__std,graph_pool,representation
level__pool__opponent__20yd__closest_distance__mean,graph_pool,representation
level__pool__opponent__20yd__closest_distance__std,graph_pool,representation
level__pool__opponent__20yd__ball_distance_advantage__mean,graph_pool,representation
level__pool__opponent__20yd__ball_distance_advantage__std,graph_pool,representation
level__pool__opponent__20yd__heading_alignment__mean,graph_pool,representation
level__pool__opponent__20yd__heading_alignment__std,graph_pool,representation
level__pool__opponent__20yd__age_seconds__mean,graph_pool,representation
level__pool__opponent__20yd__age_seconds__std,graph_pool,representation
level__pool__opponent__20yd__relative_speed__mean,graph_pool,representation
level__pool__opponent__20yd__relative_speed__std,graph_pool,representation
level__pool__opponent__20yd__weight_sum,graph_pool,representation
level__pool__opponent__20yd__effective_neighbours,graph_pool,representation
level__destination__ball__dx,role_destination,representation
level__destination__ball__dy,role_destination,representation
level__destination__ball__vx,role_destination,representation
level__destination__ball__vy,role_destination,representation
level__destination__ball__velocity_gap_x,role_destination,representation
level__destination__ball__velocity_gap_y,role_destination,representation
level__destination__ball__ax,role_destination,representation
level__destination__ball__ay,role_destination,representation
level__destination__ball__speed,role_destination,representation
level__destination__ball__alignment,role_destination,representation
level__destination__receiver__dx,role_destination,representation
level__destination__receiver__dy,role_destination,representation
level__destination__receiver__vx,role_destination,representation
level__destination__receiver__vy,role_destination,representation
level__destination__receiver__velocity_gap_x,role_destination,representation
level__destination__receiver__velocity_gap_y,role_destination,representation
level__destination__receiver__ax,role_destination,representation
level__destination__receiver__ay,role_destination,representation
level__destination__receiver__speed,role_destination,representation
level__destination__receiver__alignment,role_destination,representation
level__destination__opponent1__dx,role_destination,representation
level__destination__opponent1__dy,role_destination,representation
level__destination__opponent1__vx,role_destination,representation
level__destination__opponent1__vy,role_destination,representation
level__destination__opponent1__velocity_gap_x,role_destination,representation
level__destination__opponent1__velocity_gap_y,role_destination,representation
level__destination__opponent1__ax,role_destination,representation
level__destination__opponent1__ay,role_destination,representation
level__destination__opponent1__speed,role_destination,representation
level__destination__opponent1__alignment,role_destination,representation
level__route_pc00__score,route_representation,representation
level__route_pc00__square,route_representation,representation
level__route_pc00__coverage,route_representation,representation
level__route_pc00__receiver,route_representation,representation
level__route_pc01__score,route_representation,representation
level__route_pc01__square,route_representation,representation
level__route_pc01__coverage,route_representation,representation
level__route_pc01__receiver,route_representation,representation
level__route_pc02__score,route_representation,representation
level__route_pc02__square,route_representation,representation
level__route_pc02__coverage,route_representation,representation
level__route_pc02__receiver,route_representation,representation
level__route_pc03__score,route_representation,representation
level__route_pc03__square,route_representation,representation
level__route_pc03__coverage,route_representation,representation
level__route_pc03__receiver,route_representation,representation
level__route_pc04__score,route_representation,representation
level__route_pc04__square,route_representation,representation
level__route_pc04__coverage,route_representation,representation
level__route_pc04__receiver,route_representation,representation
level__route_pc05__score,route_representation,representation
level__route_pc05__square,route_representation,representation
level__route_pc05__coverage,route_representation,representation
level__route_pc05__receiver,route_representation,representation
level__route_pc06__score,route_representation,representation
level__route_pc06__square,route_representation,representation
level__route_pc06__coverage,route_representation,representation
level__route_pc06__receiver,route_representation,representation
level__route_pc07__score,route_representation,representation
level__route_pc07__square,route_representation,representation
level__route_pc07__coverage,route_representation,representation
level__route_pc07__receiver,route_representation,representation
level__route_pc08__score,route_representation,representation
level__route_pc08__square,route_representation,representation
level__route_pc08__coverage,route_representation,representation
level__route_pc08__receiver,route_representation,representation
level__route_pc09__score,route_representation,representation
level__route_pc09__square,route_representation,representation
level__route_pc09__coverage,route_representation,representation
level__route_pc09__receiver,route_representation,representation
level__route_pc10__score,route_representation,representation
level__route_pc10__square,route_representation,representation
level__route_pc10__coverage,route_representation,representation
level__route_pc10__receiver,route_representation,representation
level__route_pc11__score,route_representation,representation
level__route_pc11__square,route_representation,representation
level__route_pc11__coverage,route_representation,representation
level__route_pc11__receiver,route_representation,representation
level__route_pc12__score,route_representation,representation
level__route_pc12__square,route_representation,representation
level__route_pc12__coverage,route_representation,representation
level__route_pc12__receiver,route_representation,representation
level__route_pc13__score,route_representation,representation
level__route_pc13__square,route_representation,representation
level__route_pc13__coverage,route_representation,representation
level__route_pc13__receiver,route_representation,representation
level__route_pc14__score,route_representation,representation
level__route_pc14__square,route_representation,representation
level__route_pc14__coverage,route_representation,representation
level__route_pc14__receiver,route_representation,representation
level__route_pc15__score,route_representation,representation
level__route_pc15__square,route_representation,representation
level__route_pc15__coverage,route_representation,representation
level__route_pc15__receiver,route_representation,representation
level__route_cluster00__distance,route_representation,representation
level__route_cluster00__affinity,route_representation,representation
level__route_cluster01__distance,route_representation,representation
level__route_cluster01__affinity,route_representation,representation
level__route_cluster02__distance,route_representation,representation
level__route_cluster02__affinity,route_representation,representation
level__route_cluster03__distance,route_representation,representation
level__route_cluster03__affinity,route_representation,representation
level__route_cluster04__distance,route_representation,representation
level__route_cluster04__affinity,route_representation,representation
level__route_cluster05__distance,route_representation,representation
level__route_cluster05__affinity,route_representation,representation
level__route_cluster06__distance,route_representation,representation
level__route_cluster06__affinity,route_representation,representation
level__route_cluster07__distance,route_representation,representation
level__route_cluster07__affinity,route_representation,representation
time__pool__teammate__2yd__dx__mean,graph_pool,representation
time__pool__teammate__2yd__dx__std,graph_pool,representation
time__pool__teammate__2yd__dy__mean,graph_pool,representation
time__pool__teammate__2yd__dy__std,graph_pool,representation
time__pool__teammate__2yd__dvx__mean,graph_pool,representation
time__pool__teammate__2yd__dvx__std,graph_pool,representation
time__pool__teammate__2yd__dvy__mean,graph_pool,representation
time__pool__teammate__2yd__dvy__std,graph_pool,representation
time__pool__teammate__2yd__closing_speed__mean,graph_pool,representation
time__pool__teammate__2yd__closing_speed__std,graph_pool,representation
time__pool__teammate__2yd__closest_distance__mean,graph_pool,representation
time__pool__teammate__2yd__closest_distance__std,graph_pool,representation
time__pool__teammate__2yd__ball_distance_advantage__mean,graph_pool,representation
time__pool__teammate__2yd__ball_distance_advantage__std,graph_pool,representation
time__pool__teammate__2yd__heading_alignment__mean,graph_pool,representation
time__pool__teammate__2yd__heading_alignment__std,graph_pool,representation
time__pool__teammate__2yd__age_seconds__mean,graph_pool,representation
time__pool__teammate__2yd__age_seconds__std,graph_pool,representation
time__pool__teammate__2yd__relative_speed__mean,graph_pool,representation
time__pool__teammate__2yd__relative_speed__std,graph_pool,representation
time__pool__teammate__2yd__weight_sum,graph_pool,representation
time__pool__teammate__2yd__effective_neighbours,graph_pool,representation
time__pool__teammate__5yd__dx__mean,graph_pool,representation
time__pool__teammate__5yd__dx__std,graph_pool,representation
time__pool__teammate__5yd__dy__mean,graph_pool,representation
time__pool__teammate__5yd__dy__std,graph_pool,representation
time__pool__teammate__5yd__dvx__mean,graph_pool,representation
time__pool__teammate__5yd__dvx__std,graph_pool,representation
time__pool__teammate__5yd__dvy__mean,graph_pool,representation
time__pool__teammate__5yd__dvy__std,graph_pool,representation
time__pool__teammate__5yd__closing_speed__mean,graph_pool,representation
time__pool__teammate__5yd__closing_speed__std,graph_pool,representation
time__pool__teammate__5yd__closest_distance__mean,graph_pool,representation
time__pool__teammate__5yd__closest_distance__std,graph_pool,representation
time__pool__teammate__5yd__ball_distance_advantage__mean,graph_pool,representation
time__pool__teammate__5yd__ball_distance_advantage__std,graph_pool,representation
time__pool__teammate__5yd__heading_alignment__mean,graph_pool,representation
time__pool__teammate__5yd__heading_alignment__std,graph_pool,representation
time__pool__teammate__5yd__age_seconds__mean,graph_pool,representation
time__pool__teammate__5yd__age_seconds__std,graph_pool,representation
time__pool__teammate__5yd__relative_speed__mean,graph_pool,representation
time__pool__teammate__5yd__relative_speed__std,graph_pool,representation
time__pool__teammate__5yd__weight_sum,graph_pool,representation
time__pool__teammate__5yd__effective_neighbours,graph_pool,representation
time__pool__teammate__10yd__dx__mean,graph_pool,representation
time__pool__teammate__10yd__dx__std,graph_pool,representation
time__pool__teammate__10yd__dy__mean,graph_pool,representation
time__pool__teammate__10yd__dy__std,graph_pool,representation
time__pool__teammate__10yd__dvx__mean,graph_pool,representation
time__pool__teammate__10yd__dvx__std,graph_pool,representation
time__pool__teammate__10yd__dvy__mean,graph_pool,representation
time__pool__teammate__10yd__dvy__std,graph_pool,representation
time__pool__teammate__10yd__closing_speed__mean,graph_pool,representation
time__pool__teammate__10yd__closing_speed__std,graph_pool,representation
time__pool__teammate__10yd__closest_distance__mean,graph_pool,representation
time__pool__teammate__10yd__closest_distance__std,graph_pool,representation
time__pool__teammate__10yd__ball_distance_advantage__mean,graph_pool,representation
time__pool__teammate__10yd__ball_distance_advantage__std,graph_pool,representation
time__pool__teammate__10yd__heading_alignment__mean,graph_pool,representation
time__pool__teammate__10yd__heading_alignment__std,graph_pool,representation
time__pool__teammate__10yd__age_seconds__mean,graph_pool,representation
time__pool__teammate__10yd__age_seconds__std,graph_pool,representation
time__pool__teammate__10yd__relative_speed__mean,graph_pool,representation
time__pool__teammate__10yd__relative_speed__std,graph_pool,representation
time__pool__teammate__10yd__weight_sum,graph_pool,representation
time__pool__teammate__10yd__effective_neighbours,graph_pool,representation
time__pool__teammate__20yd__dx__mean,graph_pool,representation
time__pool__teammate__20yd__dx__std,graph_pool,representation
time__pool__teammate__20yd__dy__mean,graph_pool,representation
time__pool__teammate__20yd__dy__std,graph_pool,representation
time__pool__teammate__20yd__dvx__mean,graph_pool,representation
time__pool__teammate__20yd__dvx__std,graph_pool,representation
time__pool__teammate__20yd__dvy__mean,graph_pool,representation
time__pool__teammate__20yd__dvy__std,graph_pool,representation
time__pool__teammate__20yd__closing_speed__mean,graph_pool,representation
time__pool__teammate__20yd__closing_speed__std,graph_pool,representation
time__pool__teammate__20yd__closest_distance__mean,graph_pool,representation
time__pool__teammate__20yd__closest_distance__std,graph_pool,representation
time__pool__teammate__20yd__ball_distance_advantage__mean,graph_pool,representation
time__pool__teammate__20yd__ball_distance_advantage__std,graph_pool,representation
time__pool__teammate__20yd__heading_alignment__mean,graph_pool,representation
time__pool__teammate__20yd__heading_alignment__std,graph_pool,representation
time__pool__teammate__20yd__age_seconds__mean,graph_pool,representation
time__pool__teammate__20yd__age_seconds__std,graph_pool,representation
time__pool__teammate__20yd__relative_speed__mean,graph_pool,representation
time__pool__teammate__20yd__relative_speed__std,graph_pool,representation
time__pool__teammate__20yd__weight_sum,graph_pool,representation
time__pool__teammate__20yd__effective_neighbours,graph_pool,representation
time__pool__opponent__2yd__dx__mean,graph_pool,representation
time__pool__opponent__2yd__dx__std,graph_pool,representation
time__pool__opponent__2yd__dy__mean,graph_pool,representation
time__pool__opponent__2yd__dy__std,graph_pool,representation
time__pool__opponent__2yd__dvx__mean,graph_pool,representation
time__pool__opponent__2yd__dvx__std,graph_pool,representation
time__pool__opponent__2yd__dvy__mean,graph_pool,representation
time__pool__opponent__2yd__dvy__std,graph_pool,representation
time__pool__opponent__2yd__closing_speed__mean,graph_pool,representation
time__pool__opponent__2yd__closing_speed__std,graph_pool,representation
time__pool__opponent__2yd__closest_distance__mean,graph_pool,representation
time__pool__opponent__2yd__closest_distance__std,graph_pool,representation
time__pool__opponent__2yd__ball_distance_advantage__mean,graph_pool,representation
time__pool__opponent__2yd__ball_distance_advantage__std,graph_pool,representation
time__pool__opponent__2yd__heading_alignment__mean,graph_pool,representation
time__pool__opponent__2yd__heading_alignment__std,graph_pool,representation
time__pool__opponent__2yd__age_seconds__mean,graph_pool,representation
time__pool__opponent__2yd__age_seconds__std,graph_pool,representation
time__pool__opponent__2yd__relative_speed__mean,graph_pool,representation
time__pool__opponent__2yd__relative_speed__std,graph_pool,representation
time__pool__opponent__2yd__weight_sum,graph_pool,representation
time__pool__opponent__2yd__effective_neighbours,graph_pool,representation
time__pool__opponent__5yd__dx__mean,graph_pool,representation
time__pool__opponent__5yd__dx__std,graph_pool,representation
time__pool__opponent__5yd__dy__mean,graph_pool,representation
time__pool__opponent__5yd__dy__std,graph_pool,representation
time__pool__opponent__5yd__dvx__mean,graph_pool,representation
time__pool__opponent__5yd__dvx__std,graph_pool,representation
time__pool__opponent__5yd__dvy__mean,graph_pool,representation
time__pool__opponent__5yd__dvy__std,graph_pool,representation
time__pool__opponent__5yd__closing_speed__mean,graph_pool,representation
time__pool__opponent__5yd__closing_speed__std,graph_pool,representation
time__pool__opponent__5yd__closest_distance__mean,graph_pool,representation
time__pool__opponent__5yd__closest_distance__std,graph_pool,representation
time__pool__opponent__5yd__ball_distance_advantage__mean,graph_pool,representation
time__pool__opponent__5yd__ball_distance_advantage__std,graph_pool,representation
time__pool__opponent__5yd__heading_alignment__mean,graph_pool,representation
time__pool__opponent__5yd__heading_alignment__std,graph_pool,representation
time__pool__opponent__5yd__age_seconds__mean,graph_pool,representation
time__pool__opponent__5yd__age_seconds__std,graph_pool,representation
time__pool__opponent__5yd__relative_speed__mean,graph_pool,representation
time__pool__opponent__5yd__relative_speed__std,graph_pool,representation
time__pool__opponent__5yd__weight_sum,graph_pool,representation
time__pool__opponent__5yd__effective_neighbours,graph_pool,representation
time__pool__opponent__10yd__dx__mean,graph_pool,representation
time__pool__opponent__10yd__dx__std,graph_pool,representation
time__pool__opponent__10yd__dy__mean,graph_pool,representation
time__pool__opponent__10yd__dy__std,graph_pool,representation
time__pool__opponent__10yd__dvx__mean,graph_pool,representation
time__pool__opponent__10yd__dvx__std,graph_pool,representation
time__pool__opponent__10yd__dvy__mean,graph_pool,representation
time__pool__opponent__10yd__dvy__std,graph_pool,representation
time__pool__opponent__10yd__closing_speed__mean,graph_pool,representation
time__pool__opponent__10yd__closing_speed__std,graph_pool,representation
time__pool__opponent__10yd__closest_distance__mean,graph_pool,representation
time__pool__opponent__10yd__closest_distance__std,graph_pool,representation
time__pool__opponent__10yd__ball_distance_advantage__mean,graph_pool,representation
time__pool__opponent__10yd__ball_distance_advantage__std,graph_pool,representation
time__pool__opponent__10yd__heading_alignment__mean,graph_pool,representation
time__pool__opponent__10yd__heading_alignment__std,graph_pool,representation
time__pool__opponent__10yd__age_seconds__mean,graph_pool,representation
time__pool__opponent__10yd__age_seconds__std,graph_pool,representation
time__pool__opponent__10yd__relative_speed__mean,graph_pool,representation
time__pool__opponent__10yd__relative_speed__std,graph_pool,representation
time__pool__opponent__10yd__weight_sum,graph_pool,representation
time__pool__opponent__10yd__effective_neighbours,graph_pool,representation
time__pool__opponent__20yd__dx__mean,graph_pool,representation
time__pool__opponent__20yd__dx__std,graph_pool,representation
time__pool__opponent__20yd__dy__mean,graph_pool,representation
time__pool__opponent__20yd__dy__std,graph_pool,representation
time__pool__opponent__20yd__dvx__mean,graph_pool,representation
time__pool__opponent__20yd__dvx__std,graph_pool,representation
time__pool__opponent__20yd__dvy__mean,graph_pool,representation
time__pool__opponent__20yd__dvy__std,graph_pool,representation
time__pool__opponent__20yd__closing_speed__mean,graph_pool,representation
time__pool__opponent__20yd__closing_speed__std,graph_pool,representation
time__pool__opponent__20yd__closest_distance__mean,graph_pool,representation
time__pool__opponent__20yd__closest_distance__std,graph_pool,representation
time__pool__opponent__20yd__ball_distance_advantage__mean,graph_pool,representation
time__pool__opponent__20yd__ball_distance_advantage__std,graph_pool,representation
time__pool__opponent__20yd__heading_alignment__mean,graph_pool,representation
time__pool__opponent__20yd__heading_alignment__std,graph_pool,representation
time__pool__opponent__20yd__age_seconds__mean,graph_pool,representation
time__pool__opponent__20yd__age_seconds__std,graph_pool,representation
time__pool__opponent__20yd__relative_speed__mean,graph_pool,representation
time__pool__opponent__20yd__relative_speed__std,graph_pool,representation
time__pool__opponent__20yd__weight_sum,graph_pool,representation
time__pool__opponent__20yd__effective_neighbours,graph_pool,representation
time__destination__ball__dx,role_destination,representation
time__destination__ball__dy,role_destination,representation
time__destination__ball__vx,role_destination,representation
time__destination__ball__vy,role_destination,representation
time__destination__ball__velocity_gap_x,role_destination,representation
time__destination__ball__velocity_gap_y,role_destination,representation
time__destination__ball__ax,role_destination,representation
time__destination__ball__ay,role_destination,representation
time__destination__ball__speed,role_destination,representation
time__destination__ball__alignment,role_destination,representation
time__destination__receiver__dx,role_destination,representation
time__destination__receiver__dy,role_destination,representation
time__destination__receiver__vx,role_destination,representation
time__destination__receiver__vy,role_destination,representation
time__destination__receiver__velocity_gap_x,role_destination,representation
time__destination__receiver__velocity_gap_y,role_destination,representation
time__destination__receiver__ax,role_destination,representation
time__destination__receiver__ay,role_destination,representation
time__destination__receiver__speed,role_destination,representation
time__destination__receiver__alignment,role_destination,representation
time__destination__opponent1__dx,role_destination,representation
time__destination__opponent1__dy,role_destination,representation
time__destination__opponent1__vx,role_destination,representation
time__destination__opponent1__vy,role_destination,representation
time__destination__opponent1__velocity_gap_x,role_destination,representation
time__destination__opponent1__velocity_gap_y,role_destination,representation
time__destination__opponent1__ax,role_destination,representation
time__destination__opponent1__ay,role_destination,representation
time__destination__opponent1__speed,role_destination,representation
time__destination__opponent1__alignment,role_destination,representation
time__route_pc00__score,route_representation,representation
time__route_pc00__square,route_representation,representation
time__route_pc00__coverage,route_representation,representation
time__route_pc00__receiver,route_representation,representation
time__route_pc01__score,route_representation,representation
time__route_pc01__square,route_representation,representation
time__route_pc01__coverage,route_representation,representation
time__route_pc01__receiver,route_representation,representation
time__route_pc02__score,route_representation,representation
time__route_pc02__square,route_representation,representation
time__route_pc02__coverage,route_representation,representation
time__route_pc02__receiver,route_representation,representation
time__route_pc03__score,route_representation,representation
time__route_pc03__square,route_representation,representation
time__route_pc03__coverage,route_representation,representation
time__route_pc03__receiver,route_representation,representation
time__route_pc04__score,route_representation,representation
time__route_pc04__square,route_representation,representation
time__route_pc04__coverage,route_representation,representation
time__route_pc04__receiver,route_representation,representation
time__route_pc05__score,route_representation,representation
time__route_pc05__square,route_representation,representation
time__route_pc05__coverage,route_representation,representation
time__route_pc05__receiver,route_representation,representation
time__route_pc06__score,route_representation,representation
time__route_pc06__square,route_representation,representation
time__route_pc06__coverage,route_representation,representation
time__route_pc06__receiver,route_representation,representation
time__route_pc07__score,route_representation,representation
time__route_pc07__square,route_representation,representation
time__route_pc07__coverage,route_representation,representation
time__route_pc07__receiver,route_representation,representation
time__route_pc08__score,route_representation,representation
time__route_pc08__square,route_representation,representation
time__route_pc08__coverage,route_representation,representation
time__route_pc08__receiver,route_representation,representation
time__route_pc09__score,route_representation,representation
time__route_pc09__square,route_representation,representation
time__route_pc09__coverage,route_representation,representation
time__route_pc09__receiver,route_representation,representation
time__route_pc10__score,route_representation,representation
time__route_pc10__square,route_representation,representation
time__route_pc10__coverage,route_representation,representation
time__route_pc10__receiver,route_representation,representation
time__route_pc11__score,route_representation,representation
time__route_pc11__square,route_representation,representation
time__route_pc11__coverage,route_representation,representation
time__route_pc11__receiver,route_representation,representation
time__route_pc12__score,route_representation,representation
time__route_pc12__square,route_representation,representation
time__route_pc12__coverage,route_representation,representation
time__route_pc12__receiver,route_representation,representation
time__route_pc13__score,route_representation,representation
time__route_pc13__square,route_representation,representation
time__route_pc13__coverage,route_representation,representation
time__route_pc13__receiver,route_representation,representation
time__route_pc14__score,route_representation,representation
time__route_pc14__square,route_representation,representation
time__route_pc14__coverage,route_representation,representation
time__route_pc14__receiver,route_representation,representation
time__route_pc15__score,route_representation,representation
time__route_pc15__square,route_representation,representation
time__route_pc15__coverage,route_representation,representation
time__route_pc15__receiver,route_representation,representation
time__route_cluster00__distance,route_representation,representation
time__route_cluster00__affinity,route_representation,representation
time__route_cluster01__distance,route_representation,representation
time__route_cluster01__affinity,route_representation,representation
time__route_cluster02__distance,route_representation,representation
time__route_cluster02__affinity,route_representation,representation
time__route_cluster03__distance,route_representation,representation
time__route_cluster03__affinity,route_representation,representation
time__route_cluster04__distance,route_representation,representation
time__route_cluster04__affinity,route_representation,representation
time__route_cluster05__distance,route_representation,representation
time__route_cluster05__affinity,route_representation,representation
time__route_cluster06__distance,route_representation,representation
time__route_cluster06__affinity,route_representation,representation
time__route_cluster07__distance,route_representation,representation
time__route_cluster07__affinity,route_representation,representation
fraction__pool__teammate__2yd__dx__mean,graph_pool,representation
fraction__pool__teammate__2yd__dx__std,graph_pool,representation
fraction__pool__teammate__2yd__dy__mean,graph_pool,representation
fraction__pool__teammate__2yd__dy__std,graph_pool,representation
fraction__pool__teammate__2yd__dvx__mean,graph_pool,representation
fraction__pool__teammate__2yd__dvx__std,graph_pool,representation
fraction__pool__teammate__2yd__dvy__mean,graph_pool,representation
fraction__pool__teammate__2yd__dvy__std,graph_pool,representation
fraction__pool__teammate__2yd__closing_speed__mean,graph_pool,representation
fraction__pool__teammate__2yd__closing_speed__std,graph_pool,representation
fraction__pool__teammate__2yd__closest_distance__mean,graph_pool,representation
fraction__pool__teammate__2yd__closest_distance__std,graph_pool,representation
fraction__pool__teammate__2yd__ball_distance_advantage__mean,graph_pool,representation
fraction__pool__teammate__2yd__ball_distance_advantage__std,graph_pool,representation
fraction__pool__teammate__2yd__heading_alignment__mean,graph_pool,representation
fraction__pool__teammate__2yd__heading_alignment__std,graph_pool,representation
fraction__pool__teammate__2yd__age_seconds__mean,graph_pool,representation
fraction__pool__teammate__2yd__age_seconds__std,graph_pool,representation
fraction__pool__teammate__2yd__relative_speed__mean,graph_pool,representation
fraction__pool__teammate__2yd__relative_speed__std,graph_pool,representation
fraction__pool__teammate__2yd__weight_sum,graph_pool,representation
fraction__pool__teammate__2yd__effective_neighbours,graph_pool,representation
fraction__pool__teammate__5yd__dx__mean,graph_pool,representation
fraction__pool__teammate__5yd__dx__std,graph_pool,representation
fraction__pool__teammate__5yd__dy__mean,graph_pool,representation
fraction__pool__teammate__5yd__dy__std,graph_pool,representation
fraction__pool__teammate__5yd__dvx__mean,graph_pool,representation
fraction__pool__teammate__5yd__dvx__std,graph_pool,representation
fraction__pool__teammate__5yd__dvy__mean,graph_pool,representation
fraction__pool__teammate__5yd__dvy__std,graph_pool,representation
fraction__pool__teammate__5yd__closing_speed__mean,graph_pool,representation
fraction__pool__teammate__5yd__closing_speed__std,graph_pool,representation
fraction__pool__teammate__5yd__closest_distance__mean,graph_pool,representation
fraction__pool__teammate__5yd__closest_distance__std,graph_pool,representation
fraction__pool__teammate__5yd__ball_distance_advantage__mean,graph_pool,representation
fraction__pool__teammate__5yd__ball_distance_advantage__std,graph_pool,representation
fraction__pool__teammate__5yd__heading_alignment__mean,graph_pool,representation
fraction__pool__teammate__5yd__heading_alignment__std,graph_pool,representation
fraction__pool__teammate__5yd__age_seconds__mean,graph_pool,representation
fraction__pool__teammate__5yd__age_seconds__std,graph_pool,representation
fraction__pool__teammate__5yd__relative_speed__mean,graph_pool,representation
fraction__pool__teammate__5yd__relative_speed__std,graph_pool,representation
fraction__pool__teammate__5yd__weight_sum,graph_pool,representation
fraction__pool__teammate__5yd__effective_neighbours,graph_pool,representation
fraction__pool__teammate__10yd__dx__mean,graph_pool,representation
fraction__pool__teammate__10yd__dx__std,graph_pool,representation
fraction__pool__teammate__10yd__dy__mean,graph_pool,representation
fraction__pool__teammate__10yd__dy__std,graph_pool,representation
fraction__pool__teammate__10yd__dvx__mean,graph_pool,representation
fraction__pool__teammate__10yd__dvx__std,graph_pool,representation
fraction__pool__teammate__10yd__dvy__mean,graph_pool,representation
fraction__pool__teammate__10yd__dvy__std,graph_pool,representation
fraction__pool__teammate__10yd__closing_speed__mean,graph_pool,representation
fraction__pool__teammate__10yd__closing_speed__std,graph_pool,representation
fraction__pool__teammate__10yd__closest_distance__mean,graph_pool,representation
fraction__pool__teammate__10yd__closest_distance__std,graph_pool,representation
fraction__pool__teammate__10yd__ball_distance_advantage__mean,graph_pool,representation
fraction__pool__teammate__10yd__ball_distance_advantage__std,graph_pool,representation
fraction__pool__teammate__10yd__heading_alignment__mean,graph_pool,representation
fraction__pool__teammate__10yd__heading_alignment__std,graph_pool,representation
fraction__pool__teammate__10yd__age_seconds__mean,graph_pool,representation
fraction__pool__teammate__10yd__age_seconds__std,graph_pool,representation
fraction__pool__teammate__10yd__relative_speed__mean,graph_pool,representation
fraction__pool__teammate__10yd__relative_speed__std,graph_pool,representation
fraction__pool__teammate__10yd__weight_sum,graph_pool,representation
fraction__pool__teammate__10yd__effective_neighbours,graph_pool,representation
fraction__pool__teammate__20yd__dx__mean,graph_pool,representation
fraction__pool__teammate__20yd__dx__std,graph_pool,representation
fraction__pool__teammate__20yd__dy__mean,graph_pool,representation
fraction__pool__teammate__20yd__dy__std,graph_pool,representation
fraction__pool__teammate__20yd__dvx__mean,graph_pool,representation
fraction__pool__teammate__20yd__dvx__std,graph_pool,representation
fraction__pool__teammate__20yd__dvy__mean,graph_pool,representation
fraction__pool__teammate__20yd__dvy__std,graph_pool,representation
fraction__pool__teammate__20yd__closing_speed__mean,graph_pool,representation
fraction__pool__teammate__20yd__closing_speed__std,graph_pool,representation
fraction__pool__teammate__20yd__closest_distance__mean,graph_pool,representation
fraction__pool__teammate__20yd__closest_distance__std,graph_pool,representation
fraction__pool__teammate__20yd__ball_distance_advantage__mean,graph_pool,representation
fraction__pool__teammate__20yd__ball_distance_advantage__std,graph_pool,representation
fraction__pool__teammate__20yd__heading_alignment__mean,graph_pool,representation
fraction__pool__teammate__20yd__heading_alignment__std,graph_pool,representation
fraction__pool__teammate__20yd__age_seconds__mean,graph_pool,representation
fraction__pool__teammate__20yd__age_seconds__std,graph_pool,representation
fraction__pool__teammate__20yd__relative_speed__mean,graph_pool,representation
fraction__pool__teammate__20yd__relative_speed__std,graph_pool,representation
fraction__pool__teammate__20yd__weight_sum,graph_pool,representation
fraction__pool__teammate__20yd__effective_neighbours,graph_pool,representation
fraction__pool__opponent__2yd__dx__mean,graph_pool,representation
fraction__pool__opponent__2yd__dx__std,graph_pool,representation
fraction__pool__opponent__2yd__dy__mean,graph_pool,representation
fraction__pool__opponent__2yd__dy__std,graph_pool,representation
fraction__pool__opponent__2yd__dvx__mean,graph_pool,representation
fraction__pool__opponent__2yd__dvx__std,graph_pool,representation
fraction__pool__opponent__2yd__dvy__mean,graph_pool,representation
fraction__pool__opponent__2yd__dvy__std,graph_pool,representation
fraction__pool__opponent__2yd__closing_speed__mean,graph_pool,representation
fraction__pool__opponent__2yd__closing_speed__std,graph_pool,representation
fraction__pool__opponent__2yd__closest_distance__mean,graph_pool,representation
fraction__pool__opponent__2yd__closest_distance__std,graph_pool,representation
fraction__pool__opponent__2yd__ball_distance_advantage__mean,graph_pool,representation
fraction__pool__opponent__2yd__ball_distance_advantage__std,graph_pool,representation
fraction__pool__opponent__2yd__heading_alignment__mean,graph_pool,representation
fraction__pool__opponent__2yd__heading_alignment__std,graph_pool,representation
fraction__pool__opponent__2yd__age_seconds__mean,graph_pool,representation
fraction__pool__opponent__2yd__age_seconds__std,graph_pool,representation
fraction__pool__opponent__2yd__relative_speed__mean,graph_pool,representation
fraction__pool__opponent__2yd__relative_speed__std,graph_pool,representation
fraction__pool__opponent__2yd__weight_sum,graph_pool,representation
fraction__pool__opponent__2yd__effective_neighbours,graph_pool,representation
fraction__pool__opponent__5yd__dx__mean,graph_pool,representation
fraction__pool__opponent__5yd__dx__std,graph_pool,representation
fraction__pool__opponent__5yd__dy__mean,graph_pool,representation
fraction__pool__opponent__5yd__dy__std,graph_pool,representation
fraction__pool__opponent__5yd__dvx__mean,graph_pool,representation
fraction__pool__opponent__5yd__dvx__std,graph_pool,representation
fraction__pool__opponent__5yd__dvy__mean,graph_pool,representation
fraction__pool__opponent__5yd__dvy__std,graph_pool,representation
fraction__pool__opponent__5yd__closing_speed__mean,graph_pool,representation
fraction__pool__opponent__5yd__closing_speed__std,graph_pool,representation
fraction__pool__opponent__5yd__closest_distance__mean,graph_pool,representation
fraction__pool__opponent__5yd__closest_distance__std,graph_pool,representation
fraction__pool__opponent__5yd__ball_distance_advantage__mean,graph_pool,representation
fraction__pool__opponent__5yd__ball_distance_advantage__std,graph_pool,representation
fraction__pool__opponent__5yd__heading_alignment__mean,graph_pool,representation
fraction__pool__opponent__5yd__heading_alignment__std,graph_pool,representation
fraction__pool__opponent__5yd__age_seconds__mean,graph_pool,representation
fraction__pool__opponent__5yd__age_seconds__std,graph_pool,representation
fraction__pool__opponent__5yd__relative_speed__mean,graph_pool,representation
fraction__pool__opponent__5yd__relative_speed__std,graph_pool,representation
fraction__pool__opponent__5yd__weight_sum,graph_pool,representation
fraction__pool__opponent__5yd__effective_neighbours,graph_pool,representation
fraction__pool__opponent__10yd__dx__mean,graph_pool,representation
fraction__pool__opponent__10yd__dx__std,graph_pool,representation
fraction__pool__opponent__10yd__dy__mean,graph_pool,representation
fraction__pool__opponent__10yd__dy__std,graph_pool,representation
fraction__pool__opponent__10yd__dvx__mean,graph_pool,representation
fraction__pool__opponent__10yd__dvx__std,graph_pool,representation
fraction__pool__opponent__10yd__dvy__mean,graph_pool,representation
fraction__pool__opponent__10yd__dvy__std,graph_pool,representation
fraction__pool__opponent__10yd__closing_speed__mean,graph_pool,representation
fraction__pool__opponent__10yd__closing_speed__std,graph_pool,representation
fraction__pool__opponent__10yd__closest_distance__mean,graph_pool,representation
fraction__pool__opponent__10yd__closest_distance__std,graph_pool,representation
fraction__pool__opponent__10yd__ball_distance_advantage__mean,graph_pool,representation
fraction__pool__opponent__10yd__ball_distance_advantage__std,graph_pool,representation
fraction__pool__opponent__10yd__heading_alignment__mean,graph_pool,representation
fraction__pool__opponent__10yd__heading_alignment__std,graph_pool,representation
fraction__pool__opponent__10yd__age_seconds__mean,graph_pool,representation
fraction__pool__opponent__10yd__age_seconds__std,graph_pool,representation
fraction__pool__opponent__10yd__relative_speed__mean,graph_pool,representation
fraction__pool__opponent__10yd__relative_speed__std,graph_pool,representation
fraction__pool__opponent__10yd__weight_sum,graph_pool,representation
fraction__pool__opponent__10yd__effective_neighbours,graph_pool,representation
fraction__pool__opponent__20yd__dx__mean,graph_pool,representation
fraction__pool__opponent__20yd__dx__std,graph_pool,representation
fraction__pool__opponent__20yd__dy__mean,graph_pool,representation
fraction__pool__opponent__20yd__dy__std,graph_pool,representation
fraction__pool__opponent__20yd__dvx__mean,graph_pool,representation
fraction__pool__opponent__20yd__dvx__std,graph_pool,representation
fraction__pool__opponent__20yd__dvy__mean,graph_pool,representation
fraction__pool__opponent__20yd__dvy__std,graph_pool,representation
fraction__pool__opponent__20yd__closing_speed__mean,graph_pool,representation
fraction__pool__opponent__20yd__closing_speed__std,graph_pool,representation
fraction__pool__opponent__20yd__closest_distance__mean,graph_pool,representation
fraction__pool__opponent__20yd__closest_distance__std,graph_pool,representation
fraction__pool__opponent__20yd__ball_distance_advantage__mean,graph_pool,representation
fraction__pool__opponent__20yd__ball_distance_advantage__std,graph_pool,representation
fraction__pool__opponent__20yd__heading_alignment__mean,graph_pool,representation
fraction__pool__opponent__20yd__heading_alignment__std,graph_pool,representation
fraction__pool__opponent__20yd__age_seconds__mean,graph_pool,representation
fraction__pool__opponent__20yd__age_seconds__std,graph_pool,representation
fraction__pool__opponent__20yd__relative_speed__mean,graph_pool,representation
fraction__pool__opponent__20yd__relative_speed__std,graph_pool,representation
fraction__pool__opponent__20yd__weight_sum,graph_pool,representation
fraction__pool__opponent__20yd__effective_neighbours,graph_pool,representation
fraction__destination__ball__dx,role_destination,representation
fraction__destination__ball__dy,role_destination,representation
fraction__destination__ball__vx,role_destination,representation
fraction__destination__ball__vy,role_destination,representation
fraction__destination__ball__velocity_gap_x,role_destination,representation
fraction__destination__ball__velocity_gap_y,role_destination,representation
fraction__destination__ball__ax,role_destination,representation
fraction__destination__ball__ay,role_destination,representation
fraction__destination__ball__speed,role_destination,representation
fraction__destination__ball__alignment,role_destination,representation
fraction__destination__receiver__dx,role_destination,representation
fraction__destination__receiver__dy,role_destination,representation
fraction__destination__receiver__vx,role_destination,representation
fraction__destination__receiver__vy,role_destination,representation
fraction__destination__receiver__velocity_gap_x,role_destination,representation
fraction__destination__receiver__velocity_gap_y,role_destination,representation
fraction__destination__receiver__ax,role_destination,representation
fraction__destination__receiver__ay,role_destination,representation
fraction__destination__receiver__speed,role_destination,representation
fraction__destination__receiver__alignment,role_destination,representation
fraction__destination__opponent1__dx,role_destination,representation
fraction__destination__opponent1__dy,role_destination,representation
fraction__destination__opponent1__vx,role_destination,representation
fraction__destination__opponent1__vy,role_destination,representation
fraction__destination__opponent1__velocity_gap_x,role_destination,representation
fraction__destination__opponent1__velocity_gap_y,role_destination,representation
fraction__destination__opponent1__ax,role_destination,representation
fraction__destination__opponent1__ay,role_destination,representation
fraction__destination__opponent1__speed,role_destination,representation
fraction__destination__opponent1__alignment,role_destination,representation
fraction__route_pc00__score,route_representation,representation
fraction__route_pc00__square,route_representation,representation
fraction__route_pc00__coverage,route_representation,representation
fraction__route_pc00__receiver,route_representation,representation
fraction__route_pc01__score,route_representation,representation
fraction__route_pc01__square,route_representation,representation
fraction__route_pc01__coverage,route_representation,representation
fraction__route_pc01__receiver,route_representation,representation
fraction__route_pc02__score,route_representation,representation
fraction__route_pc02__square,route_representation,representation
fraction__route_pc02__coverage,route_representation,representation
fraction__route_pc02__receiver,route_representation,representation
fraction__route_pc03__score,route_representation,representation
fraction__route_pc03__square,route_representation,representation
fraction__route_pc03__coverage,route_representation,representation
fraction__route_pc03__receiver,route_representation,representation
fraction__route_pc04__score,route_representation,representation
fraction__route_pc04__square,route_representation,representation
fraction__route_pc04__coverage,route_representation,representation
fraction__route_pc04__receiver,route_representation,representation
fraction__route_pc05__score,route_representation,representation
fraction__route_pc05__square,route_representation,representation
fraction__route_pc05__coverage,route_representation,representation
fraction__route_pc05__receiver,route_representation,representation
fraction__route_pc06__score,route_representation,representation
fraction__route_pc06__square,route_representation,representation
fraction__route_pc06__coverage,route_representation,representation
fraction__route_pc06__receiver,route_representation,representation
fraction__route_pc07__score,route_representation,representation
fraction__route_pc07__square,route_representation,representation
fraction__route_pc07__coverage,route_representation,representation
fraction__route_pc07__receiver,route_representation,representation
fraction__route_pc08__score,route_representation,representation
fraction__route_pc08__square,route_representation,representation
fraction__route_pc08__coverage,route_representation,representation
fraction__route_pc08__receiver,route_representation,representation
fraction__route_pc09__score,route_representation,representation
fraction__route_pc09__square,route_representation,representation
fraction__route_pc09__coverage,route_representation,representation
fraction__route_pc09__receiver,route_representation,representation
fraction__route_pc10__score,route_representation,representation
fraction__route_pc10__square,route_representation,representation
fraction__route_pc10__coverage,route_representation,representation
fraction__route_pc10__receiver,route_representation,representation
fraction__route_pc11__score,route_representation,representation
fraction__route_pc11__square,route_representation,representation
fraction__route_pc11__coverage,route_representation,representation
fraction__route_pc11__receiver,route_representation,representation
fraction__route_pc12__score,route_representation,representation
fraction__route_pc12__square,route_representation,representation
fraction__route_pc12__coverage,route_representation,representation
fraction__route_pc12__receiver,route_representation,representation
fraction__route_pc13__score,route_representation,representation
fraction__route_pc13__square,route_representation,representation
fraction__route_pc13__coverage,route_representation,representation
fraction__route_pc13__receiver,route_representation,representation
fraction__route_pc14__score,route_representation,representation
fraction__route_pc14__square,route_representation,representation
fraction__route_pc14__coverage,route_representation,representation
fraction__route_pc14__receiver,route_representation,representation
fraction__route_pc15__score,route_representation,representation
fraction__route_pc15__square,route_representation,representation
fraction__route_pc15__coverage,route_representation,representation
fraction__route_pc15__receiver,route_representation,representation
fraction__route_cluster00__distance,route_representation,representation
fraction__route_cluster00__affinity,route_representation,representation
fraction__route_cluster01__distance,route_representation,representation
fraction__route_cluster01__affinity,route_representation,representation
fraction__route_cluster02__distance,route_representation,representation
fraction__route_cluster02__affinity,route_representation,representation
fraction__route_cluster03__distance,route_representation,representation
fraction__route_cluster03__affinity,route_representation,representation
fraction__route_cluster04__distance,route_representation,representation
fraction__route_cluster04__affinity,route_representation,representation
fraction__route_cluster05__distance,route_representation,representation
fraction__route_cluster05__affinity,route_representation,representation
fraction__route_cluster06__distance,route_representation,representation
fraction__route_cluster06__affinity,route_representation,representation
fraction__route_cluster07__distance,route_representation,representation
fraction__route_cluster07__affinity,route_representation,representation
fraction_squared__pool__teammate__2yd__dx__mean,graph_pool,representation
fraction_squared__pool__teammate__2yd__dx__std,graph_pool,representation
fraction_squared__pool__teammate__2yd__dy__mean,graph_pool,representation
fraction_squared__pool__teammate__2yd__dy__std,graph_pool,representation
fraction_squared__pool__teammate__2yd__dvx__mean,graph_pool,representation
fraction_squared__pool__teammate__2yd__dvx__std,graph_pool,representation
fraction_squared__pool__teammate__2yd__dvy__mean,graph_pool,representation
fraction_squared__pool__teammate__2yd__dvy__std,graph_pool,representation
fraction_squared__pool__teammate__2yd__closing_speed__mean,graph_pool,representation
fraction_squared__pool__teammate__2yd__closing_speed__std,graph_pool,representation
fraction_squared__pool__teammate__2yd__closest_distance__mean,graph_pool,representation
fraction_squared__pool__teammate__2yd__closest_distance__std,graph_pool,representation
fraction_squared__pool__teammate__2yd__ball_distance_advantage__mean,graph_pool,representation
fraction_squared__pool__teammate__2yd__ball_distance_advantage__std,graph_pool,representation
fraction_squared__pool__teammate__2yd__heading_alignment__mean,graph_pool,representation
fraction_squared__pool__teammate__2yd__heading_alignment__std,graph_pool,representation
fraction_squared__pool__teammate__2yd__age_seconds__mean,graph_pool,representation
fraction_squared__pool__teammate__2yd__age_seconds__std,graph_pool,representation
fraction_squared__pool__teammate__2yd__relative_speed__mean,graph_pool,representation
fraction_squared__pool__teammate__2yd__relative_speed__std,graph_pool,representation
fraction_squared__pool__teammate__2yd__weight_sum,graph_pool,representation
fraction_squared__pool__teammate__2yd__effective_neighbours,graph_pool,representation
fraction_squared__pool__teammate__5yd__dx__mean,graph_pool,representation
fraction_squared__pool__teammate__5yd__dx__std,graph_pool,representation
fraction_squared__pool__teammate__5yd__dy__mean,graph_pool,representation
fraction_squared__pool__teammate__5yd__dy__std,graph_pool,representation
fraction_squared__pool__teammate__5yd__dvx__mean,graph_pool,representation
fraction_squared__pool__teammate__5yd__dvx__std,graph_pool,representation
fraction_squared__pool__teammate__5yd__dvy__mean,graph_pool,representation
fraction_squared__pool__teammate__5yd__dvy__std,graph_pool,representation
fraction_squared__pool__teammate__5yd__closing_speed__mean,graph_pool,representation
fraction_squared__pool__teammate__5yd__closing_speed__std,graph_pool,representation
fraction_squared__pool__teammate__5yd__closest_distance__mean,graph_pool,representation
fraction_squared__pool__teammate__5yd__closest_distance__std,graph_pool,representation
fraction_squared__pool__teammate__5yd__ball_distance_advantage__mean,graph_pool,representation
fraction_squared__pool__teammate__5yd__ball_distance_advantage__std,graph_pool,representation
fraction_squared__pool__teammate__5yd__heading_alignment__mean,graph_pool,representation
fraction_squared__pool__teammate__5yd__heading_alignment__std,graph_pool,representation
fraction_squared__pool__teammate__5yd__age_seconds__mean,graph_pool,representation
fraction_squared__pool__teammate__5yd__age_seconds__std,graph_pool,representation
fraction_squared__pool__teammate__5yd__relative_speed__mean,graph_pool,representation
fraction_squared__pool__teammate__5yd__relative_speed__std,graph_pool,representation
fraction_squared__pool__teammate__5yd__weight_sum,graph_pool,representation
fraction_squared__pool__teammate__5yd__effective_neighbours,graph_pool,representation
fraction_squared__pool__teammate__10yd__dx__mean,graph_pool,representation
fraction_squared__pool__teammate__10yd__dx__std,graph_pool,representation
fraction_squared__pool__teammate__10yd__dy__mean,graph_pool,representation
fraction_squared__pool__teammate__10yd__dy__std,graph_pool,representation
fraction_squared__pool__teammate__10yd__dvx__mean,graph_pool,representation
fraction_squared__pool__teammate__10yd__dvx__std,graph_pool,representation
fraction_squared__pool__teammate__10yd__dvy__mean,graph_pool,representation
fraction_squared__pool__teammate__10yd__dvy__std,graph_pool,representation
fraction_squared__pool__teammate__10yd__closing_speed__mean,graph_pool,representation
fraction_squared__pool__teammate__10yd__closing_speed__std,graph_pool,representation
fraction_squared__pool__teammate__10yd__closest_distance__mean,graph_pool,representation
fraction_squared__pool__teammate__10yd__closest_distance__std,graph_pool,representation
fraction_squared__pool__teammate__10yd__ball_distance_advantage__mean,graph_pool,representation
fraction_squared__pool__teammate__10yd__ball_distance_advantage__std,graph_pool,representation
fraction_squared__pool__teammate__10yd__heading_alignment__mean,graph_pool,representation
fraction_squared__pool__teammate__10yd__heading_alignment__std,graph_pool,representation
fraction_squared__pool__teammate__10yd__age_seconds__mean,graph_pool,representation
fraction_squared__pool__teammate__10yd__age_seconds__std,graph_pool,representation
fraction_squared__pool__teammate__10yd__relative_speed__mean,graph_pool,representation
fraction_squared__pool__teammate__10yd__relative_speed__std,graph_pool,representation
fraction_squared__pool__teammate__10yd__weight_sum,graph_pool,representation
fraction_squared__pool__teammate__10yd__effective_neighbours,graph_pool,representation
fraction_squared__pool__teammate__20yd__dx__mean,graph_pool,representation
fraction_squared__pool__teammate__20yd__dx__std,graph_pool,representation
fraction_squared__pool__teammate__20yd__dy__mean,graph_pool,representation
fraction_squared__pool__teammate__20yd__dy__std,graph_pool,representation
fraction_squared__pool__teammate__20yd__dvx__mean,graph_pool,representation
fraction_squared__pool__teammate__20yd__dvx__std,graph_pool,representation
fraction_squared__pool__teammate__20yd__dvy__mean,graph_pool,representation
fraction_squared__pool__teammate__20yd__dvy__std,graph_pool,representation
fraction_squared__pool__teammate__20yd__closing_speed__mean,graph_pool,representation
fraction_squared__pool__teammate__20yd__closing_speed__std,graph_pool,representation
fraction_squared__pool__teammate__20yd__closest_distance__mean,graph_pool,representation
fraction_squared__pool__teammate__20yd__closest_distance__std,graph_pool,representation
fraction_squared__pool__teammate__20yd__ball_distance_advantage__mean,graph_pool,representation
fraction_squared__pool__teammate__20yd__ball_distance_advantage__std,graph_pool,representation
fraction_squared__pool__teammate__20yd__heading_alignment__mean,graph_pool,representation
fraction_squared__pool__teammate__20yd__heading_alignment__std,graph_pool,representation
fraction_squared__pool__teammate__20yd__age_seconds__mean,graph_pool,representation
fraction_squared__pool__teammate__20yd__age_seconds__std,graph_pool,representation
fraction_squared__pool__teammate__20yd__relative_speed__mean,graph_pool,representation
fraction_squared__pool__teammate__20yd__relative_speed__std,graph_pool,representation
fraction_squared__pool__teammate__20yd__weight_sum,graph_pool,representation
fraction_squared__pool__teammate__20yd__effective_neighbours,graph_pool,representation
fraction_squared__pool__opponent__2yd__dx__mean,graph_pool,representation
fraction_squared__pool__opponent__2yd__dx__std,graph_pool,representation
fraction_squared__pool__opponent__2yd__dy__mean,graph_pool,representation
fraction_squared__pool__opponent__2yd__dy__std,graph_pool,representation
fraction_squared__pool__opponent__2yd__dvx__mean,graph_pool,representation
fraction_squared__pool__opponent__2yd__dvx__std,graph_pool,representation
fraction_squared__pool__opponent__2yd__dvy__mean,graph_pool,representation
fraction_squared__pool__opponent__2yd__dvy__std,graph_pool,representation
fraction_squared__pool__opponent__2yd__closing_speed__mean,graph_pool,representation
fraction_squared__pool__opponent__2yd__closing_speed__std,graph_pool,representation
fraction_squared__pool__opponent__2yd__closest_distance__mean,graph_pool,representation
fraction_squared__pool__opponent__2yd__closest_distance__std,graph_pool,representation
fraction_squared__pool__opponent__2yd__ball_distance_advantage__mean,graph_pool,representation
fraction_squared__pool__opponent__2yd__ball_distance_advantage__std,graph_pool,representation
fraction_squared__pool__opponent__2yd__heading_alignment__mean,graph_pool,representation
fraction_squared__pool__opponent__2yd__heading_alignment__std,graph_pool,representation
fraction_squared__pool__opponent__2yd__age_seconds__mean,graph_pool,representation
fraction_squared__pool__opponent__2yd__age_seconds__std,graph_pool,representation
fraction_squared__pool__opponent__2yd__relative_speed__mean,graph_pool,representation
fraction_squared__pool__opponent__2yd__relative_speed__std,graph_pool,representation
fraction_squared__pool__opponent__2yd__weight_sum,graph_pool,representation
fraction_squared__pool__opponent__2yd__effective_neighbours,graph_pool,representation
fraction_squared__pool__opponent__5yd__dx__mean,graph_pool,representation
fraction_squared__pool__opponent__5yd__dx__std,graph_pool,representation
fraction_squared__pool__opponent__5yd__dy__mean,graph_pool,representation
fraction_squared__pool__opponent__5yd__dy__std,graph_pool,representation
fraction_squared__pool__opponent__5yd__dvx__mean,graph_pool,representation
fraction_squared__pool__opponent__5yd__dvx__std,graph_pool,representation
fraction_squared__pool__opponent__5yd__dvy__mean,graph_pool,representation
fraction_squared__pool__opponent__5yd__dvy__std,graph_pool,representation
fraction_squared__pool__opponent__5yd__closing_speed__mean,graph_pool,representation
fraction_squared__pool__opponent__5yd__closing_speed__std,graph_pool,representation
fraction_squared__pool__opponent__5yd__closest_distance__mean,graph_pool,representation
fraction_squared__pool__opponent__5yd__closest_distance__std,graph_pool,representation
fraction_squared__pool__opponent__5yd__ball_distance_advantage__mean,graph_pool,representation
fraction_squared__pool__opponent__5yd__ball_distance_advantage__std,graph_pool,representation
fraction_squared__pool__opponent__5yd__heading_alignment__mean,graph_pool,representation
fraction_squared__pool__opponent__5yd__heading_alignment__std,graph_pool,representation
fraction_squared__pool__opponent__5yd__age_seconds__mean,graph_pool,representation
fraction_squared__pool__opponent__5yd__age_seconds__std,graph_pool,representation
fraction_squared__pool__opponent__5yd__relative_speed__mean,graph_pool,representation
fraction_squared__pool__opponent__5yd__relative_speed__std,graph_pool,representation
fraction_squared__pool__opponent__5yd__weight_sum,graph_pool,representation
fraction_squared__pool__opponent__5yd__effective_neighbours,graph_pool,representation
fraction_squared__pool__opponent__10yd__dx__mean,graph_pool,representation
fraction_squared__pool__opponent__10yd__dx__std,graph_pool,representation
fraction_squared__pool__opponent__10yd__dy__mean,graph_pool,representation
fraction_squared__pool__opponent__10yd__dy__std,graph_pool,representation
fraction_squared__pool__opponent__10yd__dvx__mean,graph_pool,representation
fraction_squared__pool__opponent__10yd__dvx__std,graph_pool,representation
fraction_squared__pool__opponent__10yd__dvy__mean,graph_pool,representation
fraction_squared__pool__opponent__10yd__dvy__std,graph_pool,representation
fraction_squared__pool__opponent__10yd__closing_speed__mean,graph_pool,representation
fraction_squared__pool__opponent__10yd__closing_speed__std,graph_pool,representation
fraction_squared__pool__opponent__10yd__closest_distance__mean,graph_pool,representation
fraction_squared__pool__opponent__10yd__closest_distance__std,graph_pool,representation
fraction_squared__pool__opponent__10yd__ball_distance_advantage__mean,graph_pool,representation
fraction_squared__pool__opponent__10yd__ball_distance_advantage__std,graph_pool,representation
fraction_squared__pool__opponent__10yd__heading_alignment__mean,graph_pool,representation
fraction_squared__pool__opponent__10yd__heading_alignment__std,graph_pool,representation
fraction_squared__pool__opponent__10yd__age_seconds__mean,graph_pool,representation
fraction_squared__pool__opponent__10yd__age_seconds__std,graph_pool,representation
fraction_squared__pool__opponent__10yd__relative_speed__mean,graph_pool,representation
fraction_squared__pool__opponent__10yd__relative_speed__std,graph_pool,representation
fraction_squared__pool__opponent__10yd__weight_sum,graph_pool,representation
fraction_squared__pool__opponent__10yd__effective_neighbours,graph_pool,representation
fraction_squared__pool__opponent__20yd__dx__mean,graph_pool,representation
fraction_squared__pool__opponent__20yd__dx__std,graph_pool,representation
fraction_squared__pool__opponent__20yd__dy__mean,graph_pool,representation
fraction_squared__pool__opponent__20yd__dy__std,graph_pool,representation
fraction_squared__pool__opponent__20yd__dvx__mean,graph_pool,representation
fraction_squared__pool__opponent__20yd__dvx__std,graph_pool,representation
fraction_squared__pool__opponent__20yd__dvy__mean,graph_pool,representation
fraction_squared__pool__opponent__20yd__dvy__std,graph_pool,representation
fraction_squared__pool__opponent__20yd__closing_speed__mean,graph_pool,representation
fraction_squared__pool__opponent__20yd__closing_speed__std,graph_pool,representation
fraction_squared__pool__opponent__20yd__closest_distance__mean,graph_pool,representation
fraction_squared__pool__opponent__20yd__closest_distance__std,graph_pool,representation
fraction_squared__pool__opponent__20yd__ball_distance_advantage__mean,graph_pool,representation
fraction_squared__pool__opponent__20yd__ball_distance_advantage__std,graph_pool,representation
fraction_squared__pool__opponent__20yd__heading_alignment__mean,graph_pool,representation
fraction_squared__pool__opponent__20yd__heading_alignment__std,graph_pool,representation
fraction_squared__pool__opponent__20yd__age_seconds__mean,graph_pool,representation
fraction_squared__pool__opponent__20yd__age_seconds__std,graph_pool,representation
fraction_squared__pool__opponent__20yd__relative_speed__mean,graph_pool,representation
fraction_squared__pool__opponent__20yd__relative_speed__std,graph_pool,representation
fraction_squared__pool__opponent__20yd__weight_sum,graph_pool,representation
fraction_squared__pool__opponent__20yd__effective_neighbours,graph_pool,representation
fraction_squared__destination__ball__dx,role_destination,representation
fraction_squared__destination__ball__dy,role_destination,representation
fraction_squared__destination__ball__vx,role_destination,representation
fraction_squared__destination__ball__vy,role_destination,representation
fraction_squared__destination__ball__velocity_gap_x,role_destination,representation
fraction_squared__destination__ball__velocity_gap_y,role_destination,representation
fraction_squared__destination__ball__ax,role_destination,representation
fraction_squared__destination__ball__ay,role_destination,representation
fraction_squared__destination__ball__speed,role_destination,representation
fraction_squared__destination__ball__alignment,role_destination,representation
fraction_squared__destination__receiver__dx,role_destination,representation
fraction_squared__destination__receiver__dy,role_destination,representation
fraction_squared__destination__receiver__vx,role_destination,representation
fraction_squared__destination__receiver__vy,role_destination,representation
fraction_squared__destination__receiver__velocity_gap_x,role_destination,representation
fraction_squared__destination__receiver__velocity_gap_y,role_destination,representation
fraction_squared__destination__receiver__ax,role_destination,representation
fraction_squared__destination__receiver__ay,role_destination,representation
fraction_squared__destination__receiver__speed,role_destination,representation
fraction_squared__destination__receiver__alignment,role_destination,representation
fraction_squared__destination__opponent1__dx,role_destination,representation
fraction_squared__destination__opponent1__dy,role_destination,representation
fraction_squared__destination__opponent1__vx,role_destination,representation
fraction_squared__destination__opponent1__vy,role_destination,representation
fraction_squared__destination__opponent1__velocity_gap_x,role_destination,representation
fraction_squared__destination__opponent1__velocity_gap_y,role_destination,representation
fraction_squared__destination__opponent1__ax,role_destination,representation
fraction_squared__destination__opponent1__ay,role_destination,representation
fraction_squared__destination__opponent1__speed,role_destination,representation
fraction_squared__destination__opponent1__alignment,role_destination,representation
fraction_squared__route_pc00__score,route_representation,representation
fraction_squared__route_pc00__square,route_representation,representation
fraction_squared__route_pc00__coverage,route_representation,representation
fraction_squared__route_pc00__receiver,route_representation,representation
fraction_squared__route_pc01__score,route_representation,representation
fraction_squared__route_pc01__square,route_representation,representation
fraction_squared__route_pc01__coverage,route_representation,representation
fraction_squared__route_pc01__receiver,route_representation,representation
fraction_squared__route_pc02__score,route_representation,representation
fraction_squared__route_pc02__square,route_representation,representation
fraction_squared__route_pc02__coverage,route_representation,representation
fraction_squared__route_pc02__receiver,route_representation,representation
fraction_squared__route_pc03__score,route_representation,representation
fraction_squared__route_pc03__square,route_representation,representation
fraction_squared__route_pc03__coverage,route_representation,representation
fraction_squared__route_pc03__receiver,route_representation,representation
fraction_squared__route_pc04__score,route_representation,representation
fraction_squared__route_pc04__square,route_representation,representation
fraction_squared__route_pc04__coverage,route_representation,representation
fraction_squared__route_pc04__receiver,route_representation,representation
fraction_squared__route_pc05__score,route_representation,representation
fraction_squared__route_pc05__square,route_representation,representation
fraction_squared__route_pc05__coverage,route_representation,representation
fraction_squared__route_pc05__receiver,route_representation,representation
fraction_squared__route_pc06__score,route_representation,representation
fraction_squared__route_pc06__square,route_representation,representation
fraction_squared__route_pc06__coverage,route_representation,representation
fraction_squared__route_pc06__receiver,route_representation,representation
fraction_squared__route_pc07__score,route_representation,representation
fraction_squared__route_pc07__square,route_representation,representation
fraction_squared__route_pc07__coverage,route_representation,representation
fraction_squared__route_pc07__receiver,route_representation,representation
fraction_squared__route_pc08__score,route_representation,representation
fraction_squared__route_pc08__square,route_representation,representation
fraction_squared__route_pc08__coverage,route_representation,representation
fraction_squared__route_pc08__receiver,route_representation,representation
fraction_squared__route_pc09__score,route_representation,representation
fraction_squared__route_pc09__square,route_representation,representation
fraction_squared__route_pc09__coverage,route_representation,representation
fraction_squared__route_pc09__receiver,route_representation,representation
fraction_squared__route_pc10__score,route_representation,representation
fraction_squared__route_pc10__square,route_representation,representation
fraction_squared__route_pc10__coverage,route_representation,representation
fraction_squared__route_pc10__receiver,route_representation,representation
fraction_squared__route_pc11__score,route_representation,representation
fraction_squared__route_pc11__square,route_representation,representation
fraction_squared__route_pc11__coverage,route_representation,representation
fraction_squared__route_pc11__receiver,route_representation,representation
fraction_squared__route_pc12__score,route_representation,representation
fraction_squared__route_pc12__square,route_representation,representation
fraction_squared__route_pc12__coverage,route_representation,representation
fraction_squared__route_pc12__receiver,route_representation,representation
fraction_squared__route_pc13__score,route_representation,representation
fraction_squared__route_pc13__square,route_representation,representation
fraction_squared__route_pc13__coverage,route_representation,representation
fraction_squared__route_pc13__receiver,route_representation,representation
fraction_squared__route_pc14__score,route_representation,representation
fraction_squared__route_pc14__square,route_representation,representation
fraction_squared__route_pc14__coverage,route_representation,representation
fraction_squared__route_pc14__receiver,route_representation,representation
fraction_squared__route_pc15__score,route_representation,representation
fraction_squared__route_pc15__square,route_representation,representation
fraction_squared__route_pc15__coverage,route_representation,representation
fraction_squared__route_pc15__receiver,route_representation,representation
fraction_squared__route_cluster00__distance,route_representation,representation
fraction_squared__route_cluster00__affinity,route_representation,representation
fraction_squared__route_cluster01__distance,route_representation,representation
fraction_squared__route_cluster01__affinity,route_representation,representation
fraction_squared__route_cluster02__distance,route_representation,representation
fraction_squared__route_cluster02__affinity,route_representation,representation
fraction_squared__route_cluster03__distance,route_representation,representation
fraction_squared__route_cluster03__affinity,route_representation,representation
fraction_squared__route_cluster04__distance,route_representation,representation
fraction_squared__route_cluster04__affinity,route_representation,representation
fraction_squared__route_cluster05__distance,route_representation,representation
fraction_squared__route_cluster05__affinity,route_representation,representation
fraction_squared__route_cluster06__distance,route_representation,representation
fraction_squared__route_cluster06__affinity,route_representation,representation
fraction_squared__route_cluster07__distance,route_representation,representation
fraction_squared__route_cluster07__affinity,route_representation,representation
